2024-12-08 14:25:24.519 [main] INFO  com.rs.mv.mvvs.Startup - [LSP:100101]ROCKET MV BASIC EXTENSION to start
2024-12-08 14:25:25.084 [main] INFO  com.rs.mv.mvvs.lsp.server.BasicLanguageServerLauncher - [LSP:100102]start pip server
2024-12-08 14:25:25.678 [main] INFO  com.rs.mv.mvvs.lsp.server.BasicLanguageServerLauncher - [LSP:100103]ROCKET MV BASIC EXTENSION start successful
2024-12-08 14:25:26.284 [pool-3-thread-1] INFO  com.rs.mv.mvvs.instance.workspace.WorkspaceManager - [workspace:200101]load all workspace folders start
2024-12-08 14:25:26.285 [pool-3-thread-1] INFO  com.rs.mv.mvvs.instance.workspace.WorkspaceManager - [workspace:20010201]root uri: file:///c%3A/xampp/htdocs/Web_Denamique_TPs/Projet_Pharmcie
2024-12-08 14:25:26.287 [pool-3-thread-1] INFO  com.rs.mv.mvvs.instance.workspace.handler.FolderHandler - [workspace:200103]workspace contains workspace folder: file:///c%3A/xampp/htdocs/Web_Denamique_TPs/Projet_Pharmcie
2024-12-08 14:25:26.453 [pool-3-thread-1] INFO  com.rs.mv.mvvs.instance.workspace.handler.FolderHandler - [workspace:200104]workspace folder will be cached: file:///c%3A/xampp/htdocs/Web_Denamique_TPs/Projet_Pharmcie
2024-12-08 14:25:26.455 [pool-3-thread-1] INFO  com.rs.mv.mvvs.rmv.config.Config - [framework:30010101]config load start
2024-12-08 14:25:26.458 [pool-3-thread-1] INFO  com.rs.mv.mvvs.rmv.config.Config - [framework:30010102]project config path is : C:/xampp/htdocs/Web_Denamique_TPs/Projet_Pharmcie/.rmv/config
2024-12-08 14:25:26.459 [pool-3-thread-1] INFO  com.rs.mv.mvvs.rmv.config.Config - [framework:30010103]resource config path is : /
2024-12-08 14:25:26.459 [pool-3-thread-1] INFO  com.rs.mv.mvvs.rmv.config.Config - [framework:30010104]user config path is : C:/Users/lenovo
2024-12-08 14:25:26.572 [pool-3-thread-1] INFO  com.rs.mv.mvvs.rmv.config.Config - [framework:30010105]config load end
2024-12-08 14:25:26.577 [pool-3-thread-1] INFO  com.rs.mv.mvvs.rmv.documentation.BasicDocumentation - [framework:30020101]documentation load start
2024-12-08 14:25:26.579 [pool-3-thread-1] INFO  com.rs.mv.mvvs.rmv.documentation.reader.SystemDocReader - [framework:30020102]system documentation path: /documentation/UNIVERSE/
2024-12-08 14:25:26.585 [pool-3-thread-1] INFO  com.rs.mv.mvvs.rmv.documentation.reader.ProjectDocReader - [framework:30020103]project documentation brief file: C:\xampp\htdocs\Web_Denamique_TPs\Projet_Pharmcie\.rmv\documentation\UNIVERSE\custom.json
2024-12-08 14:25:26.588 [pool-3-thread-1] INFO  com.rs.mv.mvvs.rmv.documentation.reader.UserDocReader - [framework:30020104]user documentation brief file: C:\Users\lenovo\documentation\UNIVERSE\custom.json
2024-12-08 14:25:27.583 [pool-3-thread-1] INFO  com.rs.mv.mvvs.rmv.documentation.BasicDocumentation - [framework:30020105]documentation load end
2024-12-08 14:25:27.610 [pool-3-thread-1] INFO  com.rs.mv.mvvs.common.convertor.ConvertorManager - [framework:30030101]convertors for folder(C:/xampp/htdocs/Web_Denamique_TPs/Projet_Pharmcie) load start
2024-12-08 14:25:27.633 [pool-3-thread-1] INFO  com.rs.mv.mvvs.common.convertor.ConvertorManager - [framework:30030102]comment convertor load finish
2024-12-08 14:25:29.890 [pool-3-thread-1] INFO  com.rs.mv.mvvs.common.convertor.ConvertorManager - [framework:30030103]keyword convertor load finish
2024-12-08 14:25:29.902 [pool-3-thread-1] INFO  com.rs.mv.mvvs.common.convertor.ConvertorManager - [framework:30030104]operator convertor load finish
2024-12-08 14:25:29.906 [pool-3-thread-1] INFO  com.rs.mv.mvvs.common.convertor.ConvertorManager - [framework:30030105]function name convertor load finish
2024-12-08 14:25:29.909 [pool-3-thread-1] INFO  com.rs.mv.mvvs.common.convertor.ConvertorManager - [framework:30030106]atVariable convertor load finish
2024-12-08 14:25:29.910 [pool-3-thread-1] INFO  com.rs.mv.mvvs.common.convertor.ConvertorManager - [framework:30030107]convertors for folder(C:/xampp/htdocs/Web_Denamique_TPs/Projet_Pharmcie) load end
2024-12-08 14:25:29.933 [pool-3-thread-1] INFO  com.rs.mv.mvvs.rmv.config.CapabilityConfig - [framework:30010301]capabilities file(C:/xampp/htdocs/Web_Denamique_TPs/Projet_Pharmcie/config/capability) doesn't exist or read error, default config will take effect
2024-12-08 14:25:29.934 [pool-3-thread-1] INFO  com.rs.mv.mvvs.instance.workspace.WorkspaceManager - [workspace:200105]load all workspace folders successful
2024-12-08 14:25:30.019 [pool-3-thread-1] INFO  com.rs.mv.mvvs.client.account.AccountManager - [client:40010101]load account manager start
2024-12-08 14:25:30.168 [pool-3-thread-1] INFO  com.rs.mv.mvvs.client.account.handler.CacheAccountHandler - [client:40010102]load cache account: 
2024-12-08 14:25:30.179 [pool-3-thread-1] INFO  com.rs.mv.mvvs.client.account.handler.ExternalAccountHandler - [client:40010103]load external account: 
2024-12-08 14:25:49.071 [pool-3-thread-1] INFO  com.rs.mv.mvvs.client.catalog.manager.U2CatalogManager - [client:400203]cache file auto update thread launch in Projet_Pharmcie account
2024-12-08 14:25:49.158 [pool-3-thread-1] INFO  com.rs.mv.mvvs.client.catalog.from.config.DirsConfigReader - [client:400206]parse dir config information
2024-12-08 14:25:49.164 [pool-3-thread-1] INFO  com.rs.mv.mvvs.client.catalog.from.config.MappingConfigReader - [client:400207]parse mapping config information
2024-12-08 14:25:49.170 [pool-3-thread-1] INFO  com.rs.mv.mvvs.client.catalog.manager.U2CatalogManager - [client:400202]start a schedule task to get global/local catalog for Projet_Pharmcie, its period 5s 
2024-12-08 14:25:49.171 [pool-3-thread-1] INFO  com.rs.mv.mvvs.client.catalog.manager.U2CatalogManager - [client:400203]cache file auto update thread launch in .git account
2024-12-08 14:25:49.172 [pool-3-thread-1] INFO  com.rs.mv.mvvs.client.catalog.from.config.DirsConfigReader - [client:400206]parse dir config information
2024-12-08 14:25:49.175 [pool-3-thread-1] INFO  com.rs.mv.mvvs.client.catalog.from.config.MappingConfigReader - [client:400207]parse mapping config information
2024-12-08 14:25:49.176 [pool-3-thread-1] INFO  com.rs.mv.mvvs.client.catalog.manager.U2CatalogManager - [client:400202]start a schedule task to get global/local catalog for .git, its period 5s 
2024-12-08 14:25:49.178 [pool-3-thread-1] INFO  com.rs.mv.mvvs.client.catalog.manager.U2CatalogManager - [client:400203]cache file auto update thread launch in logs account
2024-12-08 14:25:49.179 [pool-3-thread-1] INFO  com.rs.mv.mvvs.client.catalog.from.config.DirsConfigReader - [client:400206]parse dir config information
2024-12-08 14:25:49.180 [pool-3-thread-1] INFO  com.rs.mv.mvvs.client.catalog.from.config.MappingConfigReader - [client:400207]parse mapping config information
2024-12-08 14:25:49.183 [pool-3-thread-1] INFO  com.rs.mv.mvvs.client.catalog.manager.U2CatalogManager - [client:400202]start a schedule task to get global/local catalog for logs, its period 5s 
2024-12-08 14:25:49.184 [pool-3-thread-1] INFO  com.rs.mv.mvvs.client.catalog.manager.U2CatalogManager - [client:400203]cache file auto update thread launch in refs account
2024-12-08 14:25:49.186 [pool-3-thread-1] INFO  com.rs.mv.mvvs.client.catalog.from.config.DirsConfigReader - [client:400206]parse dir config information
2024-12-08 14:25:49.187 [pool-3-thread-1] INFO  com.rs.mv.mvvs.client.catalog.from.config.MappingConfigReader - [client:400207]parse mapping config information
2024-12-08 14:25:49.188 [pool-3-thread-1] INFO  com.rs.mv.mvvs.client.catalog.manager.U2CatalogManager - [client:400202]start a schedule task to get global/local catalog for refs, its period 5s 
2024-12-08 14:25:49.190 [pool-3-thread-1] INFO  com.rs.mv.mvvs.client.catalog.manager.U2CatalogManager - [client:400203]cache file auto update thread launch in remotes account
2024-12-08 14:25:49.194 [pool-3-thread-1] INFO  com.rs.mv.mvvs.client.catalog.from.config.DirsConfigReader - [client:400206]parse dir config information
2024-12-08 14:25:49.195 [pool-3-thread-1] INFO  com.rs.mv.mvvs.client.catalog.from.config.MappingConfigReader - [client:400207]parse mapping config information
2024-12-08 14:25:49.196 [pool-3-thread-1] INFO  com.rs.mv.mvvs.client.catalog.manager.U2CatalogManager - [client:400202]start a schedule task to get global/local catalog for remotes, its period 5s 
2024-12-08 14:25:49.197 [pool-3-thread-1] INFO  com.rs.mv.mvvs.client.catalog.manager.U2CatalogManager - [client:400203]cache file auto update thread launch in objects account
2024-12-08 14:25:49.199 [pool-3-thread-1] INFO  com.rs.mv.mvvs.client.catalog.from.config.DirsConfigReader - [client:400206]parse dir config information
2024-12-08 14:25:49.200 [pool-3-thread-1] INFO  com.rs.mv.mvvs.client.catalog.from.config.MappingConfigReader - [client:400207]parse mapping config information
2024-12-08 14:25:49.201 [pool-3-thread-1] INFO  com.rs.mv.mvvs.client.catalog.manager.U2CatalogManager - [client:400202]start a schedule task to get global/local catalog for objects, its period 5s 
2024-12-08 14:25:49.235 [pool-3-thread-1] INFO  com.rs.mv.mvvs.client.catalog.manager.U2CatalogManager - [client:400203]cache file auto update thread launch in refs account
2024-12-08 14:25:49.235 [pool-3-thread-1] INFO  com.rs.mv.mvvs.client.catalog.from.config.DirsConfigReader - [client:400206]parse dir config information
2024-12-08 14:25:49.240 [pool-3-thread-1] INFO  com.rs.mv.mvvs.client.catalog.from.config.MappingConfigReader - [client:400207]parse mapping config information
2024-12-08 14:25:49.272 [pool-3-thread-1] INFO  com.rs.mv.mvvs.client.catalog.manager.U2CatalogManager - [client:400202]start a schedule task to get global/local catalog for refs, its period 5s 
2024-12-08 14:25:49.273 [pool-3-thread-1] INFO  com.rs.mv.mvvs.client.catalog.manager.U2CatalogManager - [client:400203]cache file auto update thread launch in remotes account
2024-12-08 14:25:49.274 [pool-3-thread-1] INFO  com.rs.mv.mvvs.client.catalog.from.config.DirsConfigReader - [client:400206]parse dir config information
2024-12-08 14:25:49.274 [pool-3-thread-1] INFO  com.rs.mv.mvvs.client.catalog.from.config.MappingConfigReader - [client:400207]parse mapping config information
2024-12-08 14:25:49.275 [pool-3-thread-1] INFO  com.rs.mv.mvvs.client.catalog.manager.U2CatalogManager - [client:400202]start a schedule task to get global/local catalog for remotes, its period 5s 
2024-12-08 14:25:49.278 [pool-3-thread-1] INFO  com.rs.mv.mvvs.client.catalog.manager.U2CatalogManager - [client:400203]cache file auto update thread launch in app account
2024-12-08 14:25:49.279 [pool-3-thread-1] INFO  com.rs.mv.mvvs.client.catalog.from.config.DirsConfigReader - [client:400206]parse dir config information
2024-12-08 14:25:49.280 [pool-3-thread-1] INFO  com.rs.mv.mvvs.client.catalog.from.config.MappingConfigReader - [client:400207]parse mapping config information
2024-12-08 14:25:49.283 [pool-3-thread-1] INFO  com.rs.mv.mvvs.client.catalog.manager.U2CatalogManager - [client:400202]start a schedule task to get global/local catalog for app, its period 5s 
2024-12-08 14:25:49.284 [pool-3-thread-1] INFO  com.rs.mv.mvvs.client.catalog.manager.U2CatalogManager - [client:400203]cache file auto update thread launch in Config account
2024-12-08 14:25:49.285 [pool-3-thread-1] INFO  com.rs.mv.mvvs.client.catalog.from.config.DirsConfigReader - [client:400206]parse dir config information
2024-12-08 14:25:49.286 [pool-3-thread-1] INFO  com.rs.mv.mvvs.client.catalog.from.config.MappingConfigReader - [client:400207]parse mapping config information
2024-12-08 14:25:49.287 [pool-3-thread-1] INFO  com.rs.mv.mvvs.client.catalog.manager.U2CatalogManager - [client:400202]start a schedule task to get global/local catalog for Config, its period 5s 
2024-12-08 14:25:49.290 [pool-3-thread-1] INFO  com.rs.mv.mvvs.client.catalog.manager.U2CatalogManager - [client:400203]cache file auto update thread launch in Database account
2024-12-08 14:25:49.291 [pool-3-thread-1] INFO  com.rs.mv.mvvs.client.catalog.from.config.DirsConfigReader - [client:400206]parse dir config information
2024-12-08 14:25:49.291 [pool-3-thread-1] INFO  com.rs.mv.mvvs.client.catalog.from.config.MappingConfigReader - [client:400207]parse mapping config information
2024-12-08 14:25:49.292 [pool-3-thread-1] INFO  com.rs.mv.mvvs.client.catalog.manager.U2CatalogManager - [client:400202]start a schedule task to get global/local catalog for Database, its period 5s 
2024-12-08 14:25:49.294 [pool-3-thread-1] INFO  com.rs.mv.mvvs.client.catalog.manager.U2CatalogManager - [client:400203]cache file auto update thread launch in Language account
2024-12-08 14:25:49.295 [pool-3-thread-1] INFO  com.rs.mv.mvvs.client.catalog.from.config.DirsConfigReader - [client:400206]parse dir config information
2024-12-08 14:25:49.296 [pool-3-thread-1] INFO  com.rs.mv.mvvs.client.catalog.from.config.MappingConfigReader - [client:400207]parse mapping config information
2024-12-08 14:25:49.297 [pool-3-thread-1] INFO  com.rs.mv.mvvs.client.catalog.manager.U2CatalogManager - [client:400202]start a schedule task to get global/local catalog for Language, its period 5s 
2024-12-08 14:25:49.299 [pool-3-thread-1] INFO  com.rs.mv.mvvs.client.catalog.manager.U2CatalogManager - [client:400203]cache file auto update thread launch in Views account
2024-12-08 14:25:49.300 [pool-3-thread-1] INFO  com.rs.mv.mvvs.client.catalog.from.config.DirsConfigReader - [client:400206]parse dir config information
2024-12-08 14:25:49.301 [pool-3-thread-1] INFO  com.rs.mv.mvvs.client.catalog.from.config.MappingConfigReader - [client:400207]parse mapping config information
2024-12-08 14:25:49.302 [pool-3-thread-1] INFO  com.rs.mv.mvvs.client.catalog.manager.U2CatalogManager - [client:400202]start a schedule task to get global/local catalog for Views, its period 5s 
2024-12-08 14:25:49.307 [pool-3-thread-1] INFO  com.rs.mv.mvvs.client.catalog.manager.U2CatalogManager - [client:400203]cache file auto update thread launch in errors account
2024-12-08 14:25:49.308 [pool-3-thread-1] INFO  com.rs.mv.mvvs.client.catalog.from.config.DirsConfigReader - [client:400206]parse dir config information
2024-12-08 14:25:49.309 [pool-3-thread-1] INFO  com.rs.mv.mvvs.client.catalog.from.config.MappingConfigReader - [client:400207]parse mapping config information
2024-12-08 14:25:49.311 [pool-3-thread-1] INFO  com.rs.mv.mvvs.client.catalog.manager.U2CatalogManager - [client:400202]start a schedule task to get global/local catalog for errors, its period 5s 
2024-12-08 14:25:49.313 [pool-3-thread-1] INFO  com.rs.mv.mvvs.client.catalog.manager.U2CatalogManager - [client:400203]cache file auto update thread launch in node_modules account
2024-12-08 14:25:49.318 [pool-3-thread-1] INFO  com.rs.mv.mvvs.client.catalog.from.config.DirsConfigReader - [client:400206]parse dir config information
2024-12-08 14:25:49.319 [pool-3-thread-1] INFO  com.rs.mv.mvvs.client.catalog.from.config.MappingConfigReader - [client:400207]parse mapping config information
2024-12-08 14:25:49.320 [pool-3-thread-1] INFO  com.rs.mv.mvvs.client.catalog.manager.U2CatalogManager - [client:400202]start a schedule task to get global/local catalog for node_modules, its period 5s 
2024-12-08 14:25:49.407 [pool-3-thread-1] INFO  com.rs.mv.mvvs.client.catalog.manager.U2CatalogManager - [client:400203]cache file auto update thread launch in @alloc account
2024-12-08 14:25:49.408 [pool-3-thread-1] INFO  com.rs.mv.mvvs.client.catalog.from.config.DirsConfigReader - [client:400206]parse dir config information
2024-12-08 14:25:49.409 [pool-3-thread-1] INFO  com.rs.mv.mvvs.client.catalog.from.config.MappingConfigReader - [client:400207]parse mapping config information
2024-12-08 14:25:49.412 [pool-3-thread-1] INFO  com.rs.mv.mvvs.client.catalog.manager.U2CatalogManager - [client:400202]start a schedule task to get global/local catalog for @alloc, its period 5s 
2024-12-08 14:25:49.424 [pool-3-thread-1] INFO  com.rs.mv.mvvs.client.catalog.manager.U2CatalogManager - [client:400203]cache file auto update thread launch in @isaacs account
2024-12-08 14:25:49.426 [pool-3-thread-1] INFO  com.rs.mv.mvvs.client.catalog.from.config.DirsConfigReader - [client:400206]parse dir config information
2024-12-08 14:25:49.427 [pool-3-thread-1] INFO  com.rs.mv.mvvs.client.catalog.from.config.MappingConfigReader - [client:400207]parse mapping config information
2024-12-08 14:25:49.432 [pool-3-thread-1] INFO  com.rs.mv.mvvs.client.catalog.manager.U2CatalogManager - [client:400202]start a schedule task to get global/local catalog for @isaacs, its period 5s 
2024-12-08 14:25:49.437 [pool-3-thread-1] INFO  com.rs.mv.mvvs.client.catalog.manager.U2CatalogManager - [client:400203]cache file auto update thread launch in cliui account
2024-12-08 14:25:49.439 [pool-3-thread-1] INFO  com.rs.mv.mvvs.client.catalog.from.config.DirsConfigReader - [client:400206]parse dir config information
2024-12-08 14:25:49.439 [pool-3-thread-1] INFO  com.rs.mv.mvvs.client.catalog.from.config.MappingConfigReader - [client:400207]parse mapping config information
2024-12-08 14:25:49.442 [pool-3-thread-1] INFO  com.rs.mv.mvvs.client.catalog.manager.U2CatalogManager - [client:400202]start a schedule task to get global/local catalog for cliui, its period 5s 
2024-12-08 14:25:49.443 [pool-3-thread-1] INFO  com.rs.mv.mvvs.client.catalog.manager.U2CatalogManager - [client:400203]cache file auto update thread launch in build account
2024-12-08 14:25:49.447 [pool-3-thread-1] INFO  com.rs.mv.mvvs.client.catalog.from.config.DirsConfigReader - [client:400206]parse dir config information
2024-12-08 14:25:49.452 [pool-3-thread-1] INFO  com.rs.mv.mvvs.client.catalog.from.config.MappingConfigReader - [client:400207]parse mapping config information
2024-12-08 14:25:49.455 [pool-3-thread-1] INFO  com.rs.mv.mvvs.client.catalog.manager.U2CatalogManager - [client:400202]start a schedule task to get global/local catalog for build, its period 5s 
2024-12-08 14:25:49.471 [pool-3-thread-1] INFO  com.rs.mv.mvvs.client.catalog.manager.U2CatalogManager - [client:400203]cache file auto update thread launch in @jridgewell account
2024-12-08 14:25:49.471 [pool-3-thread-1] INFO  com.rs.mv.mvvs.client.catalog.from.config.DirsConfigReader - [client:400206]parse dir config information
2024-12-08 14:25:49.473 [pool-3-thread-1] INFO  com.rs.mv.mvvs.client.catalog.from.config.MappingConfigReader - [client:400207]parse mapping config information
2024-12-08 14:25:49.474 [pool-3-thread-1] INFO  com.rs.mv.mvvs.client.catalog.manager.U2CatalogManager - [client:400202]start a schedule task to get global/local catalog for @jridgewell, its period 5s 
2024-12-08 14:25:49.477 [pool-3-thread-1] INFO  com.rs.mv.mvvs.client.catalog.manager.U2CatalogManager - [client:400203]cache file auto update thread launch in gen-mapping account
2024-12-08 14:25:49.479 [pool-3-thread-1] INFO  com.rs.mv.mvvs.client.catalog.from.config.DirsConfigReader - [client:400206]parse dir config information
2024-12-08 14:25:49.480 [pool-3-thread-1] INFO  com.rs.mv.mvvs.client.catalog.from.config.MappingConfigReader - [client:400207]parse mapping config information
2024-12-08 14:25:49.480 [pool-3-thread-1] INFO  com.rs.mv.mvvs.client.catalog.manager.U2CatalogManager - [client:400202]start a schedule task to get global/local catalog for gen-mapping, its period 5s 
2024-12-08 14:25:49.482 [pool-3-thread-1] INFO  com.rs.mv.mvvs.client.catalog.manager.U2CatalogManager - [client:400203]cache file auto update thread launch in dist account
2024-12-08 14:25:49.484 [pool-3-thread-1] INFO  com.rs.mv.mvvs.client.catalog.from.config.DirsConfigReader - [client:400206]parse dir config information
2024-12-08 14:25:49.484 [pool-3-thread-1] INFO  com.rs.mv.mvvs.client.catalog.from.config.MappingConfigReader - [client:400207]parse mapping config information
2024-12-08 14:25:49.485 [pool-3-thread-1] INFO  com.rs.mv.mvvs.client.catalog.manager.U2CatalogManager - [client:400202]start a schedule task to get global/local catalog for dist, its period 5s 
2024-12-08 14:25:49.486 [pool-3-thread-1] INFO  com.rs.mv.mvvs.client.catalog.manager.U2CatalogManager - [client:400203]cache file auto update thread launch in resolve-uri account
2024-12-08 14:25:49.486 [pool-3-thread-1] INFO  com.rs.mv.mvvs.client.catalog.from.config.DirsConfigReader - [client:400206]parse dir config information
2024-12-08 14:25:49.487 [pool-3-thread-1] INFO  com.rs.mv.mvvs.client.catalog.from.config.MappingConfigReader - [client:400207]parse mapping config information
2024-12-08 14:25:49.488 [pool-3-thread-1] INFO  com.rs.mv.mvvs.client.catalog.manager.U2CatalogManager - [client:400202]start a schedule task to get global/local catalog for resolve-uri, its period 5s 
2024-12-08 14:25:49.489 [pool-3-thread-1] INFO  com.rs.mv.mvvs.client.catalog.manager.U2CatalogManager - [client:400203]cache file auto update thread launch in dist account
2024-12-08 14:25:49.489 [pool-3-thread-1] INFO  com.rs.mv.mvvs.client.catalog.from.config.DirsConfigReader - [client:400206]parse dir config information
2024-12-08 14:25:49.517 [pool-3-thread-1] INFO  com.rs.mv.mvvs.client.catalog.from.config.MappingConfigReader - [client:400207]parse mapping config information
2024-12-08 14:25:49.521 [pool-3-thread-1] INFO  com.rs.mv.mvvs.client.catalog.manager.U2CatalogManager - [client:400202]start a schedule task to get global/local catalog for dist, its period 5s 
2024-12-08 14:25:49.538 [pool-3-thread-1] INFO  com.rs.mv.mvvs.client.catalog.manager.U2CatalogManager - [client:400203]cache file auto update thread launch in set-array account
2024-12-08 14:25:49.543 [pool-3-thread-1] INFO  com.rs.mv.mvvs.client.catalog.from.config.DirsConfigReader - [client:400206]parse dir config information
2024-12-08 14:25:49.545 [pool-3-thread-1] INFO  com.rs.mv.mvvs.client.catalog.from.config.MappingConfigReader - [client:400207]parse mapping config information
2024-12-08 14:25:49.551 [pool-3-thread-1] INFO  com.rs.mv.mvvs.client.catalog.manager.U2CatalogManager - [client:400202]start a schedule task to get global/local catalog for set-array, its period 5s 
2024-12-08 14:25:49.552 [pool-3-thread-1] INFO  com.rs.mv.mvvs.client.catalog.manager.U2CatalogManager - [client:400203]cache file auto update thread launch in dist account
2024-12-08 14:25:49.553 [pool-3-thread-1] INFO  com.rs.mv.mvvs.client.catalog.from.config.DirsConfigReader - [client:400206]parse dir config information
2024-12-08 14:25:49.554 [pool-3-thread-1] INFO  com.rs.mv.mvvs.client.catalog.from.config.MappingConfigReader - [client:400207]parse mapping config information
2024-12-08 14:25:49.555 [pool-3-thread-1] INFO  com.rs.mv.mvvs.client.catalog.manager.U2CatalogManager - [client:400202]start a schedule task to get global/local catalog for dist, its period 5s 
2024-12-08 14:25:49.555 [pool-3-thread-1] INFO  com.rs.mv.mvvs.client.catalog.manager.U2CatalogManager - [client:400203]cache file auto update thread launch in sourcemap-codec account
2024-12-08 14:25:49.556 [pool-3-thread-1] INFO  com.rs.mv.mvvs.client.catalog.from.config.DirsConfigReader - [client:400206]parse dir config information
2024-12-08 14:25:49.557 [pool-3-thread-1] INFO  com.rs.mv.mvvs.client.catalog.from.config.MappingConfigReader - [client:400207]parse mapping config information
2024-12-08 14:25:49.558 [pool-3-thread-1] INFO  com.rs.mv.mvvs.client.catalog.manager.U2CatalogManager - [client:400202]start a schedule task to get global/local catalog for sourcemap-codec, its period 5s 
2024-12-08 14:25:49.559 [pool-3-thread-1] INFO  com.rs.mv.mvvs.client.catalog.manager.U2CatalogManager - [client:400203]cache file auto update thread launch in dist account
2024-12-08 14:25:49.559 [pool-3-thread-1] INFO  com.rs.mv.mvvs.client.catalog.from.config.DirsConfigReader - [client:400206]parse dir config information
2024-12-08 14:25:49.560 [pool-3-thread-1] INFO  com.rs.mv.mvvs.client.catalog.from.config.MappingConfigReader - [client:400207]parse mapping config information
2024-12-08 14:25:49.561 [pool-3-thread-1] INFO  com.rs.mv.mvvs.client.catalog.manager.U2CatalogManager - [client:400202]start a schedule task to get global/local catalog for dist, its period 5s 
2024-12-08 14:25:49.562 [pool-3-thread-1] INFO  com.rs.mv.mvvs.client.catalog.manager.U2CatalogManager - [client:400203]cache file auto update thread launch in trace-mapping account
2024-12-08 14:25:49.563 [pool-3-thread-1] INFO  com.rs.mv.mvvs.client.catalog.from.config.DirsConfigReader - [client:400206]parse dir config information
2024-12-08 14:25:49.564 [pool-3-thread-1] INFO  com.rs.mv.mvvs.client.catalog.from.config.MappingConfigReader - [client:400207]parse mapping config information
2024-12-08 14:25:49.567 [pool-3-thread-1] INFO  com.rs.mv.mvvs.client.catalog.manager.U2CatalogManager - [client:400202]start a schedule task to get global/local catalog for trace-mapping, its period 5s 
2024-12-08 14:25:49.568 [pool-3-thread-1] INFO  com.rs.mv.mvvs.client.catalog.manager.U2CatalogManager - [client:400203]cache file auto update thread launch in dist account
2024-12-08 14:25:49.576 [pool-3-thread-1] INFO  com.rs.mv.mvvs.client.catalog.from.config.DirsConfigReader - [client:400206]parse dir config information
2024-12-08 14:25:49.577 [pool-3-thread-1] INFO  com.rs.mv.mvvs.client.catalog.from.config.MappingConfigReader - [client:400207]parse mapping config information
2024-12-08 14:25:49.578 [pool-3-thread-1] INFO  com.rs.mv.mvvs.client.catalog.manager.U2CatalogManager - [client:400202]start a schedule task to get global/local catalog for dist, its period 5s 
2024-12-08 14:25:49.579 [pool-3-thread-1] INFO  com.rs.mv.mvvs.client.catalog.manager.U2CatalogManager - [client:400203]cache file auto update thread launch in @nodelib account
2024-12-08 14:25:49.579 [pool-3-thread-1] INFO  com.rs.mv.mvvs.client.catalog.from.config.DirsConfigReader - [client:400206]parse dir config information
2024-12-08 14:25:49.580 [pool-3-thread-1] INFO  com.rs.mv.mvvs.client.catalog.from.config.MappingConfigReader - [client:400207]parse mapping config information
2024-12-08 14:25:49.581 [pool-3-thread-1] INFO  com.rs.mv.mvvs.client.catalog.manager.U2CatalogManager - [client:400202]start a schedule task to get global/local catalog for @nodelib, its period 5s 
2024-12-08 14:25:49.583 [pool-3-thread-1] INFO  com.rs.mv.mvvs.client.catalog.manager.U2CatalogManager - [client:400203]cache file auto update thread launch in fs.scandir account
2024-12-08 14:25:49.583 [pool-3-thread-1] INFO  com.rs.mv.mvvs.client.catalog.from.config.DirsConfigReader - [client:400206]parse dir config information
2024-12-08 14:25:49.584 [pool-3-thread-1] INFO  com.rs.mv.mvvs.client.catalog.from.config.MappingConfigReader - [client:400207]parse mapping config information
2024-12-08 14:25:49.585 [pool-3-thread-1] INFO  com.rs.mv.mvvs.client.catalog.manager.U2CatalogManager - [client:400202]start a schedule task to get global/local catalog for fs.scandir, its period 5s 
2024-12-08 14:25:49.587 [pool-3-thread-1] INFO  com.rs.mv.mvvs.client.catalog.manager.U2CatalogManager - [client:400203]cache file auto update thread launch in out account
2024-12-08 14:25:49.588 [pool-3-thread-1] INFO  com.rs.mv.mvvs.client.catalog.from.config.DirsConfigReader - [client:400206]parse dir config information
2024-12-08 14:25:49.588 [pool-3-thread-1] INFO  com.rs.mv.mvvs.client.catalog.from.config.MappingConfigReader - [client:400207]parse mapping config information
2024-12-08 14:25:49.589 [pool-3-thread-1] INFO  com.rs.mv.mvvs.client.catalog.manager.U2CatalogManager - [client:400202]start a schedule task to get global/local catalog for out, its period 5s 
2024-12-08 14:25:49.590 [pool-3-thread-1] INFO  com.rs.mv.mvvs.client.catalog.manager.U2CatalogManager - [client:400203]cache file auto update thread launch in fs.stat account
2024-12-08 14:25:49.647 [pool-3-thread-1] INFO  com.rs.mv.mvvs.client.catalog.from.config.DirsConfigReader - [client:400206]parse dir config information
2024-12-08 14:25:49.652 [pool-3-thread-1] INFO  com.rs.mv.mvvs.client.catalog.from.config.MappingConfigReader - [client:400207]parse mapping config information
2024-12-08 14:25:49.653 [pool-3-thread-1] INFO  com.rs.mv.mvvs.client.catalog.manager.U2CatalogManager - [client:400202]start a schedule task to get global/local catalog for fs.stat, its period 5s 
2024-12-08 14:25:49.654 [pool-3-thread-1] INFO  com.rs.mv.mvvs.client.catalog.manager.U2CatalogManager - [client:400203]cache file auto update thread launch in out account
2024-12-08 14:25:49.655 [pool-3-thread-1] INFO  com.rs.mv.mvvs.client.catalog.from.config.DirsConfigReader - [client:400206]parse dir config information
2024-12-08 14:25:49.656 [pool-3-thread-1] INFO  com.rs.mv.mvvs.client.catalog.from.config.MappingConfigReader - [client:400207]parse mapping config information
2024-12-08 14:25:49.656 [pool-3-thread-1] INFO  com.rs.mv.mvvs.client.catalog.manager.U2CatalogManager - [client:400202]start a schedule task to get global/local catalog for out, its period 5s 
2024-12-08 14:25:49.659 [pool-3-thread-1] INFO  com.rs.mv.mvvs.client.catalog.manager.U2CatalogManager - [client:400203]cache file auto update thread launch in fs.walk account
2024-12-08 14:25:49.660 [pool-3-thread-1] INFO  com.rs.mv.mvvs.client.catalog.from.config.DirsConfigReader - [client:400206]parse dir config information
2024-12-08 14:25:49.661 [pool-3-thread-1] INFO  com.rs.mv.mvvs.client.catalog.from.config.MappingConfigReader - [client:400207]parse mapping config information
2024-12-08 14:25:49.662 [pool-3-thread-1] INFO  com.rs.mv.mvvs.client.catalog.manager.U2CatalogManager - [client:400202]start a schedule task to get global/local catalog for fs.walk, its period 5s 
2024-12-08 14:25:49.663 [pool-3-thread-1] INFO  com.rs.mv.mvvs.client.catalog.manager.U2CatalogManager - [client:400203]cache file auto update thread launch in out account
2024-12-08 14:25:49.664 [pool-3-thread-1] INFO  com.rs.mv.mvvs.client.catalog.from.config.DirsConfigReader - [client:400206]parse dir config information
2024-12-08 14:25:49.666 [pool-3-thread-1] INFO  com.rs.mv.mvvs.client.catalog.from.config.MappingConfigReader - [client:400207]parse mapping config information
2024-12-08 14:25:49.668 [pool-3-thread-1] INFO  com.rs.mv.mvvs.client.catalog.manager.U2CatalogManager - [client:400202]start a schedule task to get global/local catalog for out, its period 5s 
2024-12-08 14:25:49.669 [pool-3-thread-1] INFO  com.rs.mv.mvvs.client.catalog.manager.U2CatalogManager - [client:400203]cache file auto update thread launch in @pkgjs account
2024-12-08 14:25:49.669 [pool-3-thread-1] INFO  com.rs.mv.mvvs.client.catalog.from.config.DirsConfigReader - [client:400206]parse dir config information
2024-12-08 14:25:49.670 [pool-3-thread-1] INFO  com.rs.mv.mvvs.client.catalog.from.config.MappingConfigReader - [client:400207]parse mapping config information
2024-12-08 14:25:49.671 [pool-3-thread-1] INFO  com.rs.mv.mvvs.client.catalog.manager.U2CatalogManager - [client:400202]start a schedule task to get global/local catalog for @pkgjs, its period 5s 
2024-12-08 14:25:49.672 [pool-3-thread-1] INFO  com.rs.mv.mvvs.client.catalog.manager.U2CatalogManager - [client:400203]cache file auto update thread launch in parseargs account
2024-12-08 14:25:49.672 [pool-3-thread-1] INFO  com.rs.mv.mvvs.client.catalog.from.config.DirsConfigReader - [client:400206]parse dir config information
2024-12-08 14:25:49.673 [pool-3-thread-1] INFO  com.rs.mv.mvvs.client.catalog.from.config.MappingConfigReader - [client:400207]parse mapping config information
2024-12-08 14:25:49.674 [pool-3-thread-1] INFO  com.rs.mv.mvvs.client.catalog.manager.U2CatalogManager - [client:400202]start a schedule task to get global/local catalog for parseargs, its period 5s 
2024-12-08 14:25:49.674 [pool-3-thread-1] INFO  com.rs.mv.mvvs.client.catalog.manager.U2CatalogManager - [client:400203]cache file auto update thread launch in any-promise account
2024-12-08 14:25:49.675 [pool-3-thread-1] INFO  com.rs.mv.mvvs.client.catalog.from.config.DirsConfigReader - [client:400206]parse dir config information
2024-12-08 14:25:49.676 [pool-3-thread-1] INFO  com.rs.mv.mvvs.client.catalog.from.config.MappingConfigReader - [client:400207]parse mapping config information
2024-12-08 14:25:49.676 [pool-3-thread-1] INFO  com.rs.mv.mvvs.client.catalog.manager.U2CatalogManager - [client:400202]start a schedule task to get global/local catalog for any-promise, its period 5s 
2024-12-08 14:25:49.677 [pool-3-thread-1] INFO  com.rs.mv.mvvs.client.catalog.manager.U2CatalogManager - [client:400203]cache file auto update thread launch in balanced-match account
2024-12-08 14:25:49.678 [pool-3-thread-1] INFO  com.rs.mv.mvvs.client.catalog.from.config.DirsConfigReader - [client:400206]parse dir config information
2024-12-08 14:25:49.679 [pool-3-thread-1] INFO  com.rs.mv.mvvs.client.catalog.from.config.MappingConfigReader - [client:400207]parse mapping config information
2024-12-08 14:25:49.680 [pool-3-thread-1] INFO  com.rs.mv.mvvs.client.catalog.manager.U2CatalogManager - [client:400202]start a schedule task to get global/local catalog for balanced-match, its period 5s 
2024-12-08 14:25:49.681 [pool-3-thread-1] INFO  com.rs.mv.mvvs.client.catalog.manager.U2CatalogManager - [client:400203]cache file auto update thread launch in brace-expansion account
2024-12-08 14:25:49.683 [pool-3-thread-1] INFO  com.rs.mv.mvvs.client.catalog.from.config.DirsConfigReader - [client:400206]parse dir config information
2024-12-08 14:25:49.683 [pool-3-thread-1] INFO  com.rs.mv.mvvs.client.catalog.from.config.MappingConfigReader - [client:400207]parse mapping config information
2024-12-08 14:25:49.684 [pool-3-thread-1] INFO  com.rs.mv.mvvs.client.catalog.manager.U2CatalogManager - [client:400202]start a schedule task to get global/local catalog for brace-expansion, its period 5s 
2024-12-08 14:25:49.685 [pool-3-thread-1] INFO  com.rs.mv.mvvs.client.catalog.manager.U2CatalogManager - [client:400203]cache file auto update thread launch in braces account
2024-12-08 14:25:49.686 [pool-3-thread-1] INFO  com.rs.mv.mvvs.client.catalog.from.config.DirsConfigReader - [client:400206]parse dir config information
2024-12-08 14:25:49.686 [pool-3-thread-1] INFO  com.rs.mv.mvvs.client.catalog.from.config.MappingConfigReader - [client:400207]parse mapping config information
2024-12-08 14:25:49.687 [pool-3-thread-1] INFO  com.rs.mv.mvvs.client.catalog.manager.U2CatalogManager - [client:400202]start a schedule task to get global/local catalog for braces, its period 5s 
2024-12-08 14:25:49.734 [pool-3-thread-1] INFO  com.rs.mv.mvvs.client.catalog.manager.U2CatalogManager - [client:400203]cache file auto update thread launch in chokidar account
2024-12-08 14:25:49.735 [pool-3-thread-1] INFO  com.rs.mv.mvvs.client.catalog.from.config.DirsConfigReader - [client:400206]parse dir config information
2024-12-08 14:25:49.736 [pool-3-thread-1] INFO  com.rs.mv.mvvs.client.catalog.from.config.MappingConfigReader - [client:400207]parse mapping config information
2024-12-08 14:25:49.737 [pool-3-thread-1] INFO  com.rs.mv.mvvs.client.catalog.manager.U2CatalogManager - [client:400202]start a schedule task to get global/local catalog for chokidar, its period 5s 
2024-12-08 14:25:49.738 [pool-3-thread-1] INFO  com.rs.mv.mvvs.client.catalog.manager.U2CatalogManager - [client:400203]cache file auto update thread launch in node_modules account
2024-12-08 14:25:49.739 [pool-3-thread-1] INFO  com.rs.mv.mvvs.client.catalog.from.config.DirsConfigReader - [client:400206]parse dir config information
2024-12-08 14:25:49.739 [pool-3-thread-1] INFO  com.rs.mv.mvvs.client.catalog.from.config.MappingConfigReader - [client:400207]parse mapping config information
2024-12-08 14:25:49.740 [pool-3-thread-1] INFO  com.rs.mv.mvvs.client.catalog.manager.U2CatalogManager - [client:400202]start a schedule task to get global/local catalog for node_modules, its period 5s 
2024-12-08 14:25:49.741 [pool-3-thread-1] INFO  com.rs.mv.mvvs.client.catalog.manager.U2CatalogManager - [client:400203]cache file auto update thread launch in commander account
2024-12-08 14:25:49.741 [pool-3-thread-1] INFO  com.rs.mv.mvvs.client.catalog.from.config.DirsConfigReader - [client:400206]parse dir config information
2024-12-08 14:25:49.742 [pool-3-thread-1] INFO  com.rs.mv.mvvs.client.catalog.from.config.MappingConfigReader - [client:400207]parse mapping config information
2024-12-08 14:25:49.743 [pool-3-thread-1] INFO  com.rs.mv.mvvs.client.catalog.manager.U2CatalogManager - [client:400202]start a schedule task to get global/local catalog for commander, its period 5s 
2024-12-08 14:25:49.744 [pool-3-thread-1] INFO  com.rs.mv.mvvs.client.catalog.manager.U2CatalogManager - [client:400203]cache file auto update thread launch in cross-spawn account
2024-12-08 14:25:49.746 [pool-3-thread-1] INFO  com.rs.mv.mvvs.client.catalog.from.config.DirsConfigReader - [client:400206]parse dir config information
2024-12-08 14:25:49.747 [pool-3-thread-1] INFO  com.rs.mv.mvvs.client.catalog.from.config.MappingConfigReader - [client:400207]parse mapping config information
2024-12-08 14:25:49.749 [pool-3-thread-1] INFO  com.rs.mv.mvvs.client.catalog.manager.U2CatalogManager - [client:400202]start a schedule task to get global/local catalog for cross-spawn, its period 5s 
2024-12-08 14:25:49.750 [pool-3-thread-1] INFO  com.rs.mv.mvvs.client.catalog.manager.U2CatalogManager - [client:400203]cache file auto update thread launch in lib account
2024-12-08 14:25:49.751 [pool-3-thread-1] INFO  com.rs.mv.mvvs.client.catalog.from.config.DirsConfigReader - [client:400206]parse dir config information
2024-12-08 14:25:49.752 [pool-3-thread-1] INFO  com.rs.mv.mvvs.client.catalog.from.config.MappingConfigReader - [client:400207]parse mapping config information
2024-12-08 14:25:49.753 [pool-3-thread-1] INFO  com.rs.mv.mvvs.client.catalog.manager.U2CatalogManager - [client:400202]start a schedule task to get global/local catalog for lib, its period 5s 
2024-12-08 14:25:49.790 [pool-3-thread-1] INFO  com.rs.mv.mvvs.client.catalog.manager.U2CatalogManager - [client:400203]cache file auto update thread launch in cssesc account
2024-12-08 14:25:49.791 [pool-3-thread-1] INFO  com.rs.mv.mvvs.client.catalog.from.config.DirsConfigReader - [client:400206]parse dir config information
2024-12-08 14:25:49.791 [pool-3-thread-1] INFO  com.rs.mv.mvvs.client.catalog.from.config.MappingConfigReader - [client:400207]parse mapping config information
2024-12-08 14:25:49.792 [pool-3-thread-1] INFO  com.rs.mv.mvvs.client.catalog.manager.U2CatalogManager - [client:400202]start a schedule task to get global/local catalog for cssesc, its period 5s 
2024-12-08 14:25:49.793 [pool-3-thread-1] INFO  com.rs.mv.mvvs.client.catalog.manager.U2CatalogManager - [client:400203]cache file auto update thread launch in dlv account
2024-12-08 14:25:49.794 [pool-3-thread-1] INFO  com.rs.mv.mvvs.client.catalog.from.config.DirsConfigReader - [client:400206]parse dir config information
2024-12-08 14:25:49.795 [pool-3-thread-1] INFO  com.rs.mv.mvvs.client.catalog.from.config.MappingConfigReader - [client:400207]parse mapping config information
2024-12-08 14:25:49.797 [pool-3-thread-1] INFO  com.rs.mv.mvvs.client.catalog.manager.U2CatalogManager - [client:400202]start a schedule task to get global/local catalog for dlv, its period 5s 
2024-12-08 14:25:49.799 [pool-3-thread-1] INFO  com.rs.mv.mvvs.client.catalog.manager.U2CatalogManager - [client:400203]cache file auto update thread launch in emoji-regex account
2024-12-08 14:25:49.800 [pool-3-thread-1] INFO  com.rs.mv.mvvs.client.catalog.from.config.DirsConfigReader - [client:400206]parse dir config information
2024-12-08 14:25:49.800 [pool-3-thread-1] INFO  com.rs.mv.mvvs.client.catalog.from.config.MappingConfigReader - [client:400207]parse mapping config information
2024-12-08 14:25:49.801 [pool-3-thread-1] INFO  com.rs.mv.mvvs.client.catalog.manager.U2CatalogManager - [client:400202]start a schedule task to get global/local catalog for emoji-regex, its period 5s 
2024-12-08 14:25:49.802 [pool-3-thread-1] INFO  com.rs.mv.mvvs.client.catalog.manager.U2CatalogManager - [client:400203]cache file auto update thread launch in fast-glob account
2024-12-08 14:25:49.803 [pool-3-thread-1] INFO  com.rs.mv.mvvs.client.catalog.from.config.DirsConfigReader - [client:400206]parse dir config information
2024-12-08 14:25:49.804 [pool-3-thread-1] INFO  com.rs.mv.mvvs.client.catalog.from.config.MappingConfigReader - [client:400207]parse mapping config information
2024-12-08 14:25:49.806 [pool-3-thread-1] INFO  com.rs.mv.mvvs.client.catalog.manager.U2CatalogManager - [client:400202]start a schedule task to get global/local catalog for fast-glob, its period 5s 
2024-12-08 14:25:49.807 [pool-3-thread-1] INFO  com.rs.mv.mvvs.client.catalog.manager.U2CatalogManager - [client:400203]cache file auto update thread launch in node_modules account
2024-12-08 14:25:49.808 [pool-3-thread-1] INFO  com.rs.mv.mvvs.client.catalog.from.config.DirsConfigReader - [client:400206]parse dir config information
2024-12-08 14:25:49.809 [pool-3-thread-1] INFO  com.rs.mv.mvvs.client.catalog.from.config.MappingConfigReader - [client:400207]parse mapping config information
2024-12-08 14:25:49.810 [pool-3-thread-1] INFO  com.rs.mv.mvvs.client.catalog.manager.U2CatalogManager - [client:400202]start a schedule task to get global/local catalog for node_modules, its period 5s 
2024-12-08 14:25:49.811 [pool-3-thread-1] INFO  com.rs.mv.mvvs.client.catalog.manager.U2CatalogManager - [client:400203]cache file auto update thread launch in out account
2024-12-08 14:25:49.812 [pool-3-thread-1] INFO  com.rs.mv.mvvs.client.catalog.from.config.DirsConfigReader - [client:400206]parse dir config information
2024-12-08 14:25:49.812 [pool-3-thread-1] INFO  com.rs.mv.mvvs.client.catalog.from.config.MappingConfigReader - [client:400207]parse mapping config information
2024-12-08 14:25:49.813 [pool-3-thread-1] INFO  com.rs.mv.mvvs.client.catalog.manager.U2CatalogManager - [client:400202]start a schedule task to get global/local catalog for out, its period 5s 
2024-12-08 14:25:49.814 [pool-3-thread-1] INFO  com.rs.mv.mvvs.client.catalog.manager.U2CatalogManager - [client:400203]cache file auto update thread launch in providers account
2024-12-08 14:25:49.816 [pool-3-thread-1] INFO  com.rs.mv.mvvs.client.catalog.from.config.DirsConfigReader - [client:400206]parse dir config information
2024-12-08 14:25:49.816 [pool-3-thread-1] INFO  com.rs.mv.mvvs.client.catalog.from.config.MappingConfigReader - [client:400207]parse mapping config information
2024-12-08 14:25:49.817 [pool-3-thread-1] INFO  com.rs.mv.mvvs.client.catalog.manager.U2CatalogManager - [client:400202]start a schedule task to get global/local catalog for providers, its period 5s 
2024-12-08 14:25:49.818 [pool-3-thread-1] INFO  com.rs.mv.mvvs.client.catalog.manager.U2CatalogManager - [client:400203]cache file auto update thread launch in fastq account
2024-12-08 14:25:49.819 [pool-3-thread-1] INFO  com.rs.mv.mvvs.client.catalog.from.config.DirsConfigReader - [client:400206]parse dir config information
2024-12-08 14:25:49.819 [pool-3-thread-1] INFO  com.rs.mv.mvvs.client.catalog.from.config.MappingConfigReader - [client:400207]parse mapping config information
2024-12-08 14:25:49.820 [pool-3-thread-1] INFO  com.rs.mv.mvvs.client.catalog.manager.U2CatalogManager - [client:400202]start a schedule task to get global/local catalog for fastq, its period 5s 
2024-12-08 14:25:49.822 [pool-3-thread-1] INFO  com.rs.mv.mvvs.client.catalog.manager.U2CatalogManager - [client:400203]cache file auto update thread launch in .github account
2024-12-08 14:25:49.822 [pool-3-thread-1] INFO  com.rs.mv.mvvs.client.catalog.from.config.DirsConfigReader - [client:400206]parse dir config information
2024-12-08 14:25:49.823 [pool-3-thread-1] INFO  com.rs.mv.mvvs.client.catalog.from.config.MappingConfigReader - [client:400207]parse mapping config information
2024-12-08 14:25:49.824 [pool-3-thread-1] INFO  com.rs.mv.mvvs.client.catalog.manager.U2CatalogManager - [client:400202]start a schedule task to get global/local catalog for .github, its period 5s 
2024-12-08 14:25:49.825 [pool-3-thread-1] INFO  com.rs.mv.mvvs.client.catalog.manager.U2CatalogManager - [client:400203]cache file auto update thread launch in foreground-child account
2024-12-08 14:25:49.826 [pool-3-thread-1] INFO  com.rs.mv.mvvs.client.catalog.from.config.DirsConfigReader - [client:400206]parse dir config information
2024-12-08 14:25:49.826 [pool-3-thread-1] INFO  com.rs.mv.mvvs.client.catalog.from.config.MappingConfigReader - [client:400207]parse mapping config information
2024-12-08 14:25:49.827 [pool-3-thread-1] INFO  com.rs.mv.mvvs.client.catalog.manager.U2CatalogManager - [client:400202]start a schedule task to get global/local catalog for foreground-child, its period 5s 
2024-12-08 14:25:49.827 [pool-3-thread-1] INFO  com.rs.mv.mvvs.client.catalog.manager.U2CatalogManager - [client:400203]cache file auto update thread launch in dist account
2024-12-08 14:25:49.828 [pool-3-thread-1] INFO  com.rs.mv.mvvs.client.catalog.from.config.DirsConfigReader - [client:400206]parse dir config information
2024-12-08 14:25:49.828 [pool-3-thread-1] INFO  com.rs.mv.mvvs.client.catalog.from.config.MappingConfigReader - [client:400207]parse mapping config information
2024-12-08 14:25:49.880 [pool-3-thread-1] INFO  com.rs.mv.mvvs.client.catalog.manager.U2CatalogManager - [client:400202]start a schedule task to get global/local catalog for dist, its period 5s 
2024-12-08 14:25:49.897 [pool-3-thread-1] INFO  com.rs.mv.mvvs.client.catalog.manager.U2CatalogManager - [client:400203]cache file auto update thread launch in function-bind account
2024-12-08 14:25:49.898 [pool-3-thread-1] INFO  com.rs.mv.mvvs.client.catalog.from.config.DirsConfigReader - [client:400206]parse dir config information
2024-12-08 14:25:49.899 [pool-3-thread-1] INFO  com.rs.mv.mvvs.client.catalog.from.config.MappingConfigReader - [client:400207]parse mapping config information
2024-12-08 14:25:49.901 [pool-3-thread-1] INFO  com.rs.mv.mvvs.client.catalog.manager.U2CatalogManager - [client:400202]start a schedule task to get global/local catalog for function-bind, its period 5s 
2024-12-08 14:25:49.906 [pool-3-thread-1] INFO  com.rs.mv.mvvs.client.catalog.manager.U2CatalogManager - [client:400203]cache file auto update thread launch in glob account
2024-12-08 14:25:49.907 [pool-3-thread-1] INFO  com.rs.mv.mvvs.client.catalog.from.config.DirsConfigReader - [client:400206]parse dir config information
2024-12-08 14:25:49.908 [pool-3-thread-1] INFO  com.rs.mv.mvvs.client.catalog.from.config.MappingConfigReader - [client:400207]parse mapping config information
2024-12-08 14:25:49.908 [pool-3-thread-1] INFO  com.rs.mv.mvvs.client.catalog.manager.U2CatalogManager - [client:400202]start a schedule task to get global/local catalog for glob, its period 5s 
2024-12-08 14:25:49.909 [pool-3-thread-1] INFO  com.rs.mv.mvvs.client.catalog.manager.U2CatalogManager - [client:400203]cache file auto update thread launch in dist account
2024-12-08 14:25:49.910 [pool-3-thread-1] INFO  com.rs.mv.mvvs.client.catalog.from.config.DirsConfigReader - [client:400206]parse dir config information
2024-12-08 14:25:49.910 [pool-3-thread-1] INFO  com.rs.mv.mvvs.client.catalog.from.config.MappingConfigReader - [client:400207]parse mapping config information
2024-12-08 14:25:49.911 [pool-3-thread-1] INFO  com.rs.mv.mvvs.client.catalog.manager.U2CatalogManager - [client:400202]start a schedule task to get global/local catalog for dist, its period 5s 
2024-12-08 14:25:49.912 [pool-3-thread-1] INFO  com.rs.mv.mvvs.client.catalog.manager.U2CatalogManager - [client:400203]cache file auto update thread launch in hasown account
2024-12-08 14:25:49.913 [pool-3-thread-1] INFO  com.rs.mv.mvvs.client.catalog.from.config.DirsConfigReader - [client:400206]parse dir config information
2024-12-08 14:25:49.922 [pool-3-thread-1] INFO  com.rs.mv.mvvs.client.catalog.from.config.MappingConfigReader - [client:400207]parse mapping config information
2024-12-08 14:25:49.922 [pool-3-thread-1] INFO  com.rs.mv.mvvs.client.catalog.manager.U2CatalogManager - [client:400202]start a schedule task to get global/local catalog for hasown, its period 5s 
2024-12-08 14:25:49.923 [pool-3-thread-1] INFO  com.rs.mv.mvvs.client.catalog.manager.U2CatalogManager - [client:400203]cache file auto update thread launch in is-core-module account
2024-12-08 14:25:49.929 [pool-3-thread-1] INFO  com.rs.mv.mvvs.client.catalog.from.config.DirsConfigReader - [client:400206]parse dir config information
2024-12-08 14:25:49.930 [pool-3-thread-1] INFO  com.rs.mv.mvvs.client.catalog.from.config.MappingConfigReader - [client:400207]parse mapping config information
2024-12-08 14:25:49.932 [pool-3-thread-1] INFO  com.rs.mv.mvvs.client.catalog.manager.U2CatalogManager - [client:400202]start a schedule task to get global/local catalog for is-core-module, its period 5s 
2024-12-08 14:25:49.933 [pool-3-thread-1] INFO  com.rs.mv.mvvs.client.catalog.manager.U2CatalogManager - [client:400203]cache file auto update thread launch in isexe account
2024-12-08 14:25:49.934 [pool-3-thread-1] INFO  com.rs.mv.mvvs.client.catalog.from.config.DirsConfigReader - [client:400206]parse dir config information
2024-12-08 14:25:49.935 [pool-3-thread-1] INFO  com.rs.mv.mvvs.client.catalog.from.config.MappingConfigReader - [client:400207]parse mapping config information
2024-12-08 14:25:49.935 [pool-3-thread-1] INFO  com.rs.mv.mvvs.client.catalog.manager.U2CatalogManager - [client:400202]start a schedule task to get global/local catalog for isexe, its period 5s 
2024-12-08 14:25:49.936 [pool-3-thread-1] INFO  com.rs.mv.mvvs.client.catalog.manager.U2CatalogManager - [client:400203]cache file auto update thread launch in jackspeak account
2024-12-08 14:25:49.943 [pool-3-thread-1] INFO  com.rs.mv.mvvs.client.catalog.from.config.DirsConfigReader - [client:400206]parse dir config information
2024-12-08 14:25:49.944 [pool-3-thread-1] INFO  com.rs.mv.mvvs.client.catalog.from.config.MappingConfigReader - [client:400207]parse mapping config information
2024-12-08 14:25:49.944 [pool-3-thread-1] INFO  com.rs.mv.mvvs.client.catalog.manager.U2CatalogManager - [client:400202]start a schedule task to get global/local catalog for jackspeak, its period 5s 
2024-12-08 14:25:49.947 [pool-3-thread-1] INFO  com.rs.mv.mvvs.client.catalog.manager.U2CatalogManager - [client:400203]cache file auto update thread launch in dist account
2024-12-08 14:25:49.948 [pool-3-thread-1] INFO  com.rs.mv.mvvs.client.catalog.from.config.DirsConfigReader - [client:400206]parse dir config information
2024-12-08 14:25:49.950 [pool-3-thread-1] INFO  com.rs.mv.mvvs.client.catalog.from.config.MappingConfigReader - [client:400207]parse mapping config information
2024-12-08 14:25:49.951 [pool-3-thread-1] INFO  com.rs.mv.mvvs.client.catalog.manager.U2CatalogManager - [client:400202]start a schedule task to get global/local catalog for dist, its period 5s 
2024-12-08 14:25:49.960 [pool-3-thread-1] INFO  com.rs.mv.mvvs.client.catalog.manager.U2CatalogManager - [client:400203]cache file auto update thread launch in jiti account
2024-12-08 14:25:49.961 [pool-3-thread-1] INFO  com.rs.mv.mvvs.client.catalog.from.config.DirsConfigReader - [client:400206]parse dir config information
2024-12-08 14:25:49.962 [pool-3-thread-1] INFO  com.rs.mv.mvvs.client.catalog.from.config.MappingConfigReader - [client:400207]parse mapping config information
2024-12-08 14:25:49.963 [pool-3-thread-1] INFO  com.rs.mv.mvvs.client.catalog.manager.U2CatalogManager - [client:400202]start a schedule task to get global/local catalog for jiti, its period 5s 
2024-12-08 14:25:49.964 [pool-3-thread-1] INFO  com.rs.mv.mvvs.client.catalog.manager.U2CatalogManager - [client:400203]cache file auto update thread launch in dist account
2024-12-08 14:25:49.967 [pool-3-thread-1] INFO  com.rs.mv.mvvs.client.catalog.from.config.DirsConfigReader - [client:400206]parse dir config information
2024-12-08 14:25:49.970 [pool-3-thread-1] INFO  com.rs.mv.mvvs.client.catalog.from.config.MappingConfigReader - [client:400207]parse mapping config information
2024-12-08 14:25:49.970 [pool-3-thread-1] INFO  com.rs.mv.mvvs.client.catalog.manager.U2CatalogManager - [client:400202]start a schedule task to get global/local catalog for dist, its period 5s 
2024-12-08 14:25:49.981 [pool-3-thread-1] INFO  com.rs.mv.mvvs.client.catalog.manager.U2CatalogManager - [client:400203]cache file auto update thread launch in lilconfig account
2024-12-08 14:25:49.985 [pool-3-thread-1] INFO  com.rs.mv.mvvs.client.catalog.from.config.DirsConfigReader - [client:400206]parse dir config information
2024-12-08 14:25:49.985 [pool-3-thread-1] INFO  com.rs.mv.mvvs.client.catalog.from.config.MappingConfigReader - [client:400207]parse mapping config information
2024-12-08 14:25:49.986 [pool-3-thread-1] INFO  com.rs.mv.mvvs.client.catalog.manager.U2CatalogManager - [client:400202]start a schedule task to get global/local catalog for lilconfig, its period 5s 
2024-12-08 14:25:49.987 [pool-3-thread-1] INFO  com.rs.mv.mvvs.client.catalog.manager.U2CatalogManager - [client:400203]cache file auto update thread launch in lines-and-columns account
2024-12-08 14:25:49.987 [pool-3-thread-1] INFO  com.rs.mv.mvvs.client.catalog.from.config.DirsConfigReader - [client:400206]parse dir config information
2024-12-08 14:25:49.988 [pool-3-thread-1] INFO  com.rs.mv.mvvs.client.catalog.from.config.MappingConfigReader - [client:400207]parse mapping config information
2024-12-08 14:25:49.988 [pool-3-thread-1] INFO  com.rs.mv.mvvs.client.catalog.manager.U2CatalogManager - [client:400202]start a schedule task to get global/local catalog for lines-and-columns, its period 5s 
2024-12-08 14:25:49.989 [pool-3-thread-1] INFO  com.rs.mv.mvvs.client.catalog.manager.U2CatalogManager - [client:400203]cache file auto update thread launch in lru-cache account
2024-12-08 14:25:49.990 [pool-3-thread-1] INFO  com.rs.mv.mvvs.client.catalog.from.config.DirsConfigReader - [client:400206]parse dir config information
2024-12-08 14:25:49.990 [pool-3-thread-1] INFO  com.rs.mv.mvvs.client.catalog.from.config.MappingConfigReader - [client:400207]parse mapping config information
2024-12-08 14:25:49.991 [pool-3-thread-1] INFO  com.rs.mv.mvvs.client.catalog.manager.U2CatalogManager - [client:400202]start a schedule task to get global/local catalog for lru-cache, its period 5s 
2024-12-08 14:25:49.992 [pool-3-thread-1] INFO  com.rs.mv.mvvs.client.catalog.manager.U2CatalogManager - [client:400203]cache file auto update thread launch in dist account
2024-12-08 14:25:49.992 [pool-3-thread-1] INFO  com.rs.mv.mvvs.client.catalog.from.config.DirsConfigReader - [client:400206]parse dir config information
2024-12-08 14:25:49.993 [pool-3-thread-1] INFO  com.rs.mv.mvvs.client.catalog.from.config.MappingConfigReader - [client:400207]parse mapping config information
2024-12-08 14:25:49.993 [pool-3-thread-1] INFO  com.rs.mv.mvvs.client.catalog.manager.U2CatalogManager - [client:400202]start a schedule task to get global/local catalog for dist, its period 5s 
2024-12-08 14:25:49.994 [pool-3-thread-1] INFO  com.rs.mv.mvvs.client.catalog.manager.U2CatalogManager - [client:400203]cache file auto update thread launch in minimatch account
2024-12-08 14:25:49.994 [pool-3-thread-1] INFO  com.rs.mv.mvvs.client.catalog.from.config.DirsConfigReader - [client:400206]parse dir config information
2024-12-08 14:25:49.995 [pool-3-thread-1] INFO  com.rs.mv.mvvs.client.catalog.from.config.MappingConfigReader - [client:400207]parse mapping config information
2024-12-08 14:25:49.995 [pool-3-thread-1] INFO  com.rs.mv.mvvs.client.catalog.manager.U2CatalogManager - [client:400202]start a schedule task to get global/local catalog for minimatch, its period 5s 
2024-12-08 14:25:49.996 [pool-3-thread-1] INFO  com.rs.mv.mvvs.client.catalog.manager.U2CatalogManager - [client:400203]cache file auto update thread launch in dist account
2024-12-08 14:25:49.997 [pool-3-thread-1] INFO  com.rs.mv.mvvs.client.catalog.from.config.DirsConfigReader - [client:400206]parse dir config information
2024-12-08 14:25:49.999 [pool-3-thread-1] INFO  com.rs.mv.mvvs.client.catalog.from.config.MappingConfigReader - [client:400207]parse mapping config information
2024-12-08 14:25:50.000 [pool-3-thread-1] INFO  com.rs.mv.mvvs.client.catalog.manager.U2CatalogManager - [client:400202]start a schedule task to get global/local catalog for dist, its period 5s 
2024-12-08 14:25:50.001 [pool-3-thread-1] INFO  com.rs.mv.mvvs.client.catalog.manager.U2CatalogManager - [client:400203]cache file auto update thread launch in minipass account
2024-12-08 14:25:50.002 [pool-3-thread-1] INFO  com.rs.mv.mvvs.client.catalog.from.config.DirsConfigReader - [client:400206]parse dir config information
2024-12-08 14:25:50.002 [pool-3-thread-1] INFO  com.rs.mv.mvvs.client.catalog.from.config.MappingConfigReader - [client:400207]parse mapping config information
2024-12-08 14:25:50.003 [pool-3-thread-1] INFO  com.rs.mv.mvvs.client.catalog.manager.U2CatalogManager - [client:400202]start a schedule task to get global/local catalog for minipass, its period 5s 
2024-12-08 14:25:50.003 [pool-3-thread-1] INFO  com.rs.mv.mvvs.client.catalog.manager.U2CatalogManager - [client:400203]cache file auto update thread launch in dist account
2024-12-08 14:25:50.004 [pool-3-thread-1] INFO  com.rs.mv.mvvs.client.catalog.from.config.DirsConfigReader - [client:400206]parse dir config information
2024-12-08 14:25:50.004 [pool-3-thread-1] INFO  com.rs.mv.mvvs.client.catalog.from.config.MappingConfigReader - [client:400207]parse mapping config information
2024-12-08 14:25:50.005 [pool-3-thread-1] INFO  com.rs.mv.mvvs.client.catalog.manager.U2CatalogManager - [client:400202]start a schedule task to get global/local catalog for dist, its period 5s 
2024-12-08 14:25:50.006 [pool-3-thread-1] INFO  com.rs.mv.mvvs.client.catalog.manager.U2CatalogManager - [client:400203]cache file auto update thread launch in nanoid account
2024-12-08 14:25:50.006 [pool-3-thread-1] INFO  com.rs.mv.mvvs.client.catalog.from.config.DirsConfigReader - [client:400206]parse dir config information
2024-12-08 14:25:50.077 [pool-3-thread-1] INFO  com.rs.mv.mvvs.client.catalog.from.config.MappingConfigReader - [client:400207]parse mapping config information
2024-12-08 14:25:50.078 [pool-3-thread-1] INFO  com.rs.mv.mvvs.client.catalog.manager.U2CatalogManager - [client:400202]start a schedule task to get global/local catalog for nanoid, its period 5s 
2024-12-08 14:25:50.079 [pool-3-thread-1] INFO  com.rs.mv.mvvs.client.catalog.manager.U2CatalogManager - [client:400203]cache file auto update thread launch in object-hash account
2024-12-08 14:25:50.080 [pool-3-thread-1] INFO  com.rs.mv.mvvs.client.catalog.from.config.DirsConfigReader - [client:400206]parse dir config information
2024-12-08 14:25:50.082 [pool-3-thread-1] INFO  com.rs.mv.mvvs.client.catalog.from.config.MappingConfigReader - [client:400207]parse mapping config information
2024-12-08 14:25:50.083 [pool-3-thread-1] INFO  com.rs.mv.mvvs.client.catalog.manager.U2CatalogManager - [client:400202]start a schedule task to get global/local catalog for object-hash, its period 5s 
2024-12-08 14:25:50.084 [pool-3-thread-1] INFO  com.rs.mv.mvvs.client.catalog.manager.U2CatalogManager - [client:400203]cache file auto update thread launch in package-json-from-dist account
2024-12-08 14:25:50.084 [pool-3-thread-1] INFO  com.rs.mv.mvvs.client.catalog.from.config.DirsConfigReader - [client:400206]parse dir config information
2024-12-08 14:25:50.085 [pool-3-thread-1] INFO  com.rs.mv.mvvs.client.catalog.from.config.MappingConfigReader - [client:400207]parse mapping config information
2024-12-08 14:25:50.085 [pool-3-thread-1] INFO  com.rs.mv.mvvs.client.catalog.manager.U2CatalogManager - [client:400202]start a schedule task to get global/local catalog for package-json-from-dist, its period 5s 
2024-12-08 14:25:50.086 [pool-3-thread-1] INFO  com.rs.mv.mvvs.client.catalog.manager.U2CatalogManager - [client:400203]cache file auto update thread launch in dist account
2024-12-08 14:25:50.087 [pool-3-thread-1] INFO  com.rs.mv.mvvs.client.catalog.from.config.DirsConfigReader - [client:400206]parse dir config information
2024-12-08 14:25:50.087 [pool-3-thread-1] INFO  com.rs.mv.mvvs.client.catalog.from.config.MappingConfigReader - [client:400207]parse mapping config information
2024-12-08 14:25:50.089 [pool-3-thread-1] INFO  com.rs.mv.mvvs.client.catalog.manager.U2CatalogManager - [client:400202]start a schedule task to get global/local catalog for dist, its period 5s 
2024-12-08 14:25:50.090 [pool-3-thread-1] INFO  com.rs.mv.mvvs.client.catalog.manager.U2CatalogManager - [client:400203]cache file auto update thread launch in path-scurry account
2024-12-08 14:25:50.091 [pool-3-thread-1] INFO  com.rs.mv.mvvs.client.catalog.from.config.DirsConfigReader - [client:400206]parse dir config information
2024-12-08 14:25:50.092 [pool-3-thread-1] INFO  com.rs.mv.mvvs.client.catalog.from.config.MappingConfigReader - [client:400207]parse mapping config information
2024-12-08 14:25:53.235 [pool-3-thread-1] INFO  com.rs.mv.mvvs.client.catalog.manager.U2CatalogManager - [client:400202]start a schedule task to get global/local catalog for path-scurry, its period 5s 
2024-12-08 14:25:53.236 [pool-3-thread-1] INFO  com.rs.mv.mvvs.client.catalog.manager.U2CatalogManager - [client:400203]cache file auto update thread launch in dist account
2024-12-08 14:25:53.237 [pool-3-thread-1] INFO  com.rs.mv.mvvs.client.catalog.from.config.DirsConfigReader - [client:400206]parse dir config information
2024-12-08 14:25:53.237 [pool-3-thread-1] INFO  com.rs.mv.mvvs.client.catalog.from.config.MappingConfigReader - [client:400207]parse mapping config information
2024-12-08 14:25:53.238 [pool-3-thread-1] INFO  com.rs.mv.mvvs.client.catalog.manager.U2CatalogManager - [client:400202]start a schedule task to get global/local catalog for dist, its period 5s 
2024-12-08 14:25:53.239 [pool-3-thread-1] INFO  com.rs.mv.mvvs.client.catalog.manager.U2CatalogManager - [client:400203]cache file auto update thread launch in picomatch account
2024-12-08 14:25:53.240 [pool-3-thread-1] INFO  com.rs.mv.mvvs.client.catalog.from.config.DirsConfigReader - [client:400206]parse dir config information
2024-12-08 14:25:53.240 [pool-3-thread-1] INFO  com.rs.mv.mvvs.client.catalog.from.config.MappingConfigReader - [client:400207]parse mapping config information
2024-12-08 14:25:53.241 [pool-3-thread-1] INFO  com.rs.mv.mvvs.client.catalog.manager.U2CatalogManager - [client:400202]start a schedule task to get global/local catalog for picomatch, its period 5s 
2024-12-08 14:25:53.242 [pool-3-thread-1] INFO  com.rs.mv.mvvs.client.catalog.manager.U2CatalogManager - [client:400203]cache file auto update thread launch in pirates account
2024-12-08 14:25:53.242 [pool-3-thread-1] INFO  com.rs.mv.mvvs.client.catalog.from.config.DirsConfigReader - [client:400206]parse dir config information
2024-12-08 14:25:53.243 [pool-3-thread-1] INFO  com.rs.mv.mvvs.client.catalog.from.config.MappingConfigReader - [client:400207]parse mapping config information
2024-12-08 14:25:53.244 [pool-3-thread-1] INFO  com.rs.mv.mvvs.client.catalog.manager.U2CatalogManager - [client:400202]start a schedule task to get global/local catalog for pirates, its period 5s 
2024-12-08 14:25:53.245 [pool-3-thread-1] INFO  com.rs.mv.mvvs.client.catalog.manager.U2CatalogManager - [client:400203]cache file auto update thread launch in postcss account
2024-12-08 14:25:53.248 [pool-3-thread-1] INFO  com.rs.mv.mvvs.client.catalog.from.config.DirsConfigReader - [client:400206]parse dir config information
2024-12-08 14:25:53.248 [pool-3-thread-1] INFO  com.rs.mv.mvvs.client.catalog.from.config.MappingConfigReader - [client:400207]parse mapping config information
2024-12-08 14:25:53.250 [pool-3-thread-1] INFO  com.rs.mv.mvvs.client.catalog.manager.U2CatalogManager - [client:400202]start a schedule task to get global/local catalog for postcss, its period 5s 
2024-12-08 14:25:53.251 [pool-3-thread-1] INFO  com.rs.mv.mvvs.client.catalog.manager.U2CatalogManager - [client:400203]cache file auto update thread launch in postcss-import account
2024-12-08 14:25:53.252 [pool-3-thread-1] INFO  com.rs.mv.mvvs.client.catalog.from.config.DirsConfigReader - [client:400206]parse dir config information
2024-12-08 14:25:53.252 [pool-3-thread-1] INFO  com.rs.mv.mvvs.client.catalog.from.config.MappingConfigReader - [client:400207]parse mapping config information
2024-12-08 14:25:53.253 [pool-3-thread-1] INFO  com.rs.mv.mvvs.client.catalog.manager.U2CatalogManager - [client:400202]start a schedule task to get global/local catalog for postcss-import, its period 5s 
2024-12-08 14:25:53.254 [pool-3-thread-1] INFO  com.rs.mv.mvvs.client.catalog.manager.U2CatalogManager - [client:400203]cache file auto update thread launch in postcss-load-config account
2024-12-08 14:25:53.255 [pool-3-thread-1] INFO  com.rs.mv.mvvs.client.catalog.from.config.DirsConfigReader - [client:400206]parse dir config information
2024-12-08 14:25:53.255 [pool-3-thread-1] INFO  com.rs.mv.mvvs.client.catalog.from.config.MappingConfigReader - [client:400207]parse mapping config information
2024-12-08 14:25:53.256 [pool-3-thread-1] INFO  com.rs.mv.mvvs.client.catalog.manager.U2CatalogManager - [client:400202]start a schedule task to get global/local catalog for postcss-load-config, its period 5s 
2024-12-08 14:25:53.257 [pool-3-thread-1] INFO  com.rs.mv.mvvs.client.catalog.manager.U2CatalogManager - [client:400203]cache file auto update thread launch in node_modules account
2024-12-08 14:25:53.258 [pool-3-thread-1] INFO  com.rs.mv.mvvs.client.catalog.from.config.DirsConfigReader - [client:400206]parse dir config information
2024-12-08 14:25:53.268 [pool-3-thread-1] INFO  com.rs.mv.mvvs.client.catalog.from.config.MappingConfigReader - [client:400207]parse mapping config information
2024-12-08 14:25:53.269 [pool-3-thread-1] INFO  com.rs.mv.mvvs.client.catalog.manager.U2CatalogManager - [client:400202]start a schedule task to get global/local catalog for node_modules, its period 5s 
2024-12-08 14:25:53.270 [pool-3-thread-1] INFO  com.rs.mv.mvvs.client.catalog.manager.U2CatalogManager - [client:400203]cache file auto update thread launch in lilconfig account
2024-12-08 14:25:53.270 [pool-3-thread-1] INFO  com.rs.mv.mvvs.client.catalog.from.config.DirsConfigReader - [client:400206]parse dir config information
2024-12-08 14:25:53.271 [pool-3-thread-1] INFO  com.rs.mv.mvvs.client.catalog.from.config.MappingConfigReader - [client:400207]parse mapping config information
2024-12-08 14:25:53.271 [pool-3-thread-1] INFO  com.rs.mv.mvvs.client.catalog.manager.U2CatalogManager - [client:400202]start a schedule task to get global/local catalog for lilconfig, its period 5s 
2024-12-08 14:25:53.272 [pool-3-thread-1] INFO  com.rs.mv.mvvs.client.catalog.manager.U2CatalogManager - [client:400203]cache file auto update thread launch in postcss-selector-parser account
2024-12-08 14:25:53.273 [pool-3-thread-1] INFO  com.rs.mv.mvvs.client.catalog.from.config.DirsConfigReader - [client:400206]parse dir config information
2024-12-08 14:25:53.273 [pool-3-thread-1] INFO  com.rs.mv.mvvs.client.catalog.from.config.MappingConfigReader - [client:400207]parse mapping config information
2024-12-08 14:25:53.275 [pool-3-thread-1] INFO  com.rs.mv.mvvs.client.catalog.manager.U2CatalogManager - [client:400202]start a schedule task to get global/local catalog for postcss-selector-parser, its period 5s 
2024-12-08 14:25:53.277 [pool-3-thread-1] INFO  com.rs.mv.mvvs.client.catalog.manager.U2CatalogManager - [client:400203]cache file auto update thread launch in dist account
2024-12-08 14:25:53.278 [pool-3-thread-1] INFO  com.rs.mv.mvvs.client.catalog.from.config.DirsConfigReader - [client:400206]parse dir config information
2024-12-08 14:25:53.278 [pool-3-thread-1] INFO  com.rs.mv.mvvs.client.catalog.from.config.MappingConfigReader - [client:400207]parse mapping config information
2024-12-08 14:25:53.279 [pool-3-thread-1] INFO  com.rs.mv.mvvs.client.catalog.manager.U2CatalogManager - [client:400202]start a schedule task to get global/local catalog for dist, its period 5s 
2024-12-08 14:25:53.281 [pool-3-thread-1] INFO  com.rs.mv.mvvs.client.catalog.manager.U2CatalogManager - [client:400203]cache file auto update thread launch in postcss-value-parser account
2024-12-08 14:25:53.282 [pool-3-thread-1] INFO  com.rs.mv.mvvs.client.catalog.from.config.DirsConfigReader - [client:400206]parse dir config information
2024-12-08 14:25:53.287 [pool-3-thread-1] INFO  com.rs.mv.mvvs.client.catalog.from.config.MappingConfigReader - [client:400207]parse mapping config information
2024-12-08 14:25:53.288 [pool-3-thread-1] INFO  com.rs.mv.mvvs.client.catalog.manager.U2CatalogManager - [client:400202]start a schedule task to get global/local catalog for postcss-value-parser, its period 5s 
2024-12-08 14:25:53.289 [pool-3-thread-1] INFO  com.rs.mv.mvvs.client.catalog.manager.U2CatalogManager - [client:400203]cache file auto update thread launch in resolve account
2024-12-08 14:25:53.290 [pool-3-thread-1] INFO  com.rs.mv.mvvs.client.catalog.from.config.DirsConfigReader - [client:400206]parse dir config information
2024-12-08 14:25:53.290 [pool-3-thread-1] INFO  com.rs.mv.mvvs.client.catalog.from.config.MappingConfigReader - [client:400207]parse mapping config information
2024-12-08 14:25:53.291 [pool-3-thread-1] INFO  com.rs.mv.mvvs.client.catalog.manager.U2CatalogManager - [client:400202]start a schedule task to get global/local catalog for resolve, its period 5s 
2024-12-08 14:25:53.293 [pool-3-thread-1] INFO  com.rs.mv.mvvs.client.catalog.manager.U2CatalogManager - [client:400203]cache file auto update thread launch in test account
2024-12-08 14:25:53.293 [pool-3-thread-1] INFO  com.rs.mv.mvvs.client.catalog.from.config.DirsConfigReader - [client:400206]parse dir config information
2024-12-08 14:25:53.294 [pool-3-thread-1] INFO  com.rs.mv.mvvs.client.catalog.from.config.MappingConfigReader - [client:400207]parse mapping config information
2024-12-08 14:25:53.294 [pool-3-thread-1] INFO  com.rs.mv.mvvs.client.catalog.manager.U2CatalogManager - [client:400202]start a schedule task to get global/local catalog for test, its period 5s 
2024-12-08 14:25:53.295 [pool-3-thread-1] INFO  com.rs.mv.mvvs.client.catalog.manager.U2CatalogManager - [client:400203]cache file auto update thread launch in dotdot account
2024-12-08 14:25:53.297 [pool-3-thread-1] INFO  com.rs.mv.mvvs.client.catalog.from.config.DirsConfigReader - [client:400206]parse dir config information
2024-12-08 14:25:53.298 [pool-3-thread-1] INFO  com.rs.mv.mvvs.client.catalog.from.config.MappingConfigReader - [client:400207]parse mapping config information
2024-12-08 14:25:53.299 [pool-3-thread-1] INFO  com.rs.mv.mvvs.client.catalog.manager.U2CatalogManager - [client:400202]start a schedule task to get global/local catalog for dotdot, its period 5s 
2024-12-08 14:25:53.403 [pool-3-thread-1] INFO  com.rs.mv.mvvs.client.catalog.manager.U2CatalogManager - [client:400203]cache file auto update thread launch in module_dir account
2024-12-08 14:25:53.426 [pool-3-thread-1] INFO  com.rs.mv.mvvs.client.catalog.from.config.DirsConfigReader - [client:400206]parse dir config information
2024-12-08 14:25:53.443 [pool-3-thread-1] INFO  com.rs.mv.mvvs.client.catalog.from.config.MappingConfigReader - [client:400207]parse mapping config information
2024-12-08 14:25:53.459 [pool-3-thread-1] INFO  com.rs.mv.mvvs.client.catalog.manager.U2CatalogManager - [client:400202]start a schedule task to get global/local catalog for module_dir, its period 5s 
2024-12-08 14:25:53.460 [pool-3-thread-1] INFO  com.rs.mv.mvvs.client.catalog.manager.U2CatalogManager - [client:400203]cache file auto update thread launch in xmodules account
2024-12-08 14:25:53.476 [pool-3-thread-1] INFO  com.rs.mv.mvvs.client.catalog.from.config.DirsConfigReader - [client:400206]parse dir config information
2024-12-08 14:25:53.478 [pool-3-thread-1] INFO  com.rs.mv.mvvs.client.catalog.from.config.MappingConfigReader - [client:400207]parse mapping config information
2024-12-08 14:25:53.479 [pool-3-thread-1] INFO  com.rs.mv.mvvs.client.catalog.manager.U2CatalogManager - [client:400202]start a schedule task to get global/local catalog for xmodules, its period 5s 
2024-12-08 14:25:53.483 [pool-3-thread-1] INFO  com.rs.mv.mvvs.client.catalog.manager.U2CatalogManager - [client:400203]cache file auto update thread launch in ymodules account
2024-12-08 14:25:53.489 [pool-3-thread-1] INFO  com.rs.mv.mvvs.client.catalog.from.config.DirsConfigReader - [client:400206]parse dir config information
2024-12-08 14:25:53.491 [pool-3-thread-1] INFO  com.rs.mv.mvvs.client.catalog.from.config.MappingConfigReader - [client:400207]parse mapping config information
2024-12-08 14:25:53.492 [pool-3-thread-1] INFO  com.rs.mv.mvvs.client.catalog.manager.U2CatalogManager - [client:400202]start a schedule task to get global/local catalog for ymodules, its period 5s 
2024-12-08 14:25:53.493 [pool-3-thread-1] INFO  com.rs.mv.mvvs.client.catalog.manager.U2CatalogManager - [client:400203]cache file auto update thread launch in zmodules account
2024-12-08 14:25:53.493 [pool-3-thread-1] INFO  com.rs.mv.mvvs.client.catalog.from.config.DirsConfigReader - [client:400206]parse dir config information
2024-12-08 14:25:53.494 [pool-3-thread-1] INFO  com.rs.mv.mvvs.client.catalog.from.config.MappingConfigReader - [client:400207]parse mapping config information
2024-12-08 14:25:53.496 [pool-3-thread-1] INFO  com.rs.mv.mvvs.client.catalog.manager.U2CatalogManager - [client:400202]start a schedule task to get global/local catalog for zmodules, its period 5s 
2024-12-08 14:25:53.500 [pool-3-thread-1] INFO  com.rs.mv.mvvs.client.catalog.manager.U2CatalogManager - [client:400203]cache file auto update thread launch in node_path account
2024-12-08 14:25:53.501 [pool-3-thread-1] INFO  com.rs.mv.mvvs.client.catalog.from.config.DirsConfigReader - [client:400206]parse dir config information
2024-12-08 14:25:53.503 [pool-3-thread-1] INFO  com.rs.mv.mvvs.client.catalog.from.config.MappingConfigReader - [client:400207]parse mapping config information
2024-12-08 14:25:53.503 [pool-3-thread-1] INFO  com.rs.mv.mvvs.client.catalog.manager.U2CatalogManager - [client:400202]start a schedule task to get global/local catalog for node_path, its period 5s 
2024-12-08 14:25:53.534 [pool-3-thread-1] INFO  com.rs.mv.mvvs.client.catalog.manager.U2CatalogManager - [client:400203]cache file auto update thread launch in x account
2024-12-08 14:25:53.534 [pool-3-thread-1] INFO  com.rs.mv.mvvs.client.catalog.from.config.DirsConfigReader - [client:400206]parse dir config information
2024-12-08 14:25:53.535 [pool-3-thread-1] INFO  com.rs.mv.mvvs.client.catalog.from.config.MappingConfigReader - [client:400207]parse mapping config information
2024-12-08 14:25:53.536 [pool-3-thread-1] INFO  com.rs.mv.mvvs.client.catalog.manager.U2CatalogManager - [client:400202]start a schedule task to get global/local catalog for x, its period 5s 
2024-12-08 14:25:53.537 [pool-3-thread-1] INFO  com.rs.mv.mvvs.client.catalog.manager.U2CatalogManager - [client:400203]cache file auto update thread launch in y account
2024-12-08 14:25:53.537 [pool-3-thread-1] INFO  com.rs.mv.mvvs.client.catalog.from.config.DirsConfigReader - [client:400206]parse dir config information
2024-12-08 14:25:53.538 [pool-3-thread-1] INFO  com.rs.mv.mvvs.client.catalog.from.config.MappingConfigReader - [client:400207]parse mapping config information
2024-12-08 14:25:53.538 [pool-3-thread-1] INFO  com.rs.mv.mvvs.client.catalog.manager.U2CatalogManager - [client:400202]start a schedule task to get global/local catalog for y, its period 5s 
2024-12-08 14:25:53.539 [pool-3-thread-1] INFO  com.rs.mv.mvvs.client.catalog.manager.U2CatalogManager - [client:400203]cache file auto update thread launch in pathfilter account
2024-12-08 14:25:53.558 [pool-3-thread-1] INFO  com.rs.mv.mvvs.client.catalog.from.config.DirsConfigReader - [client:400206]parse dir config information
2024-12-08 14:25:53.559 [pool-3-thread-1] INFO  com.rs.mv.mvvs.client.catalog.from.config.MappingConfigReader - [client:400207]parse mapping config information
2024-12-08 14:25:53.562 [pool-3-thread-1] INFO  com.rs.mv.mvvs.client.catalog.manager.U2CatalogManager - [client:400202]start a schedule task to get global/local catalog for pathfilter, its period 5s 
2024-12-08 14:25:53.565 [pool-3-thread-1] INFO  com.rs.mv.mvvs.client.catalog.manager.U2CatalogManager - [client:400203]cache file auto update thread launch in precedence account
2024-12-08 14:25:53.567 [pool-3-thread-1] INFO  com.rs.mv.mvvs.client.catalog.from.config.DirsConfigReader - [client:400206]parse dir config information
2024-12-08 14:25:53.567 [pool-3-thread-1] INFO  com.rs.mv.mvvs.client.catalog.from.config.MappingConfigReader - [client:400207]parse mapping config information
2024-12-08 14:25:53.572 [pool-3-thread-1] INFO  com.rs.mv.mvvs.client.catalog.manager.U2CatalogManager - [client:400202]start a schedule task to get global/local catalog for precedence, its period 5s 
2024-12-08 14:25:53.574 [pool-3-thread-1] INFO  com.rs.mv.mvvs.client.catalog.manager.U2CatalogManager - [client:400203]cache file auto update thread launch in resolver account
2024-12-08 14:25:53.574 [pool-3-thread-1] INFO  com.rs.mv.mvvs.client.catalog.from.config.DirsConfigReader - [client:400206]parse dir config information
2024-12-08 14:25:53.575 [pool-3-thread-1] INFO  com.rs.mv.mvvs.client.catalog.from.config.MappingConfigReader - [client:400207]parse mapping config information
2024-12-08 14:25:53.575 [pool-3-thread-1] INFO  com.rs.mv.mvvs.client.catalog.manager.U2CatalogManager - [client:400202]start a schedule task to get global/local catalog for resolver, its period 5s 
2024-12-08 14:25:53.576 [pool-3-thread-1] INFO  com.rs.mv.mvvs.client.catalog.manager.U2CatalogManager - [client:400203]cache file auto update thread launch in multirepo account
2024-12-08 14:25:53.577 [pool-3-thread-1] INFO  com.rs.mv.mvvs.client.catalog.from.config.DirsConfigReader - [client:400206]parse dir config information
2024-12-08 14:25:53.579 [pool-3-thread-1] INFO  com.rs.mv.mvvs.client.catalog.from.config.MappingConfigReader - [client:400207]parse mapping config information
2024-12-08 14:25:53.580 [pool-3-thread-1] INFO  com.rs.mv.mvvs.client.catalog.manager.U2CatalogManager - [client:400202]start a schedule task to get global/local catalog for multirepo, its period 5s 
2024-12-08 14:25:53.582 [pool-3-thread-1] INFO  com.rs.mv.mvvs.client.catalog.manager.U2CatalogManager - [client:400203]cache file auto update thread launch in packages account
2024-12-08 14:25:53.583 [pool-3-thread-1] INFO  com.rs.mv.mvvs.client.catalog.from.config.DirsConfigReader - [client:400206]parse dir config information
2024-12-08 14:25:53.584 [pool-3-thread-1] INFO  com.rs.mv.mvvs.client.catalog.from.config.MappingConfigReader - [client:400207]parse mapping config information
2024-12-08 14:25:53.586 [pool-3-thread-1] INFO  com.rs.mv.mvvs.client.catalog.manager.U2CatalogManager - [client:400202]start a schedule task to get global/local catalog for packages, its period 5s 
2024-12-08 14:25:53.587 [pool-3-thread-1] INFO  com.rs.mv.mvvs.client.catalog.manager.U2CatalogManager - [client:400203]cache file auto update thread launch in nested_symlinks account
2024-12-08 14:25:53.587 [pool-3-thread-1] INFO  com.rs.mv.mvvs.client.catalog.from.config.DirsConfigReader - [client:400206]parse dir config information
2024-12-08 14:25:53.588 [pool-3-thread-1] INFO  com.rs.mv.mvvs.client.catalog.from.config.MappingConfigReader - [client:400207]parse mapping config information
2024-12-08 14:25:53.589 [pool-3-thread-1] INFO  com.rs.mv.mvvs.client.catalog.manager.U2CatalogManager - [client:400202]start a schedule task to get global/local catalog for nested_symlinks, its period 5s 
2024-12-08 14:25:53.591 [pool-3-thread-1] INFO  com.rs.mv.mvvs.client.catalog.manager.U2CatalogManager - [client:400203]cache file auto update thread launch in other_path account
2024-12-08 14:25:53.592 [pool-3-thread-1] INFO  com.rs.mv.mvvs.client.catalog.from.config.DirsConfigReader - [client:400206]parse dir config information
2024-12-08 14:25:53.592 [pool-3-thread-1] INFO  com.rs.mv.mvvs.client.catalog.from.config.MappingConfigReader - [client:400207]parse mapping config information
2024-12-08 14:25:53.594 [pool-3-thread-1] INFO  com.rs.mv.mvvs.client.catalog.manager.U2CatalogManager - [client:400202]start a schedule task to get global/local catalog for other_path, its period 5s 
2024-12-08 14:25:53.594 [pool-3-thread-1] INFO  com.rs.mv.mvvs.client.catalog.manager.U2CatalogManager - [client:400203]cache file auto update thread launch in quux account
2024-12-08 14:25:53.595 [pool-3-thread-1] INFO  com.rs.mv.mvvs.client.catalog.from.config.DirsConfigReader - [client:400206]parse dir config information
2024-12-08 14:25:53.595 [pool-3-thread-1] INFO  com.rs.mv.mvvs.client.catalog.from.config.MappingConfigReader - [client:400207]parse mapping config information
2024-12-08 14:25:53.596 [pool-3-thread-1] INFO  com.rs.mv.mvvs.client.catalog.manager.U2CatalogManager - [client:400202]start a schedule task to get global/local catalog for quux, its period 5s 
2024-12-08 14:25:53.598 [pool-3-thread-1] INFO  com.rs.mv.mvvs.client.catalog.manager.U2CatalogManager - [client:400203]cache file auto update thread launch in same_names account
2024-12-08 14:25:53.598 [pool-3-thread-1] INFO  com.rs.mv.mvvs.client.catalog.from.config.DirsConfigReader - [client:400206]parse dir config information
2024-12-08 14:25:53.599 [pool-3-thread-1] INFO  com.rs.mv.mvvs.client.catalog.from.config.MappingConfigReader - [client:400207]parse mapping config information
2024-12-08 14:25:53.600 [pool-3-thread-1] INFO  com.rs.mv.mvvs.client.catalog.manager.U2CatalogManager - [client:400202]start a schedule task to get global/local catalog for same_names, its period 5s 
2024-12-08 14:25:53.600 [pool-3-thread-1] INFO  com.rs.mv.mvvs.client.catalog.manager.U2CatalogManager - [client:400203]cache file auto update thread launch in symlinked account
2024-12-08 14:25:53.601 [pool-3-thread-1] INFO  com.rs.mv.mvvs.client.catalog.from.config.DirsConfigReader - [client:400206]parse dir config information
2024-12-08 14:25:53.601 [pool-3-thread-1] INFO  com.rs.mv.mvvs.client.catalog.from.config.MappingConfigReader - [client:400207]parse mapping config information
2024-12-08 14:25:53.602 [pool-3-thread-1] INFO  com.rs.mv.mvvs.client.catalog.manager.U2CatalogManager - [client:400202]start a schedule task to get global/local catalog for symlinked, its period 5s 
2024-12-08 14:25:53.602 [pool-3-thread-1] INFO  com.rs.mv.mvvs.client.catalog.manager.U2CatalogManager - [client:400203]cache file auto update thread launch in _ account
2024-12-08 14:25:53.603 [pool-3-thread-1] INFO  com.rs.mv.mvvs.client.catalog.from.config.DirsConfigReader - [client:400206]parse dir config information
2024-12-08 14:25:53.603 [pool-3-thread-1] INFO  com.rs.mv.mvvs.client.catalog.from.config.MappingConfigReader - [client:400207]parse mapping config information
2024-12-08 14:25:53.604 [pool-3-thread-1] INFO  com.rs.mv.mvvs.client.catalog.manager.U2CatalogManager - [client:400202]start a schedule task to get global/local catalog for _, its period 5s 
2024-12-08 14:25:53.605 [pool-3-thread-1] INFO  com.rs.mv.mvvs.client.catalog.manager.U2CatalogManager - [client:400203]cache file auto update thread launch in shadowed_core account
2024-12-08 14:25:53.605 [pool-3-thread-1] INFO  com.rs.mv.mvvs.client.catalog.from.config.DirsConfigReader - [client:400206]parse dir config information
2024-12-08 14:25:53.608 [pool-3-thread-1] INFO  com.rs.mv.mvvs.client.catalog.from.config.MappingConfigReader - [client:400207]parse mapping config information
2024-12-08 14:25:53.608 [pool-3-thread-1] INFO  com.rs.mv.mvvs.client.catalog.manager.U2CatalogManager - [client:400202]start a schedule task to get global/local catalog for shadowed_core, its period 5s 
2024-12-08 14:25:53.609 [pool-3-thread-1] INFO  com.rs.mv.mvvs.client.catalog.manager.U2CatalogManager - [client:400203]cache file auto update thread launch in node_modules account
2024-12-08 14:25:53.634 [pool-3-thread-1] INFO  com.rs.mv.mvvs.client.catalog.from.config.DirsConfigReader - [client:400206]parse dir config information
2024-12-08 14:25:53.634 [pool-3-thread-1] INFO  com.rs.mv.mvvs.client.catalog.from.config.MappingConfigReader - [client:400207]parse mapping config information
2024-12-08 14:25:53.635 [pool-3-thread-1] INFO  com.rs.mv.mvvs.client.catalog.manager.U2CatalogManager - [client:400202]start a schedule task to get global/local catalog for node_modules, its period 5s 
2024-12-08 14:25:53.636 [pool-3-thread-1] INFO  com.rs.mv.mvvs.client.catalog.manager.U2CatalogManager - [client:400203]cache file auto update thread launch in reusify account
2024-12-08 14:25:53.666 [pool-3-thread-1] INFO  com.rs.mv.mvvs.client.catalog.from.config.DirsConfigReader - [client:400206]parse dir config information
2024-12-08 14:25:53.667 [pool-3-thread-1] INFO  com.rs.mv.mvvs.client.catalog.from.config.MappingConfigReader - [client:400207]parse mapping config information
2024-12-08 14:25:53.668 [pool-3-thread-1] INFO  com.rs.mv.mvvs.client.catalog.manager.U2CatalogManager - [client:400202]start a schedule task to get global/local catalog for reusify, its period 5s 
2024-12-08 14:25:53.672 [pool-3-thread-1] INFO  com.rs.mv.mvvs.client.catalog.manager.U2CatalogManager - [client:400203]cache file auto update thread launch in signal-exit account
2024-12-08 14:25:53.676 [pool-3-thread-1] INFO  com.rs.mv.mvvs.client.catalog.from.config.DirsConfigReader - [client:400206]parse dir config information
2024-12-08 14:25:53.677 [pool-3-thread-1] INFO  com.rs.mv.mvvs.client.catalog.from.config.MappingConfigReader - [client:400207]parse mapping config information
2024-12-08 14:25:53.678 [pool-3-thread-1] INFO  com.rs.mv.mvvs.client.catalog.manager.U2CatalogManager - [client:400202]start a schedule task to get global/local catalog for signal-exit, its period 5s 
2024-12-08 14:25:53.679 [pool-3-thread-1] INFO  com.rs.mv.mvvs.client.catalog.manager.U2CatalogManager - [client:400203]cache file auto update thread launch in dist account
2024-12-08 14:25:53.680 [pool-3-thread-1] INFO  com.rs.mv.mvvs.client.catalog.from.config.DirsConfigReader - [client:400206]parse dir config information
2024-12-08 14:25:53.681 [pool-3-thread-1] INFO  com.rs.mv.mvvs.client.catalog.from.config.MappingConfigReader - [client:400207]parse mapping config information
2024-12-08 14:25:53.682 [pool-3-thread-1] INFO  com.rs.mv.mvvs.client.catalog.manager.U2CatalogManager - [client:400202]start a schedule task to get global/local catalog for dist, its period 5s 
2024-12-08 14:25:53.683 [pool-3-thread-1] INFO  com.rs.mv.mvvs.client.catalog.manager.U2CatalogManager - [client:400203]cache file auto update thread launch in source-map-js account
2024-12-08 14:25:53.683 [pool-3-thread-1] INFO  com.rs.mv.mvvs.client.catalog.from.config.DirsConfigReader - [client:400206]parse dir config information
2024-12-08 14:25:53.684 [pool-3-thread-1] INFO  com.rs.mv.mvvs.client.catalog.from.config.MappingConfigReader - [client:400207]parse mapping config information
2024-12-08 14:25:53.685 [pool-3-thread-1] INFO  com.rs.mv.mvvs.client.catalog.manager.U2CatalogManager - [client:400202]start a schedule task to get global/local catalog for source-map-js, its period 5s 
2024-12-08 14:25:53.688 [pool-3-thread-1] INFO  com.rs.mv.mvvs.client.catalog.manager.U2CatalogManager - [client:400203]cache file auto update thread launch in string-width-cjs account
2024-12-08 14:25:53.691 [pool-3-thread-1] INFO  com.rs.mv.mvvs.client.catalog.from.config.DirsConfigReader - [client:400206]parse dir config information
2024-12-08 14:25:53.695 [pool-3-thread-1] INFO  com.rs.mv.mvvs.client.catalog.from.config.MappingConfigReader - [client:400207]parse mapping config information
2024-12-08 14:25:53.697 [pool-3-thread-1] INFO  com.rs.mv.mvvs.client.catalog.manager.U2CatalogManager - [client:400202]start a schedule task to get global/local catalog for string-width-cjs, its period 5s 
2024-12-08 14:25:53.698 [pool-3-thread-1] INFO  com.rs.mv.mvvs.client.catalog.manager.U2CatalogManager - [client:400203]cache file auto update thread launch in node_modules account
2024-12-08 14:25:53.700 [pool-3-thread-1] INFO  com.rs.mv.mvvs.client.catalog.from.config.DirsConfigReader - [client:400206]parse dir config information
2024-12-08 14:25:53.701 [pool-3-thread-1] INFO  com.rs.mv.mvvs.client.catalog.from.config.MappingConfigReader - [client:400207]parse mapping config information
2024-12-08 14:25:53.702 [pool-3-thread-1] INFO  com.rs.mv.mvvs.client.catalog.manager.U2CatalogManager - [client:400202]start a schedule task to get global/local catalog for node_modules, its period 5s 
2024-12-08 14:25:53.703 [pool-3-thread-1] INFO  com.rs.mv.mvvs.client.catalog.manager.U2CatalogManager - [client:400203]cache file auto update thread launch in emoji-regex account
2024-12-08 14:25:53.703 [pool-3-thread-1] INFO  com.rs.mv.mvvs.client.catalog.from.config.DirsConfigReader - [client:400206]parse dir config information
2024-12-08 14:25:53.703 [pool-3-thread-1] INFO  com.rs.mv.mvvs.client.catalog.from.config.MappingConfigReader - [client:400207]parse mapping config information
2024-12-08 14:25:53.704 [pool-3-thread-1] INFO  com.rs.mv.mvvs.client.catalog.manager.U2CatalogManager - [client:400202]start a schedule task to get global/local catalog for emoji-regex, its period 5s 
2024-12-08 14:25:53.705 [pool-3-thread-1] INFO  com.rs.mv.mvvs.client.catalog.manager.U2CatalogManager - [client:400203]cache file auto update thread launch in strip-ansi-cjs account
2024-12-08 14:25:53.705 [pool-3-thread-1] INFO  com.rs.mv.mvvs.client.catalog.from.config.DirsConfigReader - [client:400206]parse dir config information
2024-12-08 14:25:53.706 [pool-3-thread-1] INFO  com.rs.mv.mvvs.client.catalog.from.config.MappingConfigReader - [client:400207]parse mapping config information
2024-12-08 14:25:53.707 [pool-3-thread-1] INFO  com.rs.mv.mvvs.client.catalog.manager.U2CatalogManager - [client:400202]start a schedule task to get global/local catalog for strip-ansi-cjs, its period 5s 
2024-12-08 14:25:53.708 [pool-3-thread-1] INFO  com.rs.mv.mvvs.client.catalog.manager.U2CatalogManager - [client:400203]cache file auto update thread launch in node_modules account
2024-12-08 14:25:53.708 [pool-3-thread-1] INFO  com.rs.mv.mvvs.client.catalog.from.config.DirsConfigReader - [client:400206]parse dir config information
2024-12-08 14:25:53.711 [pool-3-thread-1] INFO  com.rs.mv.mvvs.client.catalog.from.config.MappingConfigReader - [client:400207]parse mapping config information
2024-12-08 14:25:53.716 [pool-3-thread-1] INFO  com.rs.mv.mvvs.client.catalog.manager.U2CatalogManager - [client:400202]start a schedule task to get global/local catalog for node_modules, its period 5s 
2024-12-08 14:25:53.717 [pool-3-thread-1] INFO  com.rs.mv.mvvs.client.catalog.manager.U2CatalogManager - [client:400203]cache file auto update thread launch in sucrase account
2024-12-08 14:25:53.717 [pool-3-thread-1] INFO  com.rs.mv.mvvs.client.catalog.from.config.DirsConfigReader - [client:400206]parse dir config information
2024-12-08 14:25:53.718 [pool-3-thread-1] INFO  com.rs.mv.mvvs.client.catalog.from.config.MappingConfigReader - [client:400207]parse mapping config information
2024-12-08 14:25:53.718 [pool-3-thread-1] INFO  com.rs.mv.mvvs.client.catalog.manager.U2CatalogManager - [client:400202]start a schedule task to get global/local catalog for sucrase, its period 5s 
2024-12-08 14:25:53.719 [pool-3-thread-1] INFO  com.rs.mv.mvvs.client.catalog.manager.U2CatalogManager - [client:400203]cache file auto update thread launch in dist account
2024-12-08 14:25:53.727 [pool-3-thread-1] INFO  com.rs.mv.mvvs.client.catalog.from.config.DirsConfigReader - [client:400206]parse dir config information
2024-12-08 14:25:53.728 [pool-3-thread-1] INFO  com.rs.mv.mvvs.client.catalog.from.config.MappingConfigReader - [client:400207]parse mapping config information
2024-12-08 14:25:53.729 [pool-3-thread-1] INFO  com.rs.mv.mvvs.client.catalog.manager.U2CatalogManager - [client:400202]start a schedule task to get global/local catalog for dist, its period 5s 
2024-12-08 14:25:53.819 [pool-3-thread-1] INFO  com.rs.mv.mvvs.client.catalog.manager.U2CatalogManager - [client:400203]cache file auto update thread launch in esm account
2024-12-08 14:25:53.822 [pool-3-thread-1] INFO  com.rs.mv.mvvs.client.catalog.from.config.DirsConfigReader - [client:400206]parse dir config information
2024-12-08 14:25:53.823 [pool-3-thread-1] INFO  com.rs.mv.mvvs.client.catalog.from.config.MappingConfigReader - [client:400207]parse mapping config information
2024-12-08 14:25:53.824 [pool-3-thread-1] INFO  com.rs.mv.mvvs.client.catalog.manager.U2CatalogManager - [client:400202]start a schedule task to get global/local catalog for esm, its period 5s 
2024-12-08 14:25:53.824 [pool-3-thread-1] INFO  com.rs.mv.mvvs.client.catalog.manager.U2CatalogManager - [client:400203]cache file auto update thread launch in parser account
2024-12-08 14:25:53.825 [pool-3-thread-1] INFO  com.rs.mv.mvvs.client.catalog.from.config.DirsConfigReader - [client:400206]parse dir config information
2024-12-08 14:25:53.825 [pool-3-thread-1] INFO  com.rs.mv.mvvs.client.catalog.from.config.MappingConfigReader - [client:400207]parse mapping config information
2024-12-08 14:25:53.826 [pool-3-thread-1] INFO  com.rs.mv.mvvs.client.catalog.manager.U2CatalogManager - [client:400202]start a schedule task to get global/local catalog for parser, its period 5s 
2024-12-08 14:25:53.827 [pool-3-thread-1] INFO  com.rs.mv.mvvs.client.catalog.manager.U2CatalogManager - [client:400203]cache file auto update thread launch in plugins account
2024-12-08 14:25:53.827 [pool-3-thread-1] INFO  com.rs.mv.mvvs.client.catalog.from.config.DirsConfigReader - [client:400206]parse dir config information
2024-12-08 14:25:53.828 [pool-3-thread-1] INFO  com.rs.mv.mvvs.client.catalog.from.config.MappingConfigReader - [client:400207]parse mapping config information
2024-12-08 14:25:53.828 [pool-3-thread-1] INFO  com.rs.mv.mvvs.client.catalog.manager.U2CatalogManager - [client:400202]start a schedule task to get global/local catalog for plugins, its period 5s 
2024-12-08 14:25:53.829 [pool-3-thread-1] INFO  com.rs.mv.mvvs.client.catalog.manager.U2CatalogManager - [client:400203]cache file auto update thread launch in parser account
2024-12-08 14:25:53.832 [pool-3-thread-1] INFO  com.rs.mv.mvvs.client.catalog.from.config.DirsConfigReader - [client:400206]parse dir config information
2024-12-08 14:25:53.833 [pool-3-thread-1] INFO  com.rs.mv.mvvs.client.catalog.from.config.MappingConfigReader - [client:400207]parse mapping config information
2024-12-08 14:25:53.834 [pool-3-thread-1] INFO  com.rs.mv.mvvs.client.catalog.manager.U2CatalogManager - [client:400202]start a schedule task to get global/local catalog for parser, its period 5s 
2024-12-08 14:25:53.835 [pool-3-thread-1] INFO  com.rs.mv.mvvs.client.catalog.manager.U2CatalogManager - [client:400203]cache file auto update thread launch in plugins account
2024-12-08 14:25:53.835 [pool-3-thread-1] INFO  com.rs.mv.mvvs.client.catalog.from.config.DirsConfigReader - [client:400206]parse dir config information
2024-12-08 14:25:53.836 [pool-3-thread-1] INFO  com.rs.mv.mvvs.client.catalog.from.config.MappingConfigReader - [client:400207]parse mapping config information
2024-12-08 14:25:53.836 [pool-3-thread-1] INFO  com.rs.mv.mvvs.client.catalog.manager.U2CatalogManager - [client:400202]start a schedule task to get global/local catalog for plugins, its period 5s 
2024-12-08 14:25:53.837 [pool-3-thread-1] INFO  com.rs.mv.mvvs.client.catalog.manager.U2CatalogManager - [client:400203]cache file auto update thread launch in types account
2024-12-08 14:25:53.837 [pool-3-thread-1] INFO  com.rs.mv.mvvs.client.catalog.from.config.DirsConfigReader - [client:400206]parse dir config information
2024-12-08 14:25:53.838 [pool-3-thread-1] INFO  com.rs.mv.mvvs.client.catalog.from.config.MappingConfigReader - [client:400207]parse mapping config information
2024-12-08 14:25:53.838 [pool-3-thread-1] INFO  com.rs.mv.mvvs.client.catalog.manager.U2CatalogManager - [client:400202]start a schedule task to get global/local catalog for types, its period 5s 
2024-12-08 14:25:53.839 [pool-3-thread-1] INFO  com.rs.mv.mvvs.client.catalog.manager.U2CatalogManager - [client:400203]cache file auto update thread launch in parser account
2024-12-08 14:25:53.840 [pool-3-thread-1] INFO  com.rs.mv.mvvs.client.catalog.from.config.DirsConfigReader - [client:400206]parse dir config information
2024-12-08 14:25:53.840 [pool-3-thread-1] INFO  com.rs.mv.mvvs.client.catalog.from.config.MappingConfigReader - [client:400207]parse mapping config information
2024-12-08 14:25:53.842 [pool-3-thread-1] INFO  com.rs.mv.mvvs.client.catalog.manager.U2CatalogManager - [client:400202]start a schedule task to get global/local catalog for parser, its period 5s 
2024-12-08 14:25:53.842 [pool-3-thread-1] INFO  com.rs.mv.mvvs.client.catalog.manager.U2CatalogManager - [client:400203]cache file auto update thread launch in plugins account
2024-12-08 14:25:53.843 [pool-3-thread-1] INFO  com.rs.mv.mvvs.client.catalog.from.config.DirsConfigReader - [client:400206]parse dir config information
2024-12-08 14:25:53.843 [pool-3-thread-1] INFO  com.rs.mv.mvvs.client.catalog.from.config.MappingConfigReader - [client:400207]parse mapping config information
2024-12-08 14:25:53.844 [pool-3-thread-1] INFO  com.rs.mv.mvvs.client.catalog.manager.U2CatalogManager - [client:400202]start a schedule task to get global/local catalog for plugins, its period 5s 
2024-12-08 14:25:53.844 [pool-3-thread-1] INFO  com.rs.mv.mvvs.client.catalog.manager.U2CatalogManager - [client:400203]cache file auto update thread launch in supports-preserve-symlinks-flag account
2024-12-08 14:25:53.845 [pool-3-thread-1] INFO  com.rs.mv.mvvs.client.catalog.from.config.DirsConfigReader - [client:400206]parse dir config information
2024-12-08 14:25:53.845 [pool-3-thread-1] INFO  com.rs.mv.mvvs.client.catalog.from.config.MappingConfigReader - [client:400207]parse mapping config information
2024-12-08 14:25:53.846 [pool-3-thread-1] INFO  com.rs.mv.mvvs.client.catalog.manager.U2CatalogManager - [client:400202]start a schedule task to get global/local catalog for supports-preserve-symlinks-flag, its period 5s 
2024-12-08 14:25:53.847 [pool-3-thread-1] INFO  com.rs.mv.mvvs.client.catalog.manager.U2CatalogManager - [client:400203]cache file auto update thread launch in tailwindcss account
2024-12-08 14:25:53.848 [pool-3-thread-1] INFO  com.rs.mv.mvvs.client.catalog.from.config.DirsConfigReader - [client:400206]parse dir config information
2024-12-08 14:25:53.849 [pool-3-thread-1] INFO  com.rs.mv.mvvs.client.catalog.from.config.MappingConfigReader - [client:400207]parse mapping config information
2024-12-08 14:25:53.850 [pool-3-thread-1] INFO  com.rs.mv.mvvs.client.catalog.manager.U2CatalogManager - [client:400202]start a schedule task to get global/local catalog for tailwindcss, its period 5s 
2024-12-08 14:25:53.852 [pool-3-thread-1] INFO  com.rs.mv.mvvs.client.catalog.manager.U2CatalogManager - [client:400203]cache file auto update thread launch in lib account
2024-12-08 14:25:53.852 [pool-3-thread-1] INFO  com.rs.mv.mvvs.client.catalog.from.config.DirsConfigReader - [client:400206]parse dir config information
2024-12-08 14:25:53.852 [pool-3-thread-1] INFO  com.rs.mv.mvvs.client.catalog.from.config.MappingConfigReader - [client:400207]parse mapping config information
2024-12-08 14:25:53.853 [pool-3-thread-1] INFO  com.rs.mv.mvvs.client.catalog.manager.U2CatalogManager - [client:400202]start a schedule task to get global/local catalog for lib, its period 5s 
2024-12-08 14:25:53.854 [pool-3-thread-1] INFO  com.rs.mv.mvvs.client.catalog.manager.U2CatalogManager - [client:400203]cache file auto update thread launch in cli account
2024-12-08 14:25:53.854 [pool-3-thread-1] INFO  com.rs.mv.mvvs.client.catalog.from.config.DirsConfigReader - [client:400206]parse dir config information
2024-12-08 14:25:53.855 [pool-3-thread-1] INFO  com.rs.mv.mvvs.client.catalog.from.config.MappingConfigReader - [client:400207]parse mapping config information
2024-12-08 14:25:53.855 [pool-3-thread-1] INFO  com.rs.mv.mvvs.client.catalog.manager.U2CatalogManager - [client:400202]start a schedule task to get global/local catalog for cli, its period 5s 
2024-12-08 14:25:53.856 [pool-3-thread-1] INFO  com.rs.mv.mvvs.client.catalog.manager.U2CatalogManager - [client:400203]cache file auto update thread launch in postcss-plugins account
2024-12-08 14:25:53.856 [pool-3-thread-1] INFO  com.rs.mv.mvvs.client.catalog.from.config.DirsConfigReader - [client:400206]parse dir config information
2024-12-08 14:25:53.856 [pool-3-thread-1] INFO  com.rs.mv.mvvs.client.catalog.from.config.MappingConfigReader - [client:400207]parse mapping config information
2024-12-08 14:25:53.857 [pool-3-thread-1] INFO  com.rs.mv.mvvs.client.catalog.manager.U2CatalogManager - [client:400202]start a schedule task to get global/local catalog for postcss-plugins, its period 5s 
2024-12-08 14:25:53.917 [pool-3-thread-1] INFO  com.rs.mv.mvvs.client.catalog.manager.U2CatalogManager - [client:400203]cache file auto update thread launch in src account
2024-12-08 14:25:53.925 [pool-3-thread-1] INFO  com.rs.mv.mvvs.client.catalog.from.config.DirsConfigReader - [client:400206]parse dir config information
2024-12-08 14:25:53.926 [pool-3-thread-1] INFO  com.rs.mv.mvvs.client.catalog.from.config.MappingConfigReader - [client:400207]parse mapping config information
2024-12-08 14:25:53.927 [pool-3-thread-1] INFO  com.rs.mv.mvvs.client.catalog.manager.U2CatalogManager - [client:400202]start a schedule task to get global/local catalog for src, its period 5s 
2024-12-08 14:25:53.932 [pool-3-thread-1] INFO  com.rs.mv.mvvs.client.catalog.manager.U2CatalogManager - [client:400203]cache file auto update thread launch in cli account
2024-12-08 14:25:53.933 [pool-3-thread-1] INFO  com.rs.mv.mvvs.client.catalog.from.config.DirsConfigReader - [client:400206]parse dir config information
2024-12-08 14:25:53.933 [pool-3-thread-1] INFO  com.rs.mv.mvvs.client.catalog.from.config.MappingConfigReader - [client:400207]parse mapping config information
2024-12-08 14:25:53.935 [pool-3-thread-1] INFO  com.rs.mv.mvvs.client.catalog.manager.U2CatalogManager - [client:400202]start a schedule task to get global/local catalog for cli, its period 5s 
2024-12-08 14:25:53.936 [pool-3-thread-1] INFO  com.rs.mv.mvvs.client.catalog.manager.U2CatalogManager - [client:400203]cache file auto update thread launch in postcss-plugins account
2024-12-08 14:25:53.936 [pool-3-thread-1] INFO  com.rs.mv.mvvs.client.catalog.from.config.DirsConfigReader - [client:400206]parse dir config information
2024-12-08 14:25:53.938 [pool-3-thread-1] INFO  com.rs.mv.mvvs.client.catalog.from.config.MappingConfigReader - [client:400207]parse mapping config information
2024-12-08 14:25:53.939 [pool-3-thread-1] INFO  com.rs.mv.mvvs.client.catalog.manager.U2CatalogManager - [client:400202]start a schedule task to get global/local catalog for postcss-plugins, its period 5s 
2024-12-08 14:25:53.941 [pool-3-thread-1] INFO  com.rs.mv.mvvs.client.catalog.manager.U2CatalogManager - [client:400203]cache file auto update thread launch in types account
2024-12-08 14:25:53.941 [pool-3-thread-1] INFO  com.rs.mv.mvvs.client.catalog.from.config.DirsConfigReader - [client:400206]parse dir config information
2024-12-08 14:25:53.942 [pool-3-thread-1] INFO  com.rs.mv.mvvs.client.catalog.from.config.MappingConfigReader - [client:400207]parse mapping config information
2024-12-08 14:25:53.944 [pool-3-thread-1] INFO  com.rs.mv.mvvs.client.catalog.manager.U2CatalogManager - [client:400202]start a schedule task to get global/local catalog for types, its period 5s 
2024-12-08 14:25:53.946 [pool-3-thread-1] INFO  com.rs.mv.mvvs.client.catalog.manager.U2CatalogManager - [client:400203]cache file auto update thread launch in ts-interface-checker account
2024-12-08 14:25:53.946 [pool-3-thread-1] INFO  com.rs.mv.mvvs.client.catalog.from.config.DirsConfigReader - [client:400206]parse dir config information
2024-12-08 14:25:53.948 [pool-3-thread-1] INFO  com.rs.mv.mvvs.client.catalog.from.config.MappingConfigReader - [client:400207]parse mapping config information
2024-12-08 14:25:53.949 [pool-3-thread-1] INFO  com.rs.mv.mvvs.client.catalog.manager.U2CatalogManager - [client:400202]start a schedule task to get global/local catalog for ts-interface-checker, its period 5s 
2024-12-08 14:25:53.949 [pool-3-thread-1] INFO  com.rs.mv.mvvs.client.catalog.manager.U2CatalogManager - [client:400203]cache file auto update thread launch in which account
2024-12-08 14:25:53.950 [pool-3-thread-1] INFO  com.rs.mv.mvvs.client.catalog.from.config.DirsConfigReader - [client:400206]parse dir config information
2024-12-08 14:25:53.950 [pool-3-thread-1] INFO  com.rs.mv.mvvs.client.catalog.from.config.MappingConfigReader - [client:400207]parse mapping config information
2024-12-08 14:25:53.951 [pool-3-thread-1] INFO  com.rs.mv.mvvs.client.catalog.manager.U2CatalogManager - [client:400202]start a schedule task to get global/local catalog for which, its period 5s 
2024-12-08 14:25:53.952 [pool-3-thread-1] INFO  com.rs.mv.mvvs.client.catalog.manager.U2CatalogManager - [client:400203]cache file auto update thread launch in wrap-ansi-cjs account
2024-12-08 14:25:53.952 [pool-3-thread-1] INFO  com.rs.mv.mvvs.client.catalog.from.config.DirsConfigReader - [client:400206]parse dir config information
2024-12-08 14:25:53.953 [pool-3-thread-1] INFO  com.rs.mv.mvvs.client.catalog.from.config.MappingConfigReader - [client:400207]parse mapping config information
2024-12-08 14:25:53.954 [pool-3-thread-1] INFO  com.rs.mv.mvvs.client.catalog.manager.U2CatalogManager - [client:400202]start a schedule task to get global/local catalog for wrap-ansi-cjs, its period 5s 
2024-12-08 14:25:53.955 [pool-3-thread-1] INFO  com.rs.mv.mvvs.client.catalog.manager.U2CatalogManager - [client:400203]cache file auto update thread launch in node_modules account
2024-12-08 14:25:53.955 [pool-3-thread-1] INFO  com.rs.mv.mvvs.client.catalog.from.config.DirsConfigReader - [client:400206]parse dir config information
2024-12-08 14:25:53.956 [pool-3-thread-1] INFO  com.rs.mv.mvvs.client.catalog.from.config.MappingConfigReader - [client:400207]parse mapping config information
2024-12-08 14:25:53.957 [pool-3-thread-1] INFO  com.rs.mv.mvvs.client.catalog.manager.U2CatalogManager - [client:400202]start a schedule task to get global/local catalog for node_modules, its period 5s 
2024-12-08 14:25:53.958 [pool-3-thread-1] INFO  com.rs.mv.mvvs.client.catalog.manager.U2CatalogManager - [client:400203]cache file auto update thread launch in emoji-regex account
2024-12-08 14:25:53.958 [pool-3-thread-1] INFO  com.rs.mv.mvvs.client.catalog.from.config.DirsConfigReader - [client:400206]parse dir config information
2024-12-08 14:25:53.959 [pool-3-thread-1] INFO  com.rs.mv.mvvs.client.catalog.from.config.MappingConfigReader - [client:400207]parse mapping config information
2024-12-08 14:25:53.959 [pool-3-thread-1] INFO  com.rs.mv.mvvs.client.catalog.manager.U2CatalogManager - [client:400202]start a schedule task to get global/local catalog for emoji-regex, its period 5s 
2024-12-08 14:25:53.967 [pool-3-thread-1] INFO  com.rs.mv.mvvs.client.catalog.manager.U2CatalogManager - [client:400203]cache file auto update thread launch in yaml account
2024-12-08 14:25:53.968 [pool-3-thread-1] INFO  com.rs.mv.mvvs.client.catalog.from.config.DirsConfigReader - [client:400206]parse dir config information
2024-12-08 14:25:54.001 [pool-3-thread-1] INFO  com.rs.mv.mvvs.client.catalog.from.config.MappingConfigReader - [client:400207]parse mapping config information
2024-12-08 14:25:54.002 [pool-3-thread-1] INFO  com.rs.mv.mvvs.client.catalog.manager.U2CatalogManager - [client:400202]start a schedule task to get global/local catalog for yaml, its period 5s 
2024-12-08 14:25:54.003 [pool-3-thread-1] INFO  com.rs.mv.mvvs.client.catalog.manager.U2CatalogManager - [client:400203]cache file auto update thread launch in browser account
2024-12-08 14:25:54.004 [pool-3-thread-1] INFO  com.rs.mv.mvvs.client.catalog.from.config.DirsConfigReader - [client:400206]parse dir config information
2024-12-08 14:25:54.004 [pool-3-thread-1] INFO  com.rs.mv.mvvs.client.catalog.from.config.MappingConfigReader - [client:400207]parse mapping config information
2024-12-08 14:25:54.005 [pool-3-thread-1] INFO  com.rs.mv.mvvs.client.catalog.manager.U2CatalogManager - [client:400202]start a schedule task to get global/local catalog for browser, its period 5s 
2024-12-08 14:25:54.005 [pool-3-thread-1] INFO  com.rs.mv.mvvs.client.catalog.manager.U2CatalogManager - [client:400203]cache file auto update thread launch in dist account
2024-12-08 14:25:54.006 [pool-3-thread-1] INFO  com.rs.mv.mvvs.client.catalog.from.config.DirsConfigReader - [client:400206]parse dir config information
2024-12-08 14:25:54.006 [pool-3-thread-1] INFO  com.rs.mv.mvvs.client.catalog.from.config.MappingConfigReader - [client:400207]parse mapping config information
2024-12-08 14:25:54.007 [pool-3-thread-1] INFO  com.rs.mv.mvvs.client.catalog.manager.U2CatalogManager - [client:400202]start a schedule task to get global/local catalog for dist, its period 5s 
2024-12-08 14:25:54.008 [pool-3-thread-1] INFO  com.rs.mv.mvvs.client.catalog.manager.U2CatalogManager - [client:400203]cache file auto update thread launch in schema account
2024-12-08 14:25:54.008 [pool-3-thread-1] INFO  com.rs.mv.mvvs.client.catalog.from.config.DirsConfigReader - [client:400206]parse dir config information
2024-12-08 14:25:54.069 [pool-3-thread-1] INFO  com.rs.mv.mvvs.client.catalog.from.config.MappingConfigReader - [client:400207]parse mapping config information
2024-12-08 14:25:54.079 [pool-3-thread-1] INFO  com.rs.mv.mvvs.client.catalog.manager.U2CatalogManager - [client:400202]start a schedule task to get global/local catalog for schema, its period 5s 
2024-12-08 14:25:54.081 [pool-3-thread-1] INFO  com.rs.mv.mvvs.client.catalog.manager.U2CatalogManager - [client:400203]cache file auto update thread launch in dist account
2024-12-08 14:25:54.085 [pool-3-thread-1] INFO  com.rs.mv.mvvs.client.catalog.from.config.DirsConfigReader - [client:400206]parse dir config information
2024-12-08 14:25:54.086 [pool-3-thread-1] INFO  com.rs.mv.mvvs.client.catalog.from.config.MappingConfigReader - [client:400207]parse mapping config information
2024-12-08 14:25:54.086 [pool-3-thread-1] INFO  com.rs.mv.mvvs.client.catalog.manager.U2CatalogManager - [client:400202]start a schedule task to get global/local catalog for dist, its period 5s 
2024-12-08 14:25:54.087 [pool-3-thread-1] INFO  com.rs.mv.mvvs.client.catalog.manager.U2CatalogManager - [client:400203]cache file auto update thread launch in schema account
2024-12-08 14:25:54.087 [pool-3-thread-1] INFO  com.rs.mv.mvvs.client.catalog.from.config.DirsConfigReader - [client:400206]parse dir config information
2024-12-08 14:25:54.088 [pool-3-thread-1] INFO  com.rs.mv.mvvs.client.catalog.from.config.MappingConfigReader - [client:400207]parse mapping config information
2024-12-08 14:25:54.088 [pool-3-thread-1] INFO  com.rs.mv.mvvs.client.catalog.manager.U2CatalogManager - [client:400202]start a schedule task to get global/local catalog for schema, its period 5s 
2024-12-08 14:25:54.089 [pool-3-thread-1] INFO  com.rs.mv.mvvs.client.catalog.manager.U2CatalogManager - [client:400203]cache file auto update thread launch in tests account
2024-12-08 14:25:54.089 [pool-3-thread-1] INFO  com.rs.mv.mvvs.client.catalog.from.config.DirsConfigReader - [client:400206]parse dir config information
2024-12-08 14:25:54.090 [pool-3-thread-1] INFO  com.rs.mv.mvvs.client.catalog.from.config.MappingConfigReader - [client:400207]parse mapping config information
2024-12-08 14:25:54.091 [pool-3-thread-1] INFO  com.rs.mv.mvvs.client.catalog.manager.U2CatalogManager - [client:400202]start a schedule task to get global/local catalog for tests, its period 5s 
2024-12-08 14:25:54.092 [pool-3-thread-1] INFO  com.rs.mv.mvvs.client.catalog.manager.U2CatalogManager - [client:400203]cache file auto update thread launch in _support account
2024-12-08 14:25:54.092 [pool-3-thread-1] INFO  com.rs.mv.mvvs.client.catalog.from.config.DirsConfigReader - [client:400206]parse dir config information
2024-12-08 14:25:54.092 [pool-3-thread-1] INFO  com.rs.mv.mvvs.client.catalog.from.config.MappingConfigReader - [client:400207]parse mapping config information
2024-12-08 14:25:54.093 [pool-3-thread-1] INFO  com.rs.mv.mvvs.client.catalog.manager.U2CatalogManager - [client:400202]start a schedule task to get global/local catalog for _support, its period 5s 
2024-12-08 14:25:54.094 [pool-3-thread-1] INFO  com.rs.mv.mvvs.client.catalog.manager.U2CatalogManager - [client:400203]cache file auto update thread launch in Database account
2024-12-08 14:25:54.094 [pool-3-thread-1] INFO  com.rs.mv.mvvs.client.catalog.from.config.DirsConfigReader - [client:400206]parse dir config information
2024-12-08 14:25:54.095 [pool-3-thread-1] INFO  com.rs.mv.mvvs.client.catalog.from.config.MappingConfigReader - [client:400207]parse mapping config information
2024-12-08 14:25:54.096 [pool-3-thread-1] INFO  com.rs.mv.mvvs.client.catalog.manager.U2CatalogManager - [client:400202]start a schedule task to get global/local catalog for Database, its period 5s 
2024-12-08 14:25:54.097 [pool-3-thread-1] INFO  com.rs.mv.mvvs.client.catalog.manager.U2CatalogManager - [client:400203]cache file auto update thread launch in vendor account
2024-12-08 14:25:54.098 [pool-3-thread-1] INFO  com.rs.mv.mvvs.client.catalog.from.config.DirsConfigReader - [client:400206]parse dir config information
2024-12-08 14:25:54.098 [pool-3-thread-1] INFO  com.rs.mv.mvvs.client.catalog.from.config.MappingConfigReader - [client:400207]parse mapping config information
2024-12-08 14:25:54.099 [pool-3-thread-1] INFO  com.rs.mv.mvvs.client.catalog.manager.U2CatalogManager - [client:400202]start a schedule task to get global/local catalog for vendor, its period 5s 
2024-12-08 14:25:54.100 [pool-3-thread-1] INFO  com.rs.mv.mvvs.client.catalog.manager.U2CatalogManager - [client:400203]cache file auto update thread launch in codeigniter4 account
2024-12-08 14:25:54.101 [pool-3-thread-1] INFO  com.rs.mv.mvvs.client.catalog.from.config.DirsConfigReader - [client:400206]parse dir config information
2024-12-08 14:25:54.101 [pool-3-thread-1] INFO  com.rs.mv.mvvs.client.catalog.from.config.MappingConfigReader - [client:400207]parse mapping config information
2024-12-08 14:25:54.101 [pool-3-thread-1] INFO  com.rs.mv.mvvs.client.catalog.manager.U2CatalogManager - [client:400202]start a schedule task to get global/local catalog for codeigniter4, its period 5s 
2024-12-08 14:25:54.102 [pool-3-thread-1] INFO  com.rs.mv.mvvs.client.catalog.manager.U2CatalogManager - [client:400203]cache file auto update thread launch in framework account
2024-12-08 14:25:54.102 [pool-3-thread-1] INFO  com.rs.mv.mvvs.client.catalog.from.config.DirsConfigReader - [client:400206]parse dir config information
2024-12-08 14:25:54.103 [pool-3-thread-1] INFO  com.rs.mv.mvvs.client.catalog.from.config.MappingConfigReader - [client:400207]parse mapping config information
2024-12-08 14:25:54.103 [pool-3-thread-1] INFO  com.rs.mv.mvvs.client.catalog.manager.U2CatalogManager - [client:400202]start a schedule task to get global/local catalog for framework, its period 5s 
2024-12-08 14:25:54.104 [pool-3-thread-1] INFO  com.rs.mv.mvvs.client.catalog.manager.U2CatalogManager - [client:400203]cache file auto update thread launch in app account
2024-12-08 14:25:54.104 [pool-3-thread-1] INFO  com.rs.mv.mvvs.client.catalog.from.config.DirsConfigReader - [client:400206]parse dir config information
2024-12-08 14:25:54.105 [pool-3-thread-1] INFO  com.rs.mv.mvvs.client.catalog.from.config.MappingConfigReader - [client:400207]parse mapping config information
2024-12-08 14:25:54.106 [pool-3-thread-1] INFO  com.rs.mv.mvvs.client.catalog.manager.U2CatalogManager - [client:400202]start a schedule task to get global/local catalog for app, its period 5s 
2024-12-08 14:25:54.106 [pool-3-thread-1] INFO  com.rs.mv.mvvs.client.catalog.manager.U2CatalogManager - [client:400203]cache file auto update thread launch in Config account
2024-12-08 14:25:54.107 [pool-3-thread-1] INFO  com.rs.mv.mvvs.client.catalog.from.config.DirsConfigReader - [client:400206]parse dir config information
2024-12-08 14:25:54.107 [pool-3-thread-1] INFO  com.rs.mv.mvvs.client.catalog.from.config.MappingConfigReader - [client:400207]parse mapping config information
2024-12-08 14:25:54.108 [pool-3-thread-1] INFO  com.rs.mv.mvvs.client.catalog.manager.U2CatalogManager - [client:400202]start a schedule task to get global/local catalog for Config, its period 5s 
2024-12-08 14:25:54.109 [pool-3-thread-1] INFO  com.rs.mv.mvvs.client.catalog.manager.U2CatalogManager - [client:400203]cache file auto update thread launch in Database account
2024-12-08 14:25:54.109 [pool-3-thread-1] INFO  com.rs.mv.mvvs.client.catalog.from.config.DirsConfigReader - [client:400206]parse dir config information
2024-12-08 14:25:54.109 [pool-3-thread-1] INFO  com.rs.mv.mvvs.client.catalog.from.config.MappingConfigReader - [client:400207]parse mapping config information
2024-12-08 14:25:54.110 [pool-3-thread-1] INFO  com.rs.mv.mvvs.client.catalog.manager.U2CatalogManager - [client:400202]start a schedule task to get global/local catalog for Database, its period 5s 
2024-12-08 14:25:54.111 [pool-3-thread-1] INFO  com.rs.mv.mvvs.client.catalog.manager.U2CatalogManager - [client:400203]cache file auto update thread launch in Language account
2024-12-08 14:25:54.111 [pool-3-thread-1] INFO  com.rs.mv.mvvs.client.catalog.from.config.DirsConfigReader - [client:400206]parse dir config information
2024-12-08 14:25:54.112 [pool-3-thread-1] INFO  com.rs.mv.mvvs.client.catalog.from.config.MappingConfigReader - [client:400207]parse mapping config information
2024-12-08 14:25:54.112 [pool-3-thread-1] INFO  com.rs.mv.mvvs.client.catalog.manager.U2CatalogManager - [client:400202]start a schedule task to get global/local catalog for Language, its period 5s 
2024-12-08 14:25:54.113 [pool-3-thread-1] INFO  com.rs.mv.mvvs.client.catalog.manager.U2CatalogManager - [client:400203]cache file auto update thread launch in Views account
2024-12-08 14:25:54.116 [pool-3-thread-1] INFO  com.rs.mv.mvvs.client.catalog.from.config.DirsConfigReader - [client:400206]parse dir config information
2024-12-08 14:25:54.116 [pool-3-thread-1] INFO  com.rs.mv.mvvs.client.catalog.from.config.MappingConfigReader - [client:400207]parse mapping config information
2024-12-08 14:25:54.118 [pool-3-thread-1] INFO  com.rs.mv.mvvs.client.catalog.manager.U2CatalogManager - [client:400202]start a schedule task to get global/local catalog for Views, its period 5s 
2024-12-08 14:25:54.118 [pool-3-thread-1] INFO  com.rs.mv.mvvs.client.catalog.manager.U2CatalogManager - [client:400203]cache file auto update thread launch in errors account
2024-12-08 14:25:54.119 [pool-3-thread-1] INFO  com.rs.mv.mvvs.client.catalog.from.config.DirsConfigReader - [client:400206]parse dir config information
2024-12-08 14:25:54.119 [pool-3-thread-1] INFO  com.rs.mv.mvvs.client.catalog.from.config.MappingConfigReader - [client:400207]parse mapping config information
2024-12-08 14:25:56.499 [pool-3-thread-1] INFO  com.rs.mv.mvvs.client.catalog.manager.U2CatalogManager - [client:400202]start a schedule task to get global/local catalog for errors, its period 5s 
2024-12-08 14:25:56.500 [pool-3-thread-1] INFO  com.rs.mv.mvvs.client.catalog.manager.U2CatalogManager - [client:400203]cache file auto update thread launch in system account
2024-12-08 14:25:56.500 [pool-3-thread-1] INFO  com.rs.mv.mvvs.client.catalog.from.config.DirsConfigReader - [client:400206]parse dir config information
2024-12-08 14:25:56.501 [pool-3-thread-1] INFO  com.rs.mv.mvvs.client.catalog.from.config.MappingConfigReader - [client:400207]parse mapping config information
2024-12-08 14:25:56.501 [pool-3-thread-1] INFO  com.rs.mv.mvvs.client.catalog.manager.U2CatalogManager - [client:400202]start a schedule task to get global/local catalog for system, its period 5s 
2024-12-08 14:25:56.502 [pool-3-thread-1] INFO  com.rs.mv.mvvs.client.catalog.manager.U2CatalogManager - [client:400203]cache file auto update thread launch in Cache account
2024-12-08 14:25:56.502 [pool-3-thread-1] INFO  com.rs.mv.mvvs.client.catalog.from.config.DirsConfigReader - [client:400206]parse dir config information
2024-12-08 14:25:56.503 [pool-3-thread-1] INFO  com.rs.mv.mvvs.client.catalog.from.config.MappingConfigReader - [client:400207]parse mapping config information
2024-12-08 14:25:56.503 [pool-3-thread-1] INFO  com.rs.mv.mvvs.client.catalog.manager.U2CatalogManager - [client:400202]start a schedule task to get global/local catalog for Cache, its period 5s 
2024-12-08 14:25:56.504 [pool-3-thread-1] INFO  com.rs.mv.mvvs.client.catalog.manager.U2CatalogManager - [client:400203]cache file auto update thread launch in CLI account
2024-12-08 14:25:56.504 [pool-3-thread-1] INFO  com.rs.mv.mvvs.client.catalog.from.config.DirsConfigReader - [client:400206]parse dir config information
2024-12-08 14:25:56.505 [pool-3-thread-1] INFO  com.rs.mv.mvvs.client.catalog.from.config.MappingConfigReader - [client:400207]parse mapping config information
2024-12-08 14:25:56.505 [pool-3-thread-1] INFO  com.rs.mv.mvvs.client.catalog.manager.U2CatalogManager - [client:400202]start a schedule task to get global/local catalog for CLI, its period 5s 
2024-12-08 14:25:56.506 [pool-3-thread-1] INFO  com.rs.mv.mvvs.client.catalog.manager.U2CatalogManager - [client:400203]cache file auto update thread launch in Commands account
2024-12-08 14:25:56.506 [pool-3-thread-1] INFO  com.rs.mv.mvvs.client.catalog.from.config.DirsConfigReader - [client:400206]parse dir config information
2024-12-08 14:25:56.507 [pool-3-thread-1] INFO  com.rs.mv.mvvs.client.catalog.from.config.MappingConfigReader - [client:400207]parse mapping config information
2024-12-08 14:25:56.507 [pool-3-thread-1] INFO  com.rs.mv.mvvs.client.catalog.manager.U2CatalogManager - [client:400202]start a schedule task to get global/local catalog for Commands, its period 5s 
2024-12-08 14:25:56.507 [pool-3-thread-1] INFO  com.rs.mv.mvvs.client.catalog.manager.U2CatalogManager - [client:400203]cache file auto update thread launch in Generators account
2024-12-08 14:25:56.507 [pool-3-thread-1] INFO  com.rs.mv.mvvs.client.catalog.from.config.DirsConfigReader - [client:400206]parse dir config information
2024-12-08 14:25:56.509 [pool-3-thread-1] INFO  com.rs.mv.mvvs.client.catalog.from.config.MappingConfigReader - [client:400207]parse mapping config information
2024-12-08 14:25:56.509 [pool-3-thread-1] INFO  com.rs.mv.mvvs.client.catalog.manager.U2CatalogManager - [client:400202]start a schedule task to get global/local catalog for Generators, its period 5s 
2024-12-08 14:25:56.509 [pool-3-thread-1] INFO  com.rs.mv.mvvs.client.catalog.manager.U2CatalogManager - [client:400203]cache file auto update thread launch in Utilities account
2024-12-08 14:25:56.509 [pool-3-thread-1] INFO  com.rs.mv.mvvs.client.catalog.from.config.DirsConfigReader - [client:400206]parse dir config information
2024-12-08 14:25:56.509 [pool-3-thread-1] INFO  com.rs.mv.mvvs.client.catalog.from.config.MappingConfigReader - [client:400207]parse mapping config information
2024-12-08 14:25:56.510 [pool-3-thread-1] INFO  com.rs.mv.mvvs.client.catalog.manager.U2CatalogManager - [client:400202]start a schedule task to get global/local catalog for Utilities, its period 5s 
2024-12-08 14:25:56.511 [pool-3-thread-1] INFO  com.rs.mv.mvvs.client.catalog.manager.U2CatalogManager - [client:400203]cache file auto update thread launch in Routes account
2024-12-08 14:25:56.511 [pool-3-thread-1] INFO  com.rs.mv.mvvs.client.catalog.from.config.DirsConfigReader - [client:400206]parse dir config information
2024-12-08 14:25:56.511 [pool-3-thread-1] INFO  com.rs.mv.mvvs.client.catalog.from.config.MappingConfigReader - [client:400207]parse mapping config information
2024-12-08 14:25:56.515 [pool-3-thread-1] INFO  com.rs.mv.mvvs.client.catalog.manager.U2CatalogManager - [client:400202]start a schedule task to get global/local catalog for Routes, its period 5s 
2024-12-08 14:25:56.516 [pool-3-thread-1] INFO  com.rs.mv.mvvs.client.catalog.manager.U2CatalogManager - [client:400203]cache file auto update thread launch in Cookie account
2024-12-08 14:25:56.516 [pool-3-thread-1] INFO  com.rs.mv.mvvs.client.catalog.from.config.DirsConfigReader - [client:400206]parse dir config information
2024-12-08 14:25:56.516 [pool-3-thread-1] INFO  com.rs.mv.mvvs.client.catalog.from.config.MappingConfigReader - [client:400207]parse mapping config information
2024-12-08 14:25:56.517 [pool-3-thread-1] INFO  com.rs.mv.mvvs.client.catalog.manager.U2CatalogManager - [client:400202]start a schedule task to get global/local catalog for Cookie, its period 5s 
2024-12-08 14:25:56.518 [pool-3-thread-1] INFO  com.rs.mv.mvvs.client.catalog.manager.U2CatalogManager - [client:400203]cache file auto update thread launch in Database account
2024-12-08 14:25:56.518 [pool-3-thread-1] INFO  com.rs.mv.mvvs.client.catalog.from.config.DirsConfigReader - [client:400206]parse dir config information
2024-12-08 14:25:56.518 [pool-3-thread-1] INFO  com.rs.mv.mvvs.client.catalog.from.config.MappingConfigReader - [client:400207]parse mapping config information
2024-12-08 14:25:56.519 [pool-3-thread-1] INFO  com.rs.mv.mvvs.client.catalog.manager.U2CatalogManager - [client:400202]start a schedule task to get global/local catalog for Database, its period 5s 
2024-12-08 14:25:56.519 [pool-3-thread-1] INFO  com.rs.mv.mvvs.client.catalog.manager.U2CatalogManager - [client:400203]cache file auto update thread launch in DataCaster account
2024-12-08 14:25:56.520 [pool-3-thread-1] INFO  com.rs.mv.mvvs.client.catalog.from.config.DirsConfigReader - [client:400206]parse dir config information
2024-12-08 14:25:56.520 [pool-3-thread-1] INFO  com.rs.mv.mvvs.client.catalog.from.config.MappingConfigReader - [client:400207]parse mapping config information
2024-12-08 14:25:56.521 [pool-3-thread-1] INFO  com.rs.mv.mvvs.client.catalog.manager.U2CatalogManager - [client:400202]start a schedule task to get global/local catalog for DataCaster, its period 5s 
2024-12-08 14:25:56.521 [pool-3-thread-1] INFO  com.rs.mv.mvvs.client.catalog.manager.U2CatalogManager - [client:400203]cache file auto update thread launch in Debug account
2024-12-08 14:25:56.522 [pool-3-thread-1] INFO  com.rs.mv.mvvs.client.catalog.from.config.DirsConfigReader - [client:400206]parse dir config information
2024-12-08 14:25:56.522 [pool-3-thread-1] INFO  com.rs.mv.mvvs.client.catalog.from.config.MappingConfigReader - [client:400207]parse mapping config information
2024-12-08 14:25:56.522 [pool-3-thread-1] INFO  com.rs.mv.mvvs.client.catalog.manager.U2CatalogManager - [client:400202]start a schedule task to get global/local catalog for Debug, its period 5s 
2024-12-08 14:25:56.523 [pool-3-thread-1] INFO  com.rs.mv.mvvs.client.catalog.manager.U2CatalogManager - [client:400203]cache file auto update thread launch in Toolbar account
2024-12-08 14:25:56.523 [pool-3-thread-1] INFO  com.rs.mv.mvvs.client.catalog.from.config.DirsConfigReader - [client:400206]parse dir config information
2024-12-08 14:25:56.524 [pool-3-thread-1] INFO  com.rs.mv.mvvs.client.catalog.from.config.MappingConfigReader - [client:400207]parse mapping config information
2024-12-08 14:25:56.524 [pool-3-thread-1] INFO  com.rs.mv.mvvs.client.catalog.manager.U2CatalogManager - [client:400202]start a schedule task to get global/local catalog for Toolbar, its period 5s 
2024-12-08 14:25:56.525 [pool-3-thread-1] INFO  com.rs.mv.mvvs.client.catalog.manager.U2CatalogManager - [client:400203]cache file auto update thread launch in Encryption account
2024-12-08 14:25:56.525 [pool-3-thread-1] INFO  com.rs.mv.mvvs.client.catalog.from.config.DirsConfigReader - [client:400206]parse dir config information
2024-12-08 14:25:56.525 [pool-3-thread-1] INFO  com.rs.mv.mvvs.client.catalog.from.config.MappingConfigReader - [client:400207]parse mapping config information
2024-12-08 14:25:56.526 [pool-3-thread-1] INFO  com.rs.mv.mvvs.client.catalog.manager.U2CatalogManager - [client:400202]start a schedule task to get global/local catalog for Encryption, its period 5s 
2024-12-08 14:25:56.527 [pool-3-thread-1] INFO  com.rs.mv.mvvs.client.catalog.manager.U2CatalogManager - [client:400203]cache file auto update thread launch in Entity account
2024-12-08 14:25:56.527 [pool-3-thread-1] INFO  com.rs.mv.mvvs.client.catalog.from.config.DirsConfigReader - [client:400206]parse dir config information
2024-12-08 14:25:56.528 [pool-3-thread-1] INFO  com.rs.mv.mvvs.client.catalog.from.config.MappingConfigReader - [client:400207]parse mapping config information
2024-12-08 14:25:56.530 [pool-3-thread-1] INFO  com.rs.mv.mvvs.client.catalog.manager.U2CatalogManager - [client:400202]start a schedule task to get global/local catalog for Entity, its period 5s 
2024-12-08 14:25:56.531 [pool-3-thread-1] INFO  com.rs.mv.mvvs.client.catalog.manager.U2CatalogManager - [client:400203]cache file auto update thread launch in Files account
2024-12-08 14:25:56.531 [pool-3-thread-1] INFO  com.rs.mv.mvvs.client.catalog.from.config.DirsConfigReader - [client:400206]parse dir config information
2024-12-08 14:25:56.531 [pool-3-thread-1] INFO  com.rs.mv.mvvs.client.catalog.from.config.MappingConfigReader - [client:400207]parse mapping config information
2024-12-08 14:25:56.532 [pool-3-thread-1] INFO  com.rs.mv.mvvs.client.catalog.manager.U2CatalogManager - [client:400202]start a schedule task to get global/local catalog for Files, its period 5s 
2024-12-08 14:25:56.533 [pool-3-thread-1] INFO  com.rs.mv.mvvs.client.catalog.manager.U2CatalogManager - [client:400203]cache file auto update thread launch in Filters account
2024-12-08 14:25:56.533 [pool-3-thread-1] INFO  com.rs.mv.mvvs.client.catalog.from.config.DirsConfigReader - [client:400206]parse dir config information
2024-12-08 14:25:56.534 [pool-3-thread-1] INFO  com.rs.mv.mvvs.client.catalog.from.config.MappingConfigReader - [client:400207]parse mapping config information
2024-12-08 14:25:56.534 [pool-3-thread-1] INFO  com.rs.mv.mvvs.client.catalog.manager.U2CatalogManager - [client:400202]start a schedule task to get global/local catalog for Filters, its period 5s 
2024-12-08 14:25:56.592 [pool-3-thread-1] INFO  com.rs.mv.mvvs.client.catalog.manager.U2CatalogManager - [client:400203]cache file auto update thread launch in Format account
2024-12-08 14:25:56.592 [pool-3-thread-1] INFO  com.rs.mv.mvvs.client.catalog.from.config.DirsConfigReader - [client:400206]parse dir config information
2024-12-08 14:25:56.593 [pool-3-thread-1] INFO  com.rs.mv.mvvs.client.catalog.from.config.MappingConfigReader - [client:400207]parse mapping config information
2024-12-08 14:25:56.629 [pool-3-thread-1] INFO  com.rs.mv.mvvs.client.catalog.manager.U2CatalogManager - [client:400202]start a schedule task to get global/local catalog for Format, its period 5s 
2024-12-08 14:25:56.631 [pool-3-thread-1] INFO  com.rs.mv.mvvs.client.catalog.manager.U2CatalogManager - [client:400203]cache file auto update thread launch in Helpers account
2024-12-08 14:25:56.632 [pool-3-thread-1] INFO  com.rs.mv.mvvs.client.catalog.from.config.DirsConfigReader - [client:400206]parse dir config information
2024-12-08 14:25:56.632 [pool-3-thread-1] INFO  com.rs.mv.mvvs.client.catalog.from.config.MappingConfigReader - [client:400207]parse mapping config information
2024-12-08 14:25:56.639 [pool-3-thread-1] INFO  com.rs.mv.mvvs.client.catalog.manager.U2CatalogManager - [client:400202]start a schedule task to get global/local catalog for Helpers, its period 5s 
2024-12-08 14:25:56.650 [pool-3-thread-1] INFO  com.rs.mv.mvvs.client.catalog.manager.U2CatalogManager - [client:400203]cache file auto update thread launch in Honeypot account
2024-12-08 14:25:56.651 [pool-3-thread-1] INFO  com.rs.mv.mvvs.client.catalog.from.config.DirsConfigReader - [client:400206]parse dir config information
2024-12-08 14:25:56.651 [pool-3-thread-1] INFO  com.rs.mv.mvvs.client.catalog.from.config.MappingConfigReader - [client:400207]parse mapping config information
2024-12-08 14:25:56.652 [pool-3-thread-1] INFO  com.rs.mv.mvvs.client.catalog.manager.U2CatalogManager - [client:400202]start a schedule task to get global/local catalog for Honeypot, its period 5s 
2024-12-08 14:25:56.653 [pool-3-thread-1] INFO  com.rs.mv.mvvs.client.catalog.manager.U2CatalogManager - [client:400203]cache file auto update thread launch in HTTP account
2024-12-08 14:25:56.653 [pool-3-thread-1] INFO  com.rs.mv.mvvs.client.catalog.from.config.DirsConfigReader - [client:400206]parse dir config information
2024-12-08 14:25:56.653 [pool-3-thread-1] INFO  com.rs.mv.mvvs.client.catalog.from.config.MappingConfigReader - [client:400207]parse mapping config information
2024-12-08 14:25:56.654 [pool-3-thread-1] INFO  com.rs.mv.mvvs.client.catalog.manager.U2CatalogManager - [client:400202]start a schedule task to get global/local catalog for HTTP, its period 5s 
2024-12-08 14:25:56.654 [pool-3-thread-1] INFO  com.rs.mv.mvvs.client.catalog.manager.U2CatalogManager - [client:400203]cache file auto update thread launch in I18n account
2024-12-08 14:25:56.655 [pool-3-thread-1] INFO  com.rs.mv.mvvs.client.catalog.from.config.DirsConfigReader - [client:400206]parse dir config information
2024-12-08 14:25:56.655 [pool-3-thread-1] INFO  com.rs.mv.mvvs.client.catalog.from.config.MappingConfigReader - [client:400207]parse mapping config information
2024-12-08 14:25:56.656 [pool-3-thread-1] INFO  com.rs.mv.mvvs.client.catalog.manager.U2CatalogManager - [client:400202]start a schedule task to get global/local catalog for I18n, its period 5s 
2024-12-08 14:25:56.657 [pool-3-thread-1] INFO  com.rs.mv.mvvs.client.catalog.manager.U2CatalogManager - [client:400203]cache file auto update thread launch in Images account
2024-12-08 14:25:56.657 [pool-3-thread-1] INFO  com.rs.mv.mvvs.client.catalog.from.config.DirsConfigReader - [client:400206]parse dir config information
2024-12-08 14:25:56.657 [pool-3-thread-1] INFO  com.rs.mv.mvvs.client.catalog.from.config.MappingConfigReader - [client:400207]parse mapping config information
2024-12-08 14:25:56.658 [pool-3-thread-1] INFO  com.rs.mv.mvvs.client.catalog.manager.U2CatalogManager - [client:400202]start a schedule task to get global/local catalog for Images, its period 5s 
2024-12-08 14:25:56.658 [pool-3-thread-1] INFO  com.rs.mv.mvvs.client.catalog.manager.U2CatalogManager - [client:400203]cache file auto update thread launch in Language account
2024-12-08 14:25:56.659 [pool-3-thread-1] INFO  com.rs.mv.mvvs.client.catalog.from.config.DirsConfigReader - [client:400206]parse dir config information
2024-12-08 14:25:56.659 [pool-3-thread-1] INFO  com.rs.mv.mvvs.client.catalog.from.config.MappingConfigReader - [client:400207]parse mapping config information
2024-12-08 14:25:56.660 [pool-3-thread-1] INFO  com.rs.mv.mvvs.client.catalog.manager.U2CatalogManager - [client:400202]start a schedule task to get global/local catalog for Language, its period 5s 
2024-12-08 14:25:56.660 [pool-3-thread-1] INFO  com.rs.mv.mvvs.client.catalog.manager.U2CatalogManager - [client:400203]cache file auto update thread launch in Log account
2024-12-08 14:25:56.664 [pool-3-thread-1] INFO  com.rs.mv.mvvs.client.catalog.from.config.DirsConfigReader - [client:400206]parse dir config information
2024-12-08 14:25:56.665 [pool-3-thread-1] INFO  com.rs.mv.mvvs.client.catalog.from.config.MappingConfigReader - [client:400207]parse mapping config information
2024-12-08 14:25:56.665 [pool-3-thread-1] INFO  com.rs.mv.mvvs.client.catalog.manager.U2CatalogManager - [client:400202]start a schedule task to get global/local catalog for Log, its period 5s 
2024-12-08 14:25:56.666 [pool-3-thread-1] INFO  com.rs.mv.mvvs.client.catalog.manager.U2CatalogManager - [client:400203]cache file auto update thread launch in Pager account
2024-12-08 14:25:56.666 [pool-3-thread-1] INFO  com.rs.mv.mvvs.client.catalog.from.config.DirsConfigReader - [client:400206]parse dir config information
2024-12-08 14:25:56.667 [pool-3-thread-1] INFO  com.rs.mv.mvvs.client.catalog.from.config.MappingConfigReader - [client:400207]parse mapping config information
2024-12-08 14:25:56.668 [pool-3-thread-1] INFO  com.rs.mv.mvvs.client.catalog.manager.U2CatalogManager - [client:400202]start a schedule task to get global/local catalog for Pager, its period 5s 
2024-12-08 14:25:56.668 [pool-3-thread-1] INFO  com.rs.mv.mvvs.client.catalog.manager.U2CatalogManager - [client:400203]cache file auto update thread launch in Publisher account
2024-12-08 14:25:56.669 [pool-3-thread-1] INFO  com.rs.mv.mvvs.client.catalog.from.config.DirsConfigReader - [client:400206]parse dir config information
2024-12-08 14:25:56.670 [pool-3-thread-1] INFO  com.rs.mv.mvvs.client.catalog.from.config.MappingConfigReader - [client:400207]parse mapping config information
2024-12-08 14:25:56.671 [pool-3-thread-1] INFO  com.rs.mv.mvvs.client.catalog.manager.U2CatalogManager - [client:400202]start a schedule task to get global/local catalog for Publisher, its period 5s 
2024-12-08 14:25:56.671 [pool-3-thread-1] INFO  com.rs.mv.mvvs.client.catalog.manager.U2CatalogManager - [client:400203]cache file auto update thread launch in Router account
2024-12-08 14:25:56.672 [pool-3-thread-1] INFO  com.rs.mv.mvvs.client.catalog.from.config.DirsConfigReader - [client:400206]parse dir config information
2024-12-08 14:25:56.672 [pool-3-thread-1] INFO  com.rs.mv.mvvs.client.catalog.from.config.MappingConfigReader - [client:400207]parse mapping config information
2024-12-08 14:25:56.673 [pool-3-thread-1] INFO  com.rs.mv.mvvs.client.catalog.manager.U2CatalogManager - [client:400202]start a schedule task to get global/local catalog for Router, its period 5s 
2024-12-08 14:25:56.674 [pool-3-thread-1] INFO  com.rs.mv.mvvs.client.catalog.manager.U2CatalogManager - [client:400203]cache file auto update thread launch in Security account
2024-12-08 14:25:56.674 [pool-3-thread-1] INFO  com.rs.mv.mvvs.client.catalog.from.config.DirsConfigReader - [client:400206]parse dir config information
2024-12-08 14:25:56.675 [pool-3-thread-1] INFO  com.rs.mv.mvvs.client.catalog.from.config.MappingConfigReader - [client:400207]parse mapping config information
2024-12-08 14:25:56.676 [pool-3-thread-1] INFO  com.rs.mv.mvvs.client.catalog.manager.U2CatalogManager - [client:400202]start a schedule task to get global/local catalog for Security, its period 5s 
2024-12-08 14:25:56.676 [pool-3-thread-1] INFO  com.rs.mv.mvvs.client.catalog.manager.U2CatalogManager - [client:400203]cache file auto update thread launch in Session account
2024-12-08 14:25:56.677 [pool-3-thread-1] INFO  com.rs.mv.mvvs.client.catalog.from.config.DirsConfigReader - [client:400206]parse dir config information
2024-12-08 14:25:56.677 [pool-3-thread-1] INFO  com.rs.mv.mvvs.client.catalog.from.config.MappingConfigReader - [client:400207]parse mapping config information
2024-12-08 14:25:56.678 [pool-3-thread-1] INFO  com.rs.mv.mvvs.client.catalog.manager.U2CatalogManager - [client:400202]start a schedule task to get global/local catalog for Session, its period 5s 
2024-12-08 14:25:56.678 [pool-3-thread-1] INFO  com.rs.mv.mvvs.client.catalog.manager.U2CatalogManager - [client:400203]cache file auto update thread launch in Handlers account
2024-12-08 14:25:56.680 [pool-3-thread-1] INFO  com.rs.mv.mvvs.client.catalog.from.config.DirsConfigReader - [client:400206]parse dir config information
2024-12-08 14:25:56.680 [pool-3-thread-1] INFO  com.rs.mv.mvvs.client.catalog.from.config.MappingConfigReader - [client:400207]parse mapping config information
2024-12-08 14:25:56.681 [pool-3-thread-1] INFO  com.rs.mv.mvvs.client.catalog.manager.U2CatalogManager - [client:400202]start a schedule task to get global/local catalog for Handlers, its period 5s 
2024-12-08 14:25:56.682 [pool-3-thread-1] INFO  com.rs.mv.mvvs.client.catalog.manager.U2CatalogManager - [client:400203]cache file auto update thread launch in Test account
2024-12-08 14:25:56.682 [pool-3-thread-1] INFO  com.rs.mv.mvvs.client.catalog.from.config.DirsConfigReader - [client:400206]parse dir config information
2024-12-08 14:25:56.708 [pool-3-thread-1] INFO  com.rs.mv.mvvs.client.catalog.from.config.MappingConfigReader - [client:400207]parse mapping config information
2024-12-08 14:25:56.709 [pool-3-thread-1] INFO  com.rs.mv.mvvs.client.catalog.manager.U2CatalogManager - [client:400202]start a schedule task to get global/local catalog for Test, its period 5s 
2024-12-08 14:25:56.709 [pool-3-thread-1] INFO  com.rs.mv.mvvs.client.catalog.manager.U2CatalogManager - [client:400203]cache file auto update thread launch in ThirdParty account
2024-12-08 14:25:56.710 [pool-3-thread-1] INFO  com.rs.mv.mvvs.client.catalog.from.config.DirsConfigReader - [client:400206]parse dir config information
2024-12-08 14:25:56.710 [pool-3-thread-1] INFO  com.rs.mv.mvvs.client.catalog.from.config.MappingConfigReader - [client:400207]parse mapping config information
2024-12-08 14:25:56.710 [pool-3-thread-1] INFO  com.rs.mv.mvvs.client.catalog.manager.U2CatalogManager - [client:400202]start a schedule task to get global/local catalog for ThirdParty, its period 5s 
2024-12-08 14:25:56.711 [pool-3-thread-1] INFO  com.rs.mv.mvvs.client.catalog.manager.U2CatalogManager - [client:400203]cache file auto update thread launch in Escaper account
2024-12-08 14:25:56.714 [pool-3-thread-1] INFO  com.rs.mv.mvvs.client.catalog.from.config.DirsConfigReader - [client:400206]parse dir config information
2024-12-08 14:25:56.715 [pool-3-thread-1] INFO  com.rs.mv.mvvs.client.catalog.from.config.MappingConfigReader - [client:400207]parse mapping config information
2024-12-08 14:25:56.715 [pool-3-thread-1] INFO  com.rs.mv.mvvs.client.catalog.manager.U2CatalogManager - [client:400202]start a schedule task to get global/local catalog for Escaper, its period 5s 
2024-12-08 14:25:56.716 [pool-3-thread-1] INFO  com.rs.mv.mvvs.client.catalog.manager.U2CatalogManager - [client:400203]cache file auto update thread launch in Kint account
2024-12-08 14:25:56.716 [pool-3-thread-1] INFO  com.rs.mv.mvvs.client.catalog.from.config.DirsConfigReader - [client:400206]parse dir config information
2024-12-08 14:25:56.716 [pool-3-thread-1] INFO  com.rs.mv.mvvs.client.catalog.from.config.MappingConfigReader - [client:400207]parse mapping config information
2024-12-08 14:25:56.717 [pool-3-thread-1] INFO  com.rs.mv.mvvs.client.catalog.manager.U2CatalogManager - [client:400202]start a schedule task to get global/local catalog for Kint, its period 5s 
2024-12-08 14:25:56.719 [pool-3-thread-1] INFO  com.rs.mv.mvvs.client.catalog.manager.U2CatalogManager - [client:400203]cache file auto update thread launch in Renderer account
2024-12-08 14:25:56.720 [pool-3-thread-1] INFO  com.rs.mv.mvvs.client.catalog.from.config.DirsConfigReader - [client:400206]parse dir config information
2024-12-08 14:25:56.720 [pool-3-thread-1] INFO  com.rs.mv.mvvs.client.catalog.from.config.MappingConfigReader - [client:400207]parse mapping config information
2024-12-08 14:25:56.721 [pool-3-thread-1] INFO  com.rs.mv.mvvs.client.catalog.manager.U2CatalogManager - [client:400202]start a schedule task to get global/local catalog for Renderer, its period 5s 
2024-12-08 14:25:56.721 [pool-3-thread-1] INFO  com.rs.mv.mvvs.client.catalog.manager.U2CatalogManager - [client:400203]cache file auto update thread launch in resources account
2024-12-08 14:25:56.722 [pool-3-thread-1] INFO  com.rs.mv.mvvs.client.catalog.from.config.DirsConfigReader - [client:400206]parse dir config information
2024-12-08 14:25:56.722 [pool-3-thread-1] INFO  com.rs.mv.mvvs.client.catalog.from.config.MappingConfigReader - [client:400207]parse mapping config information
2024-12-08 14:25:56.723 [pool-3-thread-1] INFO  com.rs.mv.mvvs.client.catalog.manager.U2CatalogManager - [client:400202]start a schedule task to get global/local catalog for resources, its period 5s 
2024-12-08 14:25:56.723 [pool-3-thread-1] INFO  com.rs.mv.mvvs.client.catalog.manager.U2CatalogManager - [client:400203]cache file auto update thread launch in Zval account
2024-12-08 14:25:56.724 [pool-3-thread-1] INFO  com.rs.mv.mvvs.client.catalog.from.config.DirsConfigReader - [client:400206]parse dir config information
2024-12-08 14:25:56.724 [pool-3-thread-1] INFO  com.rs.mv.mvvs.client.catalog.from.config.MappingConfigReader - [client:400207]parse mapping config information
2024-12-08 14:25:56.725 [pool-3-thread-1] INFO  com.rs.mv.mvvs.client.catalog.manager.U2CatalogManager - [client:400202]start a schedule task to get global/local catalog for Zval, its period 5s 
2024-12-08 14:25:56.725 [pool-3-thread-1] INFO  com.rs.mv.mvvs.client.catalog.manager.U2CatalogManager - [client:400203]cache file auto update thread launch in PSR account
2024-12-08 14:25:56.726 [pool-3-thread-1] INFO  com.rs.mv.mvvs.client.catalog.from.config.DirsConfigReader - [client:400206]parse dir config information
2024-12-08 14:25:56.726 [pool-3-thread-1] INFO  com.rs.mv.mvvs.client.catalog.from.config.MappingConfigReader - [client:400207]parse mapping config information
2024-12-08 14:25:56.726 [pool-3-thread-1] INFO  com.rs.mv.mvvs.client.catalog.manager.U2CatalogManager - [client:400202]start a schedule task to get global/local catalog for PSR, its period 5s 
2024-12-08 14:25:56.727 [pool-3-thread-1] INFO  com.rs.mv.mvvs.client.catalog.manager.U2CatalogManager - [client:400203]cache file auto update thread launch in Validation account
2024-12-08 14:25:56.727 [pool-3-thread-1] INFO  com.rs.mv.mvvs.client.catalog.from.config.DirsConfigReader - [client:400206]parse dir config information
2024-12-08 14:25:56.728 [pool-3-thread-1] INFO  com.rs.mv.mvvs.client.catalog.from.config.MappingConfigReader - [client:400207]parse mapping config information
2024-12-08 14:25:56.729 [pool-3-thread-1] INFO  com.rs.mv.mvvs.client.catalog.manager.U2CatalogManager - [client:400202]start a schedule task to get global/local catalog for Validation, its period 5s 
2024-12-08 14:25:56.730 [pool-3-thread-1] INFO  com.rs.mv.mvvs.client.catalog.manager.U2CatalogManager - [client:400203]cache file auto update thread launch in View account
2024-12-08 14:25:56.730 [pool-3-thread-1] INFO  com.rs.mv.mvvs.client.catalog.from.config.DirsConfigReader - [client:400206]parse dir config information
2024-12-08 14:25:56.731 [pool-3-thread-1] INFO  com.rs.mv.mvvs.client.catalog.from.config.MappingConfigReader - [client:400207]parse mapping config information
2024-12-08 14:25:56.731 [pool-3-thread-1] INFO  com.rs.mv.mvvs.client.catalog.manager.U2CatalogManager - [client:400202]start a schedule task to get global/local catalog for View, its period 5s 
2024-12-08 14:25:56.732 [pool-3-thread-1] INFO  com.rs.mv.mvvs.client.catalog.manager.U2CatalogManager - [client:400203]cache file auto update thread launch in tests account
2024-12-08 14:25:56.732 [pool-3-thread-1] INFO  com.rs.mv.mvvs.client.catalog.from.config.DirsConfigReader - [client:400206]parse dir config information
2024-12-08 14:25:56.732 [pool-3-thread-1] INFO  com.rs.mv.mvvs.client.catalog.from.config.MappingConfigReader - [client:400207]parse mapping config information
2024-12-08 14:25:56.733 [pool-3-thread-1] INFO  com.rs.mv.mvvs.client.catalog.manager.U2CatalogManager - [client:400202]start a schedule task to get global/local catalog for tests, its period 5s 
2024-12-08 14:25:56.734 [pool-3-thread-1] INFO  com.rs.mv.mvvs.client.catalog.manager.U2CatalogManager - [client:400203]cache file auto update thread launch in _support account
2024-12-08 14:25:56.734 [pool-3-thread-1] INFO  com.rs.mv.mvvs.client.catalog.from.config.DirsConfigReader - [client:400206]parse dir config information
2024-12-08 14:25:56.734 [pool-3-thread-1] INFO  com.rs.mv.mvvs.client.catalog.from.config.MappingConfigReader - [client:400207]parse mapping config information
2024-12-08 14:25:56.735 [pool-3-thread-1] INFO  com.rs.mv.mvvs.client.catalog.manager.U2CatalogManager - [client:400202]start a schedule task to get global/local catalog for _support, its period 5s 
2024-12-08 14:25:56.735 [pool-3-thread-1] INFO  com.rs.mv.mvvs.client.catalog.manager.U2CatalogManager - [client:400203]cache file auto update thread launch in Database account
2024-12-08 14:25:56.735 [pool-3-thread-1] INFO  com.rs.mv.mvvs.client.catalog.from.config.DirsConfigReader - [client:400206]parse dir config information
2024-12-08 14:25:56.736 [pool-3-thread-1] INFO  com.rs.mv.mvvs.client.catalog.from.config.MappingConfigReader - [client:400207]parse mapping config information
2024-12-08 14:25:56.737 [pool-3-thread-1] INFO  com.rs.mv.mvvs.client.catalog.manager.U2CatalogManager - [client:400202]start a schedule task to get global/local catalog for Database, its period 5s 
2024-12-08 14:25:56.737 [pool-3-thread-1] INFO  com.rs.mv.mvvs.client.catalog.manager.U2CatalogManager - [client:400203]cache file auto update thread launch in writable account
2024-12-08 14:25:56.738 [pool-3-thread-1] INFO  com.rs.mv.mvvs.client.catalog.from.config.DirsConfigReader - [client:400206]parse dir config information
2024-12-08 14:25:56.738 [pool-3-thread-1] INFO  com.rs.mv.mvvs.client.catalog.from.config.MappingConfigReader - [client:400207]parse mapping config information
2024-12-08 14:25:56.738 [pool-3-thread-1] INFO  com.rs.mv.mvvs.client.catalog.manager.U2CatalogManager - [client:400202]start a schedule task to get global/local catalog for writable, its period 5s 
2024-12-08 14:25:56.739 [pool-3-thread-1] INFO  com.rs.mv.mvvs.client.catalog.manager.U2CatalogManager - [client:400203]cache file auto update thread launch in dompdf account
2024-12-08 14:25:56.739 [pool-3-thread-1] INFO  com.rs.mv.mvvs.client.catalog.from.config.DirsConfigReader - [client:400206]parse dir config information
2024-12-08 14:25:56.739 [pool-3-thread-1] INFO  com.rs.mv.mvvs.client.catalog.from.config.MappingConfigReader - [client:400207]parse mapping config information
2024-12-08 14:25:56.740 [pool-3-thread-1] INFO  com.rs.mv.mvvs.client.catalog.manager.U2CatalogManager - [client:400202]start a schedule task to get global/local catalog for dompdf, its period 5s 
2024-12-08 14:25:56.741 [pool-3-thread-1] INFO  com.rs.mv.mvvs.client.catalog.manager.U2CatalogManager - [client:400203]cache file auto update thread launch in dompdf account
2024-12-08 14:25:56.741 [pool-3-thread-1] INFO  com.rs.mv.mvvs.client.catalog.from.config.DirsConfigReader - [client:400206]parse dir config information
2024-12-08 14:25:56.741 [pool-3-thread-1] INFO  com.rs.mv.mvvs.client.catalog.from.config.MappingConfigReader - [client:400207]parse mapping config information
2024-12-08 14:25:56.742 [pool-3-thread-1] INFO  com.rs.mv.mvvs.client.catalog.manager.U2CatalogManager - [client:400202]start a schedule task to get global/local catalog for dompdf, its period 5s 
2024-12-08 14:25:56.743 [pool-3-thread-1] INFO  com.rs.mv.mvvs.client.catalog.manager.U2CatalogManager - [client:400203]cache file auto update thread launch in lib account
2024-12-08 14:25:56.743 [pool-3-thread-1] INFO  com.rs.mv.mvvs.client.catalog.from.config.DirsConfigReader - [client:400206]parse dir config information
2024-12-08 14:25:56.743 [pool-3-thread-1] INFO  com.rs.mv.mvvs.client.catalog.from.config.MappingConfigReader - [client:400207]parse mapping config information
2024-12-08 14:25:56.744 [pool-3-thread-1] INFO  com.rs.mv.mvvs.client.catalog.manager.U2CatalogManager - [client:400202]start a schedule task to get global/local catalog for lib, its period 5s 
2024-12-08 14:25:56.747 [pool-3-thread-1] INFO  com.rs.mv.mvvs.client.catalog.manager.U2CatalogManager - [client:400203]cache file auto update thread launch in src account
2024-12-08 14:25:56.928 [pool-3-thread-1] INFO  com.rs.mv.mvvs.client.catalog.from.config.DirsConfigReader - [client:400206]parse dir config information
2024-12-08 14:25:56.928 [pool-3-thread-1] INFO  com.rs.mv.mvvs.client.catalog.from.config.MappingConfigReader - [client:400207]parse mapping config information
2024-12-08 14:25:56.930 [pool-3-thread-1] INFO  com.rs.mv.mvvs.client.catalog.manager.U2CatalogManager - [client:400202]start a schedule task to get global/local catalog for src, its period 5s 
2024-12-08 14:25:56.933 [pool-3-thread-1] INFO  com.rs.mv.mvvs.client.catalog.manager.U2CatalogManager - [client:400203]cache file auto update thread launch in Css account
2024-12-08 14:25:56.936 [pool-3-thread-1] INFO  com.rs.mv.mvvs.client.catalog.from.config.DirsConfigReader - [client:400206]parse dir config information
2024-12-08 14:25:56.938 [pool-3-thread-1] INFO  com.rs.mv.mvvs.client.catalog.from.config.MappingConfigReader - [client:400207]parse mapping config information
2024-12-08 14:25:56.941 [pool-3-thread-1] INFO  com.rs.mv.mvvs.client.catalog.manager.U2CatalogManager - [client:400202]start a schedule task to get global/local catalog for Css, its period 5s 
2024-12-08 14:25:56.942 [pool-3-thread-1] INFO  com.rs.mv.mvvs.client.catalog.manager.U2CatalogManager - [client:400203]cache file auto update thread launch in php-font-lib account
2024-12-08 14:25:56.950 [pool-3-thread-1] INFO  com.rs.mv.mvvs.client.catalog.from.config.DirsConfigReader - [client:400206]parse dir config information
2024-12-08 14:25:56.950 [pool-3-thread-1] INFO  com.rs.mv.mvvs.client.catalog.from.config.MappingConfigReader - [client:400207]parse mapping config information
2024-12-08 14:25:56.951 [pool-3-thread-1] INFO  com.rs.mv.mvvs.client.catalog.manager.U2CatalogManager - [client:400202]start a schedule task to get global/local catalog for php-font-lib, its period 5s 
2024-12-08 14:25:56.954 [pool-3-thread-1] INFO  com.rs.mv.mvvs.client.catalog.manager.U2CatalogManager - [client:400203]cache file auto update thread launch in src account
2024-12-08 14:25:56.955 [pool-3-thread-1] INFO  com.rs.mv.mvvs.client.catalog.from.config.DirsConfigReader - [client:400206]parse dir config information
2024-12-08 14:25:56.956 [pool-3-thread-1] INFO  com.rs.mv.mvvs.client.catalog.from.config.MappingConfigReader - [client:400207]parse mapping config information
2024-12-08 14:25:56.957 [pool-3-thread-1] INFO  com.rs.mv.mvvs.client.catalog.manager.U2CatalogManager - [client:400202]start a schedule task to get global/local catalog for src, its period 5s 
2024-12-08 14:25:56.958 [pool-3-thread-1] INFO  com.rs.mv.mvvs.client.catalog.manager.U2CatalogManager - [client:400203]cache file auto update thread launch in FontLib account
2024-12-08 14:25:56.959 [pool-3-thread-1] INFO  com.rs.mv.mvvs.client.catalog.from.config.DirsConfigReader - [client:400206]parse dir config information
2024-12-08 14:25:56.959 [pool-3-thread-1] INFO  com.rs.mv.mvvs.client.catalog.from.config.MappingConfigReader - [client:400207]parse mapping config information
2024-12-08 14:25:56.960 [pool-3-thread-1] INFO  com.rs.mv.mvvs.client.catalog.manager.U2CatalogManager - [client:400202]start a schedule task to get global/local catalog for FontLib, its period 5s 
2024-12-08 14:25:56.960 [pool-3-thread-1] INFO  com.rs.mv.mvvs.client.catalog.manager.U2CatalogManager - [client:400203]cache file auto update thread launch in Table account
2024-12-08 14:25:56.961 [pool-3-thread-1] INFO  com.rs.mv.mvvs.client.catalog.from.config.DirsConfigReader - [client:400206]parse dir config information
2024-12-08 14:25:56.961 [pool-3-thread-1] INFO  com.rs.mv.mvvs.client.catalog.from.config.MappingConfigReader - [client:400207]parse mapping config information
2024-12-08 14:25:56.961 [pool-3-thread-1] INFO  com.rs.mv.mvvs.client.catalog.manager.U2CatalogManager - [client:400202]start a schedule task to get global/local catalog for Table, its period 5s 
2024-12-08 14:25:56.964 [pool-3-thread-1] INFO  com.rs.mv.mvvs.client.catalog.manager.U2CatalogManager - [client:400203]cache file auto update thread launch in php-svg-lib account
2024-12-08 14:25:56.965 [pool-3-thread-1] INFO  com.rs.mv.mvvs.client.catalog.from.config.DirsConfigReader - [client:400206]parse dir config information
2024-12-08 14:25:56.965 [pool-3-thread-1] INFO  com.rs.mv.mvvs.client.catalog.from.config.MappingConfigReader - [client:400207]parse mapping config information
2024-12-08 14:25:56.966 [pool-3-thread-1] INFO  com.rs.mv.mvvs.client.catalog.manager.U2CatalogManager - [client:400202]start a schedule task to get global/local catalog for php-svg-lib, its period 5s 
2024-12-08 14:25:56.966 [pool-3-thread-1] INFO  com.rs.mv.mvvs.client.catalog.manager.U2CatalogManager - [client:400203]cache file auto update thread launch in src account
2024-12-08 14:25:56.967 [pool-3-thread-1] INFO  com.rs.mv.mvvs.client.catalog.from.config.DirsConfigReader - [client:400206]parse dir config information
2024-12-08 14:25:56.967 [pool-3-thread-1] INFO  com.rs.mv.mvvs.client.catalog.from.config.MappingConfigReader - [client:400207]parse mapping config information
2024-12-08 14:25:56.967 [pool-3-thread-1] INFO  com.rs.mv.mvvs.client.catalog.manager.U2CatalogManager - [client:400202]start a schedule task to get global/local catalog for src, its period 5s 
2024-12-08 14:25:56.968 [pool-3-thread-1] INFO  com.rs.mv.mvvs.client.catalog.manager.U2CatalogManager - [client:400203]cache file auto update thread launch in Svg account
2024-12-08 14:25:56.968 [pool-3-thread-1] INFO  com.rs.mv.mvvs.client.catalog.from.config.DirsConfigReader - [client:400206]parse dir config information
2024-12-08 14:25:56.968 [pool-3-thread-1] INFO  com.rs.mv.mvvs.client.catalog.from.config.MappingConfigReader - [client:400207]parse mapping config information
2024-12-08 14:25:56.969 [pool-3-thread-1] INFO  com.rs.mv.mvvs.client.catalog.manager.U2CatalogManager - [client:400202]start a schedule task to get global/local catalog for Svg, its period 5s 
2024-12-08 14:25:56.970 [pool-3-thread-1] INFO  com.rs.mv.mvvs.client.catalog.manager.U2CatalogManager - [client:400203]cache file auto update thread launch in fakerphp account
2024-12-08 14:25:56.970 [pool-3-thread-1] INFO  com.rs.mv.mvvs.client.catalog.from.config.DirsConfigReader - [client:400206]parse dir config information
2024-12-08 14:25:56.970 [pool-3-thread-1] INFO  com.rs.mv.mvvs.client.catalog.from.config.MappingConfigReader - [client:400207]parse mapping config information
2024-12-08 14:25:56.971 [pool-3-thread-1] INFO  com.rs.mv.mvvs.client.catalog.manager.U2CatalogManager - [client:400202]start a schedule task to get global/local catalog for fakerphp, its period 5s 
2024-12-08 14:25:56.971 [pool-3-thread-1] INFO  com.rs.mv.mvvs.client.catalog.manager.U2CatalogManager - [client:400203]cache file auto update thread launch in faker account
2024-12-08 14:25:56.972 [pool-3-thread-1] INFO  com.rs.mv.mvvs.client.catalog.from.config.DirsConfigReader - [client:400206]parse dir config information
2024-12-08 14:25:56.972 [pool-3-thread-1] INFO  com.rs.mv.mvvs.client.catalog.from.config.MappingConfigReader - [client:400207]parse mapping config information
2024-12-08 14:25:56.972 [pool-3-thread-1] INFO  com.rs.mv.mvvs.client.catalog.manager.U2CatalogManager - [client:400202]start a schedule task to get global/local catalog for faker, its period 5s 
2024-12-08 14:25:56.973 [pool-3-thread-1] INFO  com.rs.mv.mvvs.client.catalog.manager.U2CatalogManager - [client:400203]cache file auto update thread launch in src account
2024-12-08 14:25:56.973 [pool-3-thread-1] INFO  com.rs.mv.mvvs.client.catalog.from.config.DirsConfigReader - [client:400206]parse dir config information
2024-12-08 14:25:56.974 [pool-3-thread-1] INFO  com.rs.mv.mvvs.client.catalog.from.config.MappingConfigReader - [client:400207]parse mapping config information
2024-12-08 14:25:56.974 [pool-3-thread-1] INFO  com.rs.mv.mvvs.client.catalog.manager.U2CatalogManager - [client:400202]start a schedule task to get global/local catalog for src, its period 5s 
2024-12-08 14:25:56.975 [pool-3-thread-1] INFO  com.rs.mv.mvvs.client.catalog.manager.U2CatalogManager - [client:400203]cache file auto update thread launch in Faker account
2024-12-08 14:25:56.975 [pool-3-thread-1] INFO  com.rs.mv.mvvs.client.catalog.from.config.DirsConfigReader - [client:400206]parse dir config information
2024-12-08 14:25:56.975 [pool-3-thread-1] INFO  com.rs.mv.mvvs.client.catalog.from.config.MappingConfigReader - [client:400207]parse mapping config information
2024-12-08 14:25:56.976 [pool-3-thread-1] INFO  com.rs.mv.mvvs.client.catalog.manager.U2CatalogManager - [client:400202]start a schedule task to get global/local catalog for Faker, its period 5s 
2024-12-08 14:25:56.976 [pool-3-thread-1] INFO  com.rs.mv.mvvs.client.catalog.manager.U2CatalogManager - [client:400203]cache file auto update thread launch in ORM account
2024-12-08 14:25:56.977 [pool-3-thread-1] INFO  com.rs.mv.mvvs.client.catalog.from.config.DirsConfigReader - [client:400206]parse dir config information
2024-12-08 14:25:56.977 [pool-3-thread-1] INFO  com.rs.mv.mvvs.client.catalog.from.config.MappingConfigReader - [client:400207]parse mapping config information
2024-12-08 14:25:56.978 [pool-3-thread-1] INFO  com.rs.mv.mvvs.client.catalog.manager.U2CatalogManager - [client:400202]start a schedule task to get global/local catalog for ORM, its period 5s 
2024-12-08 14:25:56.980 [pool-3-thread-1] INFO  com.rs.mv.mvvs.client.catalog.manager.U2CatalogManager - [client:400203]cache file auto update thread launch in Provider account
2024-12-08 14:25:56.980 [pool-3-thread-1] INFO  com.rs.mv.mvvs.client.catalog.from.config.DirsConfigReader - [client:400206]parse dir config information
2024-12-08 14:25:56.981 [pool-3-thread-1] INFO  com.rs.mv.mvvs.client.catalog.from.config.MappingConfigReader - [client:400207]parse mapping config information
2024-12-08 14:25:56.981 [pool-3-thread-1] INFO  com.rs.mv.mvvs.client.catalog.manager.U2CatalogManager - [client:400202]start a schedule task to get global/local catalog for Provider, its period 5s 
2024-12-08 14:25:56.982 [pool-3-thread-1] INFO  com.rs.mv.mvvs.client.catalog.manager.U2CatalogManager - [client:400203]cache file auto update thread launch in laminas account
2024-12-08 14:25:56.982 [pool-3-thread-1] INFO  com.rs.mv.mvvs.client.catalog.from.config.DirsConfigReader - [client:400206]parse dir config information
2024-12-08 14:25:56.993 [pool-3-thread-1] INFO  com.rs.mv.mvvs.client.catalog.from.config.MappingConfigReader - [client:400207]parse mapping config information
2024-12-08 14:25:57.092 [pool-3-thread-1] INFO  com.rs.mv.mvvs.client.catalog.manager.U2CatalogManager - [client:400202]start a schedule task to get global/local catalog for laminas, its period 5s 
2024-12-08 14:25:57.092 [pool-3-thread-1] INFO  com.rs.mv.mvvs.client.catalog.manager.U2CatalogManager - [client:400203]cache file auto update thread launch in laminas-escaper account
2024-12-08 14:25:57.093 [pool-3-thread-1] INFO  com.rs.mv.mvvs.client.catalog.from.config.DirsConfigReader - [client:400206]parse dir config information
2024-12-08 14:25:57.093 [pool-3-thread-1] INFO  com.rs.mv.mvvs.client.catalog.from.config.MappingConfigReader - [client:400207]parse mapping config information
2024-12-08 14:25:57.094 [pool-3-thread-1] INFO  com.rs.mv.mvvs.client.catalog.manager.U2CatalogManager - [client:400202]start a schedule task to get global/local catalog for laminas-escaper, its period 5s 
2024-12-08 14:25:57.094 [pool-3-thread-1] INFO  com.rs.mv.mvvs.client.catalog.manager.U2CatalogManager - [client:400203]cache file auto update thread launch in src account
2024-12-08 14:25:57.096 [pool-3-thread-1] INFO  com.rs.mv.mvvs.client.catalog.from.config.DirsConfigReader - [client:400206]parse dir config information
2024-12-08 14:25:57.096 [pool-3-thread-1] INFO  com.rs.mv.mvvs.client.catalog.from.config.MappingConfigReader - [client:400207]parse mapping config information
2024-12-08 14:25:57.097 [pool-3-thread-1] INFO  com.rs.mv.mvvs.client.catalog.manager.U2CatalogManager - [client:400202]start a schedule task to get global/local catalog for src, its period 5s 
2024-12-08 14:25:57.098 [pool-3-thread-1] INFO  com.rs.mv.mvvs.client.catalog.manager.U2CatalogManager - [client:400203]cache file auto update thread launch in masterminds account
2024-12-08 14:25:57.098 [pool-3-thread-1] INFO  com.rs.mv.mvvs.client.catalog.from.config.DirsConfigReader - [client:400206]parse dir config information
2024-12-08 14:25:57.099 [pool-3-thread-1] INFO  com.rs.mv.mvvs.client.catalog.from.config.MappingConfigReader - [client:400207]parse mapping config information
2024-12-08 14:25:57.099 [pool-3-thread-1] INFO  com.rs.mv.mvvs.client.catalog.manager.U2CatalogManager - [client:400202]start a schedule task to get global/local catalog for masterminds, its period 5s 
2024-12-08 14:25:57.100 [pool-3-thread-1] INFO  com.rs.mv.mvvs.client.catalog.manager.U2CatalogManager - [client:400203]cache file auto update thread launch in html5 account
2024-12-08 14:25:57.100 [pool-3-thread-1] INFO  com.rs.mv.mvvs.client.catalog.from.config.DirsConfigReader - [client:400206]parse dir config information
2024-12-08 14:25:57.100 [pool-3-thread-1] INFO  com.rs.mv.mvvs.client.catalog.from.config.MappingConfigReader - [client:400207]parse mapping config information
2024-12-08 14:25:57.102 [pool-3-thread-1] INFO  com.rs.mv.mvvs.client.catalog.manager.U2CatalogManager - [client:400202]start a schedule task to get global/local catalog for html5, its period 5s 
2024-12-08 14:25:57.102 [pool-3-thread-1] INFO  com.rs.mv.mvvs.client.catalog.manager.U2CatalogManager - [client:400203]cache file auto update thread launch in src account
2024-12-08 14:25:57.103 [pool-3-thread-1] INFO  com.rs.mv.mvvs.client.catalog.from.config.DirsConfigReader - [client:400206]parse dir config information
2024-12-08 14:25:57.103 [pool-3-thread-1] INFO  com.rs.mv.mvvs.client.catalog.from.config.MappingConfigReader - [client:400207]parse mapping config information
2024-12-08 14:25:57.104 [pool-3-thread-1] INFO  com.rs.mv.mvvs.client.catalog.manager.U2CatalogManager - [client:400202]start a schedule task to get global/local catalog for src, its period 5s 
2024-12-08 14:25:57.104 [pool-3-thread-1] INFO  com.rs.mv.mvvs.client.catalog.manager.U2CatalogManager - [client:400203]cache file auto update thread launch in HTML5 account
2024-12-08 14:25:57.105 [pool-3-thread-1] INFO  com.rs.mv.mvvs.client.catalog.from.config.DirsConfigReader - [client:400206]parse dir config information
2024-12-08 14:25:57.105 [pool-3-thread-1] INFO  com.rs.mv.mvvs.client.catalog.from.config.MappingConfigReader - [client:400207]parse mapping config information
2024-12-08 14:25:57.106 [pool-3-thread-1] INFO  com.rs.mv.mvvs.client.catalog.manager.U2CatalogManager - [client:400202]start a schedule task to get global/local catalog for HTML5, its period 5s 
2024-12-08 14:25:57.106 [pool-3-thread-1] INFO  com.rs.mv.mvvs.client.catalog.manager.U2CatalogManager - [client:400203]cache file auto update thread launch in mikey179 account
2024-12-08 14:25:57.107 [pool-3-thread-1] INFO  com.rs.mv.mvvs.client.catalog.from.config.DirsConfigReader - [client:400206]parse dir config information
2024-12-08 14:25:57.107 [pool-3-thread-1] INFO  com.rs.mv.mvvs.client.catalog.from.config.MappingConfigReader - [client:400207]parse mapping config information
2024-12-08 14:25:57.109 [pool-3-thread-1] INFO  com.rs.mv.mvvs.client.catalog.manager.U2CatalogManager - [client:400202]start a schedule task to get global/local catalog for mikey179, its period 5s 
2024-12-08 14:25:57.111 [pool-3-thread-1] INFO  com.rs.mv.mvvs.client.catalog.manager.U2CatalogManager - [client:400203]cache file auto update thread launch in vfsstream account
2024-12-08 14:25:57.111 [pool-3-thread-1] INFO  com.rs.mv.mvvs.client.catalog.from.config.DirsConfigReader - [client:400206]parse dir config information
2024-12-08 14:25:57.111 [pool-3-thread-1] INFO  com.rs.mv.mvvs.client.catalog.from.config.MappingConfigReader - [client:400207]parse mapping config information
2024-12-08 14:25:57.114 [pool-3-thread-1] INFO  com.rs.mv.mvvs.client.catalog.manager.U2CatalogManager - [client:400202]start a schedule task to get global/local catalog for vfsstream, its period 5s 
2024-12-08 14:25:57.116 [pool-3-thread-1] INFO  com.rs.mv.mvvs.client.catalog.manager.U2CatalogManager - [client:400203]cache file auto update thread launch in .github account
2024-12-08 14:25:57.116 [pool-3-thread-1] INFO  com.rs.mv.mvvs.client.catalog.from.config.DirsConfigReader - [client:400206]parse dir config information
2024-12-08 14:25:57.116 [pool-3-thread-1] INFO  com.rs.mv.mvvs.client.catalog.from.config.MappingConfigReader - [client:400207]parse mapping config information
2024-12-08 14:25:57.120 [pool-3-thread-1] INFO  com.rs.mv.mvvs.client.catalog.manager.U2CatalogManager - [client:400202]start a schedule task to get global/local catalog for .github, its period 5s 
2024-12-08 14:25:57.121 [pool-3-thread-1] INFO  com.rs.mv.mvvs.client.catalog.manager.U2CatalogManager - [client:400203]cache file auto update thread launch in src account
2024-12-08 14:25:57.121 [pool-3-thread-1] INFO  com.rs.mv.mvvs.client.catalog.from.config.DirsConfigReader - [client:400206]parse dir config information
2024-12-08 14:25:57.122 [pool-3-thread-1] INFO  com.rs.mv.mvvs.client.catalog.from.config.MappingConfigReader - [client:400207]parse mapping config information
2024-12-08 14:25:57.122 [pool-3-thread-1] INFO  com.rs.mv.mvvs.client.catalog.manager.U2CatalogManager - [client:400202]start a schedule task to get global/local catalog for src, its period 5s 
2024-12-08 14:25:57.123 [pool-3-thread-1] INFO  com.rs.mv.mvvs.client.catalog.manager.U2CatalogManager - [client:400203]cache file auto update thread launch in main account
2024-12-08 14:25:57.123 [pool-3-thread-1] INFO  com.rs.mv.mvvs.client.catalog.from.config.DirsConfigReader - [client:400206]parse dir config information
2024-12-08 14:25:57.123 [pool-3-thread-1] INFO  com.rs.mv.mvvs.client.catalog.from.config.MappingConfigReader - [client:400207]parse mapping config information
2024-12-08 14:25:57.124 [pool-3-thread-1] INFO  com.rs.mv.mvvs.client.catalog.manager.U2CatalogManager - [client:400202]start a schedule task to get global/local catalog for main, its period 5s 
2024-12-08 14:25:57.125 [pool-3-thread-1] INFO  com.rs.mv.mvvs.client.catalog.manager.U2CatalogManager - [client:400203]cache file auto update thread launch in php account
2024-12-08 14:25:57.126 [pool-3-thread-1] INFO  com.rs.mv.mvvs.client.catalog.from.config.DirsConfigReader - [client:400206]parse dir config information
2024-12-08 14:25:57.126 [pool-3-thread-1] INFO  com.rs.mv.mvvs.client.catalog.from.config.MappingConfigReader - [client:400207]parse mapping config information
2024-12-08 14:25:57.127 [pool-3-thread-1] INFO  com.rs.mv.mvvs.client.catalog.manager.U2CatalogManager - [client:400202]start a schedule task to get global/local catalog for php, its period 5s 
2024-12-08 14:25:57.127 [pool-3-thread-1] INFO  com.rs.mv.mvvs.client.catalog.manager.U2CatalogManager - [client:400203]cache file auto update thread launch in org account
2024-12-08 14:25:57.128 [pool-3-thread-1] INFO  com.rs.mv.mvvs.client.catalog.from.config.DirsConfigReader - [client:400206]parse dir config information
2024-12-08 14:25:57.128 [pool-3-thread-1] INFO  com.rs.mv.mvvs.client.catalog.from.config.MappingConfigReader - [client:400207]parse mapping config information
2024-12-08 14:25:57.128 [pool-3-thread-1] INFO  com.rs.mv.mvvs.client.catalog.manager.U2CatalogManager - [client:400202]start a schedule task to get global/local catalog for org, its period 5s 
2024-12-08 14:25:57.130 [pool-3-thread-1] INFO  com.rs.mv.mvvs.client.catalog.manager.U2CatalogManager - [client:400203]cache file auto update thread launch in bovigo account
2024-12-08 14:25:57.131 [pool-3-thread-1] INFO  com.rs.mv.mvvs.client.catalog.from.config.DirsConfigReader - [client:400206]parse dir config information
2024-12-08 14:25:57.131 [pool-3-thread-1] INFO  com.rs.mv.mvvs.client.catalog.from.config.MappingConfigReader - [client:400207]parse mapping config information
2024-12-08 14:25:57.132 [pool-3-thread-1] INFO  com.rs.mv.mvvs.client.catalog.manager.U2CatalogManager - [client:400202]start a schedule task to get global/local catalog for bovigo, its period 5s 
2024-12-08 14:25:57.132 [pool-3-thread-1] INFO  com.rs.mv.mvvs.client.catalog.manager.U2CatalogManager - [client:400203]cache file auto update thread launch in vfs account
2024-12-08 14:25:57.133 [pool-3-thread-1] INFO  com.rs.mv.mvvs.client.catalog.from.config.DirsConfigReader - [client:400206]parse dir config information
2024-12-08 14:25:57.133 [pool-3-thread-1] INFO  com.rs.mv.mvvs.client.catalog.from.config.MappingConfigReader - [client:400207]parse mapping config information
2024-12-08 14:25:57.134 [pool-3-thread-1] INFO  com.rs.mv.mvvs.client.catalog.manager.U2CatalogManager - [client:400202]start a schedule task to get global/local catalog for vfs, its period 5s 
2024-12-08 14:25:57.200 [pool-3-thread-1] INFO  com.rs.mv.mvvs.client.catalog.manager.U2CatalogManager - [client:400203]cache file auto update thread launch in test account
2024-12-08 14:25:57.201 [pool-3-thread-1] INFO  com.rs.mv.mvvs.client.catalog.from.config.DirsConfigReader - [client:400206]parse dir config information
2024-12-08 14:25:57.201 [pool-3-thread-1] INFO  com.rs.mv.mvvs.client.catalog.from.config.MappingConfigReader - [client:400207]parse mapping config information
2024-12-08 14:25:57.202 [pool-3-thread-1] INFO  com.rs.mv.mvvs.client.catalog.manager.U2CatalogManager - [client:400202]start a schedule task to get global/local catalog for test, its period 5s 
2024-12-08 14:25:57.202 [pool-3-thread-1] INFO  com.rs.mv.mvvs.client.catalog.manager.U2CatalogManager - [client:400203]cache file auto update thread launch in php account
2024-12-08 14:25:57.203 [pool-3-thread-1] INFO  com.rs.mv.mvvs.client.catalog.from.config.DirsConfigReader - [client:400206]parse dir config information
2024-12-08 14:25:57.203 [pool-3-thread-1] INFO  com.rs.mv.mvvs.client.catalog.from.config.MappingConfigReader - [client:400207]parse mapping config information
2024-12-08 14:25:57.204 [pool-3-thread-1] INFO  com.rs.mv.mvvs.client.catalog.manager.U2CatalogManager - [client:400202]start a schedule task to get global/local catalog for php, its period 5s 
2024-12-08 14:25:57.204 [pool-3-thread-1] INFO  com.rs.mv.mvvs.client.catalog.manager.U2CatalogManager - [client:400203]cache file auto update thread launch in org account
2024-12-08 14:25:57.205 [pool-3-thread-1] INFO  com.rs.mv.mvvs.client.catalog.from.config.DirsConfigReader - [client:400206]parse dir config information
2024-12-08 14:25:57.205 [pool-3-thread-1] INFO  com.rs.mv.mvvs.client.catalog.from.config.MappingConfigReader - [client:400207]parse mapping config information
2024-12-08 14:25:57.205 [pool-3-thread-1] INFO  com.rs.mv.mvvs.client.catalog.manager.U2CatalogManager - [client:400202]start a schedule task to get global/local catalog for org, its period 5s 
2024-12-08 14:25:57.206 [pool-3-thread-1] INFO  com.rs.mv.mvvs.client.catalog.manager.U2CatalogManager - [client:400203]cache file auto update thread launch in bovigo account
2024-12-08 14:25:57.206 [pool-3-thread-1] INFO  com.rs.mv.mvvs.client.catalog.from.config.DirsConfigReader - [client:400206]parse dir config information
2024-12-08 14:25:57.206 [pool-3-thread-1] INFO  com.rs.mv.mvvs.client.catalog.from.config.MappingConfigReader - [client:400207]parse mapping config information
2024-12-08 14:25:57.207 [pool-3-thread-1] INFO  com.rs.mv.mvvs.client.catalog.manager.U2CatalogManager - [client:400202]start a schedule task to get global/local catalog for bovigo, its period 5s 
2024-12-08 14:25:57.208 [pool-3-thread-1] INFO  com.rs.mv.mvvs.client.catalog.manager.U2CatalogManager - [client:400203]cache file auto update thread launch in vfs account
2024-12-08 14:25:57.208 [pool-3-thread-1] INFO  com.rs.mv.mvvs.client.catalog.from.config.DirsConfigReader - [client:400206]parse dir config information
2024-12-08 14:25:57.208 [pool-3-thread-1] INFO  com.rs.mv.mvvs.client.catalog.from.config.MappingConfigReader - [client:400207]parse mapping config information
2024-12-08 14:25:57.209 [pool-3-thread-1] INFO  com.rs.mv.mvvs.client.catalog.manager.U2CatalogManager - [client:400202]start a schedule task to get global/local catalog for vfs, its period 5s 
2024-12-08 14:25:57.209 [pool-3-thread-1] INFO  com.rs.mv.mvvs.client.catalog.manager.U2CatalogManager - [client:400203]cache file auto update thread launch in resources account
2024-12-08 14:25:57.210 [pool-3-thread-1] INFO  com.rs.mv.mvvs.client.catalog.from.config.DirsConfigReader - [client:400206]parse dir config information
2024-12-08 14:25:57.210 [pool-3-thread-1] INFO  com.rs.mv.mvvs.client.catalog.from.config.MappingConfigReader - [client:400207]parse mapping config information
2024-12-08 14:25:57.211 [pool-3-thread-1] INFO  com.rs.mv.mvvs.client.catalog.manager.U2CatalogManager - [client:400202]start a schedule task to get global/local catalog for resources, its period 5s 
2024-12-08 14:25:57.211 [pool-3-thread-1] INFO  com.rs.mv.mvvs.client.catalog.manager.U2CatalogManager - [client:400203]cache file auto update thread launch in filesystemcopy account
2024-12-08 14:25:57.212 [pool-3-thread-1] INFO  com.rs.mv.mvvs.client.catalog.from.config.DirsConfigReader - [client:400206]parse dir config information
2024-12-08 14:25:57.214 [pool-3-thread-1] INFO  com.rs.mv.mvvs.client.catalog.from.config.MappingConfigReader - [client:400207]parse mapping config information
2024-12-08 14:25:57.215 [pool-3-thread-1] INFO  com.rs.mv.mvvs.client.catalog.manager.U2CatalogManager - [client:400202]start a schedule task to get global/local catalog for filesystemcopy, its period 5s 
2024-12-08 14:25:57.216 [pool-3-thread-1] INFO  com.rs.mv.mvvs.client.catalog.manager.U2CatalogManager - [client:400203]cache file auto update thread launch in withSubfolders account
2024-12-08 14:25:57.217 [pool-3-thread-1] INFO  com.rs.mv.mvvs.client.catalog.from.config.DirsConfigReader - [client:400206]parse dir config information
2024-12-08 14:25:57.217 [pool-3-thread-1] INFO  com.rs.mv.mvvs.client.catalog.from.config.MappingConfigReader - [client:400207]parse mapping config information
2024-12-08 14:25:57.218 [pool-3-thread-1] INFO  com.rs.mv.mvvs.client.catalog.manager.U2CatalogManager - [client:400202]start a schedule task to get global/local catalog for withSubfolders, its period 5s 
2024-12-08 14:25:57.219 [pool-3-thread-1] INFO  com.rs.mv.mvvs.client.catalog.manager.U2CatalogManager - [client:400203]cache file auto update thread launch in mpdf account
2024-12-08 14:25:57.221 [pool-3-thread-1] INFO  com.rs.mv.mvvs.client.catalog.from.config.DirsConfigReader - [client:400206]parse dir config information
2024-12-08 14:25:57.221 [pool-3-thread-1] INFO  com.rs.mv.mvvs.client.catalog.from.config.MappingConfigReader - [client:400207]parse mapping config information
2024-12-08 14:25:57.222 [pool-3-thread-1] INFO  com.rs.mv.mvvs.client.catalog.manager.U2CatalogManager - [client:400202]start a schedule task to get global/local catalog for mpdf, its period 5s 
2024-12-08 14:25:57.228 [pool-3-thread-1] INFO  com.rs.mv.mvvs.client.catalog.manager.U2CatalogManager - [client:400203]cache file auto update thread launch in mpdf account
2024-12-08 14:25:57.228 [pool-3-thread-1] INFO  com.rs.mv.mvvs.client.catalog.from.config.DirsConfigReader - [client:400206]parse dir config information
2024-12-08 14:25:57.229 [pool-3-thread-1] INFO  com.rs.mv.mvvs.client.catalog.from.config.MappingConfigReader - [client:400207]parse mapping config information
2024-12-08 14:25:57.230 [pool-3-thread-1] INFO  com.rs.mv.mvvs.client.catalog.manager.U2CatalogManager - [client:400202]start a schedule task to get global/local catalog for mpdf, its period 5s 
2024-12-08 14:25:57.240 [pool-3-thread-1] INFO  com.rs.mv.mvvs.client.catalog.manager.U2CatalogManager - [client:400203]cache file auto update thread launch in .github account
2024-12-08 14:25:57.251 [pool-3-thread-1] INFO  com.rs.mv.mvvs.client.catalog.from.config.DirsConfigReader - [client:400206]parse dir config information
2024-12-08 14:25:57.253 [pool-3-thread-1] INFO  com.rs.mv.mvvs.client.catalog.from.config.MappingConfigReader - [client:400207]parse mapping config information
2024-12-08 14:25:57.254 [pool-3-thread-1] INFO  com.rs.mv.mvvs.client.catalog.manager.U2CatalogManager - [client:400202]start a schedule task to get global/local catalog for .github, its period 5s 
2024-12-08 14:25:57.255 [pool-3-thread-1] INFO  com.rs.mv.mvvs.client.catalog.manager.U2CatalogManager - [client:400203]cache file auto update thread launch in data account
2024-12-08 14:25:57.256 [pool-3-thread-1] INFO  com.rs.mv.mvvs.client.catalog.from.config.DirsConfigReader - [client:400206]parse dir config information
2024-12-08 14:25:57.256 [pool-3-thread-1] INFO  com.rs.mv.mvvs.client.catalog.from.config.MappingConfigReader - [client:400207]parse mapping config information
2024-12-08 14:25:57.257 [pool-3-thread-1] INFO  com.rs.mv.mvvs.client.catalog.manager.U2CatalogManager - [client:400202]start a schedule task to get global/local catalog for data, its period 5s 
2024-12-08 14:25:57.258 [pool-3-thread-1] INFO  com.rs.mv.mvvs.client.catalog.manager.U2CatalogManager - [client:400203]cache file auto update thread launch in src account
2024-12-08 14:25:57.258 [pool-3-thread-1] INFO  com.rs.mv.mvvs.client.catalog.from.config.DirsConfigReader - [client:400206]parse dir config information
2024-12-08 14:25:57.258 [pool-3-thread-1] INFO  com.rs.mv.mvvs.client.catalog.from.config.MappingConfigReader - [client:400207]parse mapping config information
2024-12-08 14:25:57.259 [pool-3-thread-1] INFO  com.rs.mv.mvvs.client.catalog.manager.U2CatalogManager - [client:400202]start a schedule task to get global/local catalog for src, its period 5s 
2024-12-08 14:25:57.260 [pool-3-thread-1] INFO  com.rs.mv.mvvs.client.catalog.manager.U2CatalogManager - [client:400203]cache file auto update thread launch in Http account
2024-12-08 14:25:57.260 [pool-3-thread-1] INFO  com.rs.mv.mvvs.client.catalog.from.config.DirsConfigReader - [client:400206]parse dir config information
2024-12-08 14:25:57.260 [pool-3-thread-1] INFO  com.rs.mv.mvvs.client.catalog.from.config.MappingConfigReader - [client:400207]parse mapping config information
2024-12-08 14:25:57.261 [pool-3-thread-1] INFO  com.rs.mv.mvvs.client.catalog.manager.U2CatalogManager - [client:400202]start a schedule task to get global/local catalog for Http, its period 5s 
2024-12-08 14:25:57.262 [pool-3-thread-1] INFO  com.rs.mv.mvvs.client.catalog.manager.U2CatalogManager - [client:400203]cache file auto update thread launch in Pdf account
2024-12-08 14:25:57.262 [pool-3-thread-1] INFO  com.rs.mv.mvvs.client.catalog.from.config.DirsConfigReader - [client:400206]parse dir config information
2024-12-08 14:25:57.262 [pool-3-thread-1] INFO  com.rs.mv.mvvs.client.catalog.from.config.MappingConfigReader - [client:400207]parse mapping config information
2024-12-08 14:25:57.263 [pool-3-thread-1] INFO  com.rs.mv.mvvs.client.catalog.manager.U2CatalogManager - [client:400202]start a schedule task to get global/local catalog for Pdf, its period 5s 
2024-12-08 14:25:57.271 [pool-3-thread-1] INFO  com.rs.mv.mvvs.client.catalog.manager.U2CatalogManager - [client:400203]cache file auto update thread launch in tmp account
2024-12-08 14:25:57.271 [pool-3-thread-1] INFO  com.rs.mv.mvvs.client.catalog.from.config.DirsConfigReader - [client:400206]parse dir config information
2024-12-08 14:25:57.271 [pool-3-thread-1] INFO  com.rs.mv.mvvs.client.catalog.from.config.MappingConfigReader - [client:400207]parse mapping config information
2024-12-08 14:25:57.272 [pool-3-thread-1] INFO  com.rs.mv.mvvs.client.catalog.manager.U2CatalogManager - [client:400202]start a schedule task to get global/local catalog for tmp, its period 5s 
2024-12-08 14:25:57.273 [pool-3-thread-1] INFO  com.rs.mv.mvvs.client.catalog.manager.U2CatalogManager - [client:400203]cache file auto update thread launch in mpdf account
2024-12-08 14:25:57.273 [pool-3-thread-1] INFO  com.rs.mv.mvvs.client.catalog.from.config.DirsConfigReader - [client:400206]parse dir config information
2024-12-08 14:25:57.273 [pool-3-thread-1] INFO  com.rs.mv.mvvs.client.catalog.from.config.MappingConfigReader - [client:400207]parse mapping config information
2024-12-08 14:25:57.274 [pool-3-thread-1] INFO  com.rs.mv.mvvs.client.catalog.manager.U2CatalogManager - [client:400202]start a schedule task to get global/local catalog for mpdf, its period 5s 
2024-12-08 14:25:57.274 [pool-3-thread-1] INFO  com.rs.mv.mvvs.client.catalog.manager.U2CatalogManager - [client:400203]cache file auto update thread launch in psr-http-message-shim account
2024-12-08 14:25:57.275 [pool-3-thread-1] INFO  com.rs.mv.mvvs.client.catalog.from.config.DirsConfigReader - [client:400206]parse dir config information
2024-12-08 14:25:57.275 [pool-3-thread-1] INFO  com.rs.mv.mvvs.client.catalog.from.config.MappingConfigReader - [client:400207]parse mapping config information
2024-12-08 14:25:57.276 [pool-3-thread-1] INFO  com.rs.mv.mvvs.client.catalog.manager.U2CatalogManager - [client:400202]start a schedule task to get global/local catalog for psr-http-message-shim, its period 5s 
2024-12-08 14:25:57.276 [pool-3-thread-1] INFO  com.rs.mv.mvvs.client.catalog.manager.U2CatalogManager - [client:400203]cache file auto update thread launch in psr-log-aware-trait account
2024-12-08 14:25:57.276 [pool-3-thread-1] INFO  com.rs.mv.mvvs.client.catalog.from.config.DirsConfigReader - [client:400206]parse dir config information
2024-12-08 14:25:57.277 [pool-3-thread-1] INFO  com.rs.mv.mvvs.client.catalog.from.config.MappingConfigReader - [client:400207]parse mapping config information
2024-12-08 14:25:57.277 [pool-3-thread-1] INFO  com.rs.mv.mvvs.client.catalog.manager.U2CatalogManager - [client:400202]start a schedule task to get global/local catalog for psr-log-aware-trait, its period 5s 
2024-12-08 14:25:57.278 [pool-3-thread-1] INFO  com.rs.mv.mvvs.client.catalog.manager.U2CatalogManager - [client:400203]cache file auto update thread launch in myclabs account
2024-12-08 14:25:57.278 [pool-3-thread-1] INFO  com.rs.mv.mvvs.client.catalog.from.config.DirsConfigReader - [client:400206]parse dir config information
2024-12-08 14:25:57.278 [pool-3-thread-1] INFO  com.rs.mv.mvvs.client.catalog.from.config.MappingConfigReader - [client:400207]parse mapping config information
2024-12-08 14:25:57.280 [pool-3-thread-1] INFO  com.rs.mv.mvvs.client.catalog.manager.U2CatalogManager - [client:400202]start a schedule task to get global/local catalog for myclabs, its period 5s 
2024-12-08 14:25:57.280 [pool-3-thread-1] INFO  com.rs.mv.mvvs.client.catalog.manager.U2CatalogManager - [client:400203]cache file auto update thread launch in deep-copy account
2024-12-08 14:25:57.281 [pool-3-thread-1] INFO  com.rs.mv.mvvs.client.catalog.from.config.DirsConfigReader - [client:400206]parse dir config information
2024-12-08 14:25:57.281 [pool-3-thread-1] INFO  com.rs.mv.mvvs.client.catalog.from.config.MappingConfigReader - [client:400207]parse mapping config information
2024-12-08 14:25:57.281 [pool-3-thread-1] INFO  com.rs.mv.mvvs.client.catalog.manager.U2CatalogManager - [client:400202]start a schedule task to get global/local catalog for deep-copy, its period 5s 
2024-12-08 14:25:57.282 [pool-3-thread-1] INFO  com.rs.mv.mvvs.client.catalog.manager.U2CatalogManager - [client:400203]cache file auto update thread launch in src account
2024-12-08 14:25:57.282 [pool-3-thread-1] INFO  com.rs.mv.mvvs.client.catalog.from.config.DirsConfigReader - [client:400206]parse dir config information
2024-12-08 14:25:57.283 [pool-3-thread-1] INFO  com.rs.mv.mvvs.client.catalog.from.config.MappingConfigReader - [client:400207]parse mapping config information
2024-12-08 14:25:57.283 [pool-3-thread-1] INFO  com.rs.mv.mvvs.client.catalog.manager.U2CatalogManager - [client:400202]start a schedule task to get global/local catalog for src, its period 5s 
2024-12-08 14:25:57.284 [pool-3-thread-1] INFO  com.rs.mv.mvvs.client.catalog.manager.U2CatalogManager - [client:400203]cache file auto update thread launch in DeepCopy account
2024-12-08 14:25:57.284 [pool-3-thread-1] INFO  com.rs.mv.mvvs.client.catalog.from.config.DirsConfigReader - [client:400206]parse dir config information
2024-12-08 14:25:57.284 [pool-3-thread-1] INFO  com.rs.mv.mvvs.client.catalog.from.config.MappingConfigReader - [client:400207]parse mapping config information
2024-12-08 14:25:57.285 [pool-3-thread-1] INFO  com.rs.mv.mvvs.client.catalog.manager.U2CatalogManager - [client:400202]start a schedule task to get global/local catalog for DeepCopy, its period 5s 
2024-12-08 14:25:57.285 [pool-3-thread-1] INFO  com.rs.mv.mvvs.client.catalog.manager.U2CatalogManager - [client:400203]cache file auto update thread launch in Filter account
2024-12-08 14:25:57.286 [pool-3-thread-1] INFO  com.rs.mv.mvvs.client.catalog.from.config.DirsConfigReader - [client:400206]parse dir config information
2024-12-08 14:25:57.286 [pool-3-thread-1] INFO  com.rs.mv.mvvs.client.catalog.from.config.MappingConfigReader - [client:400207]parse mapping config information
2024-12-08 14:25:57.286 [pool-3-thread-1] INFO  com.rs.mv.mvvs.client.catalog.manager.U2CatalogManager - [client:400202]start a schedule task to get global/local catalog for Filter, its period 5s 
2024-12-08 14:25:57.287 [pool-3-thread-1] INFO  com.rs.mv.mvvs.client.catalog.manager.U2CatalogManager - [client:400203]cache file auto update thread launch in Matcher account
2024-12-08 14:25:57.287 [pool-3-thread-1] INFO  com.rs.mv.mvvs.client.catalog.from.config.DirsConfigReader - [client:400206]parse dir config information
2024-12-08 14:25:57.287 [pool-3-thread-1] INFO  com.rs.mv.mvvs.client.catalog.from.config.MappingConfigReader - [client:400207]parse mapping config information
2024-12-08 14:25:57.288 [pool-3-thread-1] INFO  com.rs.mv.mvvs.client.catalog.manager.U2CatalogManager - [client:400202]start a schedule task to get global/local catalog for Matcher, its period 5s 
2024-12-08 14:25:57.289 [pool-3-thread-1] INFO  com.rs.mv.mvvs.client.catalog.manager.U2CatalogManager - [client:400203]cache file auto update thread launch in TypeFilter account
2024-12-08 14:25:57.289 [pool-3-thread-1] INFO  com.rs.mv.mvvs.client.catalog.from.config.DirsConfigReader - [client:400206]parse dir config information
2024-12-08 14:25:57.289 [pool-3-thread-1] INFO  com.rs.mv.mvvs.client.catalog.from.config.MappingConfigReader - [client:400207]parse mapping config information
2024-12-08 14:25:57.290 [pool-3-thread-1] INFO  com.rs.mv.mvvs.client.catalog.manager.U2CatalogManager - [client:400202]start a schedule task to get global/local catalog for TypeFilter, its period 5s 
2024-12-08 14:25:57.290 [pool-3-thread-1] INFO  com.rs.mv.mvvs.client.catalog.manager.U2CatalogManager - [client:400203]cache file auto update thread launch in nikic account
2024-12-08 14:25:57.290 [pool-3-thread-1] INFO  com.rs.mv.mvvs.client.catalog.from.config.DirsConfigReader - [client:400206]parse dir config information
2024-12-08 14:25:57.291 [pool-3-thread-1] INFO  com.rs.mv.mvvs.client.catalog.from.config.MappingConfigReader - [client:400207]parse mapping config information
2024-12-08 14:25:57.291 [pool-3-thread-1] INFO  com.rs.mv.mvvs.client.catalog.manager.U2CatalogManager - [client:400202]start a schedule task to get global/local catalog for nikic, its period 5s 
2024-12-08 14:25:57.292 [pool-3-thread-1] INFO  com.rs.mv.mvvs.client.catalog.manager.U2CatalogManager - [client:400203]cache file auto update thread launch in php-parser account
2024-12-08 14:25:57.292 [pool-3-thread-1] INFO  com.rs.mv.mvvs.client.catalog.from.config.DirsConfigReader - [client:400206]parse dir config information
2024-12-08 14:25:57.293 [pool-3-thread-1] INFO  com.rs.mv.mvvs.client.catalog.from.config.MappingConfigReader - [client:400207]parse mapping config information
2024-12-08 14:25:57.293 [pool-3-thread-1] INFO  com.rs.mv.mvvs.client.catalog.manager.U2CatalogManager - [client:400202]start a schedule task to get global/local catalog for php-parser, its period 5s 
2024-12-08 14:25:57.294 [pool-3-thread-1] INFO  com.rs.mv.mvvs.client.catalog.manager.U2CatalogManager - [client:400203]cache file auto update thread launch in lib account
2024-12-08 14:25:57.294 [pool-3-thread-1] INFO  com.rs.mv.mvvs.client.catalog.from.config.DirsConfigReader - [client:400206]parse dir config information
2024-12-08 14:25:57.294 [pool-3-thread-1] INFO  com.rs.mv.mvvs.client.catalog.from.config.MappingConfigReader - [client:400207]parse mapping config information
2024-12-08 14:25:57.295 [pool-3-thread-1] INFO  com.rs.mv.mvvs.client.catalog.manager.U2CatalogManager - [client:400202]start a schedule task to get global/local catalog for lib, its period 5s 
2024-12-08 14:25:57.295 [pool-3-thread-1] INFO  com.rs.mv.mvvs.client.catalog.manager.U2CatalogManager - [client:400203]cache file auto update thread launch in PhpParser account
2024-12-08 14:25:57.296 [pool-3-thread-1] INFO  com.rs.mv.mvvs.client.catalog.from.config.DirsConfigReader - [client:400206]parse dir config information
2024-12-08 14:25:57.296 [pool-3-thread-1] INFO  com.rs.mv.mvvs.client.catalog.from.config.MappingConfigReader - [client:400207]parse mapping config information
2024-12-08 14:25:57.297 [pool-3-thread-1] INFO  com.rs.mv.mvvs.client.catalog.manager.U2CatalogManager - [client:400202]start a schedule task to get global/local catalog for PhpParser, its period 5s 
2024-12-08 14:25:57.297 [pool-3-thread-1] INFO  com.rs.mv.mvvs.client.catalog.manager.U2CatalogManager - [client:400203]cache file auto update thread launch in Lexer account
2024-12-08 14:25:57.298 [pool-3-thread-1] INFO  com.rs.mv.mvvs.client.catalog.from.config.DirsConfigReader - [client:400206]parse dir config information
2024-12-08 14:25:57.298 [pool-3-thread-1] INFO  com.rs.mv.mvvs.client.catalog.from.config.MappingConfigReader - [client:400207]parse mapping config information
2024-12-08 14:25:57.298 [pool-3-thread-1] INFO  com.rs.mv.mvvs.client.catalog.manager.U2CatalogManager - [client:400202]start a schedule task to get global/local catalog for Lexer, its period 5s 
2024-12-08 14:25:57.299 [pool-3-thread-1] INFO  com.rs.mv.mvvs.client.catalog.manager.U2CatalogManager - [client:400203]cache file auto update thread launch in Node account
2024-12-08 14:25:57.299 [pool-3-thread-1] INFO  com.rs.mv.mvvs.client.catalog.from.config.DirsConfigReader - [client:400206]parse dir config information
2024-12-08 14:25:57.299 [pool-3-thread-1] INFO  com.rs.mv.mvvs.client.catalog.from.config.MappingConfigReader - [client:400207]parse mapping config information
2024-12-08 14:25:57.300 [pool-3-thread-1] INFO  com.rs.mv.mvvs.client.catalog.manager.U2CatalogManager - [client:400202]start a schedule task to get global/local catalog for Node, its period 5s 
2024-12-08 14:25:57.300 [pool-3-thread-1] INFO  com.rs.mv.mvvs.client.catalog.manager.U2CatalogManager - [client:400203]cache file auto update thread launch in Expr account
2024-12-08 14:25:57.300 [pool-3-thread-1] INFO  com.rs.mv.mvvs.client.catalog.from.config.DirsConfigReader - [client:400206]parse dir config information
2024-12-08 14:25:57.301 [pool-3-thread-1] INFO  com.rs.mv.mvvs.client.catalog.from.config.MappingConfigReader - [client:400207]parse mapping config information
2024-12-08 14:25:57.301 [pool-3-thread-1] INFO  com.rs.mv.mvvs.client.catalog.manager.U2CatalogManager - [client:400202]start a schedule task to get global/local catalog for Expr, its period 5s 
2024-12-08 14:25:57.302 [pool-3-thread-1] INFO  com.rs.mv.mvvs.client.catalog.manager.U2CatalogManager - [client:400203]cache file auto update thread launch in Scalar account
2024-12-08 14:25:57.302 [pool-3-thread-1] INFO  com.rs.mv.mvvs.client.catalog.from.config.DirsConfigReader - [client:400206]parse dir config information
2024-12-08 14:25:57.302 [pool-3-thread-1] INFO  com.rs.mv.mvvs.client.catalog.from.config.MappingConfigReader - [client:400207]parse mapping config information
2024-12-08 14:25:57.302 [pool-3-thread-1] INFO  com.rs.mv.mvvs.client.catalog.manager.U2CatalogManager - [client:400202]start a schedule task to get global/local catalog for Scalar, its period 5s 
2024-12-08 14:25:57.303 [pool-3-thread-1] INFO  com.rs.mv.mvvs.client.catalog.manager.U2CatalogManager - [client:400203]cache file auto update thread launch in Stmt account
2024-12-08 14:25:57.303 [pool-3-thread-1] INFO  com.rs.mv.mvvs.client.catalog.from.config.DirsConfigReader - [client:400206]parse dir config information
2024-12-08 14:25:57.334 [pool-3-thread-1] INFO  com.rs.mv.mvvs.client.catalog.from.config.MappingConfigReader - [client:400207]parse mapping config information
2024-12-08 14:25:57.335 [pool-3-thread-1] INFO  com.rs.mv.mvvs.client.catalog.manager.U2CatalogManager - [client:400202]start a schedule task to get global/local catalog for Stmt, its period 5s 
2024-12-08 14:25:57.339 [pool-3-thread-1] INFO  com.rs.mv.mvvs.client.catalog.manager.U2CatalogManager - [client:400203]cache file auto update thread launch in paragonie account
2024-12-08 14:25:57.341 [pool-3-thread-1] INFO  com.rs.mv.mvvs.client.catalog.from.config.DirsConfigReader - [client:400206]parse dir config information
2024-12-08 14:25:57.342 [pool-3-thread-1] INFO  com.rs.mv.mvvs.client.catalog.from.config.MappingConfigReader - [client:400207]parse mapping config information
2024-12-08 14:25:57.354 [pool-3-thread-1] INFO  com.rs.mv.mvvs.client.catalog.manager.U2CatalogManager - [client:400202]start a schedule task to get global/local catalog for paragonie, its period 5s 
2024-12-08 14:25:57.354 [pool-3-thread-1] INFO  com.rs.mv.mvvs.client.catalog.manager.U2CatalogManager - [client:400203]cache file auto update thread launch in random_compat account
2024-12-08 14:25:57.355 [pool-3-thread-1] INFO  com.rs.mv.mvvs.client.catalog.from.config.DirsConfigReader - [client:400206]parse dir config information
2024-12-08 14:25:57.355 [pool-3-thread-1] INFO  com.rs.mv.mvvs.client.catalog.from.config.MappingConfigReader - [client:400207]parse mapping config information
2024-12-08 14:25:57.356 [pool-3-thread-1] INFO  com.rs.mv.mvvs.client.catalog.manager.U2CatalogManager - [client:400202]start a schedule task to get global/local catalog for random_compat, its period 5s 
2024-12-08 14:25:57.356 [pool-3-thread-1] INFO  com.rs.mv.mvvs.client.catalog.manager.U2CatalogManager - [client:400203]cache file auto update thread launch in phar-io account
2024-12-08 14:25:57.356 [pool-3-thread-1] INFO  com.rs.mv.mvvs.client.catalog.from.config.DirsConfigReader - [client:400206]parse dir config information
2024-12-08 14:25:57.357 [pool-3-thread-1] INFO  com.rs.mv.mvvs.client.catalog.from.config.MappingConfigReader - [client:400207]parse mapping config information
2024-12-08 14:25:57.357 [pool-3-thread-1] INFO  com.rs.mv.mvvs.client.catalog.manager.U2CatalogManager - [client:400202]start a schedule task to get global/local catalog for phar-io, its period 5s 
2024-12-08 14:25:57.358 [pool-3-thread-1] INFO  com.rs.mv.mvvs.client.catalog.manager.U2CatalogManager - [client:400203]cache file auto update thread launch in manifest account
2024-12-08 14:25:57.358 [pool-3-thread-1] INFO  com.rs.mv.mvvs.client.catalog.from.config.DirsConfigReader - [client:400206]parse dir config information
2024-12-08 14:25:57.358 [pool-3-thread-1] INFO  com.rs.mv.mvvs.client.catalog.from.config.MappingConfigReader - [client:400207]parse mapping config information
2024-12-08 14:25:57.359 [pool-3-thread-1] INFO  com.rs.mv.mvvs.client.catalog.manager.U2CatalogManager - [client:400202]start a schedule task to get global/local catalog for manifest, its period 5s 
2024-12-08 14:25:57.359 [pool-3-thread-1] INFO  com.rs.mv.mvvs.client.catalog.manager.U2CatalogManager - [client:400203]cache file auto update thread launch in .github account
2024-12-08 14:25:57.360 [pool-3-thread-1] INFO  com.rs.mv.mvvs.client.catalog.from.config.DirsConfigReader - [client:400206]parse dir config information
2024-12-08 14:25:57.360 [pool-3-thread-1] INFO  com.rs.mv.mvvs.client.catalog.from.config.MappingConfigReader - [client:400207]parse mapping config information
2024-12-08 14:25:57.360 [pool-3-thread-1] INFO  com.rs.mv.mvvs.client.catalog.manager.U2CatalogManager - [client:400202]start a schedule task to get global/local catalog for .github, its period 5s 
2024-12-08 14:25:57.361 [pool-3-thread-1] INFO  com.rs.mv.mvvs.client.catalog.manager.U2CatalogManager - [client:400203]cache file auto update thread launch in src account
2024-12-08 14:25:57.361 [pool-3-thread-1] INFO  com.rs.mv.mvvs.client.catalog.from.config.DirsConfigReader - [client:400206]parse dir config information
2024-12-08 14:25:57.362 [pool-3-thread-1] INFO  com.rs.mv.mvvs.client.catalog.from.config.MappingConfigReader - [client:400207]parse mapping config information
2024-12-08 14:25:57.363 [pool-3-thread-1] INFO  com.rs.mv.mvvs.client.catalog.manager.U2CatalogManager - [client:400202]start a schedule task to get global/local catalog for src, its period 5s 
2024-12-08 14:25:57.367 [pool-3-thread-1] INFO  com.rs.mv.mvvs.client.catalog.manager.U2CatalogManager - [client:400203]cache file auto update thread launch in tools account
2024-12-08 14:25:57.367 [pool-3-thread-1] INFO  com.rs.mv.mvvs.client.catalog.from.config.DirsConfigReader - [client:400206]parse dir config information
2024-12-08 14:25:57.367 [pool-3-thread-1] INFO  com.rs.mv.mvvs.client.catalog.from.config.MappingConfigReader - [client:400207]parse mapping config information
2024-12-08 14:25:57.368 [pool-3-thread-1] INFO  com.rs.mv.mvvs.client.catalog.manager.U2CatalogManager - [client:400202]start a schedule task to get global/local catalog for tools, its period 5s 
2024-12-08 14:25:57.369 [pool-3-thread-1] INFO  com.rs.mv.mvvs.client.catalog.manager.U2CatalogManager - [client:400203]cache file auto update thread launch in version account
2024-12-08 14:25:57.369 [pool-3-thread-1] INFO  com.rs.mv.mvvs.client.catalog.from.config.DirsConfigReader - [client:400206]parse dir config information
2024-12-08 14:25:57.369 [pool-3-thread-1] INFO  com.rs.mv.mvvs.client.catalog.from.config.MappingConfigReader - [client:400207]parse mapping config information
2024-12-08 14:25:57.370 [pool-3-thread-1] INFO  com.rs.mv.mvvs.client.catalog.manager.U2CatalogManager - [client:400202]start a schedule task to get global/local catalog for version, its period 5s 
2024-12-08 14:25:57.370 [pool-3-thread-1] INFO  com.rs.mv.mvvs.client.catalog.manager.U2CatalogManager - [client:400203]cache file auto update thread launch in src account
2024-12-08 14:25:57.371 [pool-3-thread-1] INFO  com.rs.mv.mvvs.client.catalog.from.config.DirsConfigReader - [client:400206]parse dir config information
2024-12-08 14:25:57.371 [pool-3-thread-1] INFO  com.rs.mv.mvvs.client.catalog.from.config.MappingConfigReader - [client:400207]parse mapping config information
2024-12-08 14:25:57.371 [pool-3-thread-1] INFO  com.rs.mv.mvvs.client.catalog.manager.U2CatalogManager - [client:400202]start a schedule task to get global/local catalog for src, its period 5s 
2024-12-08 14:25:57.372 [pool-3-thread-1] INFO  com.rs.mv.mvvs.client.catalog.manager.U2CatalogManager - [client:400203]cache file auto update thread launch in phpunit account
2024-12-08 14:25:57.372 [pool-3-thread-1] INFO  com.rs.mv.mvvs.client.catalog.from.config.DirsConfigReader - [client:400206]parse dir config information
2024-12-08 14:25:57.372 [pool-3-thread-1] INFO  com.rs.mv.mvvs.client.catalog.from.config.MappingConfigReader - [client:400207]parse mapping config information
2024-12-08 14:25:57.373 [pool-3-thread-1] INFO  com.rs.mv.mvvs.client.catalog.manager.U2CatalogManager - [client:400202]start a schedule task to get global/local catalog for phpunit, its period 5s 
2024-12-08 14:25:57.373 [pool-3-thread-1] INFO  com.rs.mv.mvvs.client.catalog.manager.U2CatalogManager - [client:400203]cache file auto update thread launch in php-code-coverage account
2024-12-08 14:25:57.374 [pool-3-thread-1] INFO  com.rs.mv.mvvs.client.catalog.from.config.DirsConfigReader - [client:400206]parse dir config information
2024-12-08 14:25:57.374 [pool-3-thread-1] INFO  com.rs.mv.mvvs.client.catalog.from.config.MappingConfigReader - [client:400207]parse mapping config information
2024-12-08 14:25:57.374 [pool-3-thread-1] INFO  com.rs.mv.mvvs.client.catalog.manager.U2CatalogManager - [client:400202]start a schedule task to get global/local catalog for php-code-coverage, its period 5s 
2024-12-08 14:25:57.375 [pool-3-thread-1] INFO  com.rs.mv.mvvs.client.catalog.manager.U2CatalogManager - [client:400203]cache file auto update thread launch in src account
2024-12-08 14:25:57.375 [pool-3-thread-1] INFO  com.rs.mv.mvvs.client.catalog.from.config.DirsConfigReader - [client:400206]parse dir config information
2024-12-08 14:25:57.375 [pool-3-thread-1] INFO  com.rs.mv.mvvs.client.catalog.from.config.MappingConfigReader - [client:400207]parse mapping config information
2024-12-08 14:25:57.376 [pool-3-thread-1] INFO  com.rs.mv.mvvs.client.catalog.manager.U2CatalogManager - [client:400202]start a schedule task to get global/local catalog for src, its period 5s 
2024-12-08 14:25:57.376 [pool-3-thread-1] INFO  com.rs.mv.mvvs.client.catalog.manager.U2CatalogManager - [client:400203]cache file auto update thread launch in Report account
2024-12-08 14:25:57.377 [pool-3-thread-1] INFO  com.rs.mv.mvvs.client.catalog.from.config.DirsConfigReader - [client:400206]parse dir config information
2024-12-08 14:25:57.377 [pool-3-thread-1] INFO  com.rs.mv.mvvs.client.catalog.from.config.MappingConfigReader - [client:400207]parse mapping config information
2024-12-08 14:25:57.377 [pool-3-thread-1] INFO  com.rs.mv.mvvs.client.catalog.manager.U2CatalogManager - [client:400202]start a schedule task to get global/local catalog for Report, its period 5s 
2024-12-08 14:25:57.378 [pool-3-thread-1] INFO  com.rs.mv.mvvs.client.catalog.manager.U2CatalogManager - [client:400203]cache file auto update thread launch in Html account
2024-12-08 14:25:57.378 [pool-3-thread-1] INFO  com.rs.mv.mvvs.client.catalog.from.config.DirsConfigReader - [client:400206]parse dir config information
2024-12-08 14:25:57.378 [pool-3-thread-1] INFO  com.rs.mv.mvvs.client.catalog.from.config.MappingConfigReader - [client:400207]parse mapping config information
2024-12-08 14:25:57.380 [pool-3-thread-1] INFO  com.rs.mv.mvvs.client.catalog.manager.U2CatalogManager - [client:400202]start a schedule task to get global/local catalog for Html, its period 5s 
2024-12-08 14:25:57.381 [pool-3-thread-1] INFO  com.rs.mv.mvvs.client.catalog.manager.U2CatalogManager - [client:400203]cache file auto update thread launch in Renderer account
2024-12-08 14:25:57.381 [pool-3-thread-1] INFO  com.rs.mv.mvvs.client.catalog.from.config.DirsConfigReader - [client:400206]parse dir config information
2024-12-08 14:25:57.381 [pool-3-thread-1] INFO  com.rs.mv.mvvs.client.catalog.from.config.MappingConfigReader - [client:400207]parse mapping config information
2024-12-08 14:25:57.382 [pool-3-thread-1] INFO  com.rs.mv.mvvs.client.catalog.manager.U2CatalogManager - [client:400202]start a schedule task to get global/local catalog for Renderer, its period 5s 
2024-12-08 14:25:57.382 [pool-3-thread-1] INFO  com.rs.mv.mvvs.client.catalog.manager.U2CatalogManager - [client:400203]cache file auto update thread launch in Template account
2024-12-08 14:25:57.383 [pool-3-thread-1] INFO  com.rs.mv.mvvs.client.catalog.from.config.DirsConfigReader - [client:400206]parse dir config information
2024-12-08 14:25:57.383 [pool-3-thread-1] INFO  com.rs.mv.mvvs.client.catalog.from.config.MappingConfigReader - [client:400207]parse mapping config information
2024-12-08 14:25:57.384 [pool-3-thread-1] INFO  com.rs.mv.mvvs.client.catalog.manager.U2CatalogManager - [client:400202]start a schedule task to get global/local catalog for Template, its period 5s 
2024-12-08 14:25:57.384 [pool-3-thread-1] INFO  com.rs.mv.mvvs.client.catalog.manager.U2CatalogManager - [client:400203]cache file auto update thread launch in php-file-iterator account
2024-12-08 14:25:57.385 [pool-3-thread-1] INFO  com.rs.mv.mvvs.client.catalog.from.config.DirsConfigReader - [client:400206]parse dir config information
2024-12-08 14:25:57.385 [pool-3-thread-1] INFO  com.rs.mv.mvvs.client.catalog.from.config.MappingConfigReader - [client:400207]parse mapping config information
2024-12-08 14:25:57.385 [pool-3-thread-1] INFO  com.rs.mv.mvvs.client.catalog.manager.U2CatalogManager - [client:400202]start a schedule task to get global/local catalog for php-file-iterator, its period 5s 
2024-12-08 14:25:57.386 [pool-3-thread-1] INFO  com.rs.mv.mvvs.client.catalog.manager.U2CatalogManager - [client:400203]cache file auto update thread launch in php-invoker account
2024-12-08 14:25:57.386 [pool-3-thread-1] INFO  com.rs.mv.mvvs.client.catalog.from.config.DirsConfigReader - [client:400206]parse dir config information
2024-12-08 14:25:57.387 [pool-3-thread-1] INFO  com.rs.mv.mvvs.client.catalog.from.config.MappingConfigReader - [client:400207]parse mapping config information
2024-12-08 14:25:57.387 [pool-3-thread-1] INFO  com.rs.mv.mvvs.client.catalog.manager.U2CatalogManager - [client:400202]start a schedule task to get global/local catalog for php-invoker, its period 5s 
2024-12-08 14:25:57.421 [pool-3-thread-1] INFO  com.rs.mv.mvvs.client.catalog.manager.U2CatalogManager - [client:400203]cache file auto update thread launch in src account
2024-12-08 14:25:57.422 [pool-3-thread-1] INFO  com.rs.mv.mvvs.client.catalog.from.config.DirsConfigReader - [client:400206]parse dir config information
2024-12-08 14:25:57.422 [pool-3-thread-1] INFO  com.rs.mv.mvvs.client.catalog.from.config.MappingConfigReader - [client:400207]parse mapping config information
2024-12-08 14:25:57.423 [pool-3-thread-1] INFO  com.rs.mv.mvvs.client.catalog.manager.U2CatalogManager - [client:400202]start a schedule task to get global/local catalog for src, its period 5s 
2024-12-08 14:25:57.423 [pool-3-thread-1] INFO  com.rs.mv.mvvs.client.catalog.manager.U2CatalogManager - [client:400203]cache file auto update thread launch in php-text-template account
2024-12-08 14:25:57.424 [pool-3-thread-1] INFO  com.rs.mv.mvvs.client.catalog.from.config.DirsConfigReader - [client:400206]parse dir config information
2024-12-08 14:25:57.431 [pool-3-thread-1] INFO  com.rs.mv.mvvs.client.catalog.from.config.MappingConfigReader - [client:400207]parse mapping config information
2024-12-08 14:25:57.432 [pool-3-thread-1] INFO  com.rs.mv.mvvs.client.catalog.manager.U2CatalogManager - [client:400202]start a schedule task to get global/local catalog for php-text-template, its period 5s 
2024-12-08 14:25:57.433 [pool-3-thread-1] INFO  com.rs.mv.mvvs.client.catalog.manager.U2CatalogManager - [client:400203]cache file auto update thread launch in src account
2024-12-08 14:25:57.433 [pool-3-thread-1] INFO  com.rs.mv.mvvs.client.catalog.from.config.DirsConfigReader - [client:400206]parse dir config information
2024-12-08 14:25:57.433 [pool-3-thread-1] INFO  com.rs.mv.mvvs.client.catalog.from.config.MappingConfigReader - [client:400207]parse mapping config information
2024-12-08 14:25:57.434 [pool-3-thread-1] INFO  com.rs.mv.mvvs.client.catalog.manager.U2CatalogManager - [client:400202]start a schedule task to get global/local catalog for src, its period 5s 
2024-12-08 14:25:57.435 [pool-3-thread-1] INFO  com.rs.mv.mvvs.client.catalog.manager.U2CatalogManager - [client:400203]cache file auto update thread launch in php-timer account
2024-12-08 14:25:57.439 [pool-3-thread-1] INFO  com.rs.mv.mvvs.client.catalog.from.config.DirsConfigReader - [client:400206]parse dir config information
2024-12-08 14:25:57.440 [pool-3-thread-1] INFO  com.rs.mv.mvvs.client.catalog.from.config.MappingConfigReader - [client:400207]parse mapping config information
2024-12-08 14:25:57.441 [pool-3-thread-1] INFO  com.rs.mv.mvvs.client.catalog.manager.U2CatalogManager - [client:400202]start a schedule task to get global/local catalog for php-timer, its period 5s 
2024-12-08 14:25:57.442 [pool-3-thread-1] INFO  com.rs.mv.mvvs.client.catalog.manager.U2CatalogManager - [client:400203]cache file auto update thread launch in src account
2024-12-08 14:25:57.442 [pool-3-thread-1] INFO  com.rs.mv.mvvs.client.catalog.from.config.DirsConfigReader - [client:400206]parse dir config information
2024-12-08 14:25:57.443 [pool-3-thread-1] INFO  com.rs.mv.mvvs.client.catalog.from.config.MappingConfigReader - [client:400207]parse mapping config information
2024-12-08 14:25:57.444 [pool-3-thread-1] INFO  com.rs.mv.mvvs.client.catalog.manager.U2CatalogManager - [client:400202]start a schedule task to get global/local catalog for src, its period 5s 
2024-12-08 14:25:57.445 [pool-3-thread-1] INFO  com.rs.mv.mvvs.client.catalog.manager.U2CatalogManager - [client:400203]cache file auto update thread launch in phpunit account
2024-12-08 14:25:57.457 [pool-3-thread-1] INFO  com.rs.mv.mvvs.client.catalog.from.config.DirsConfigReader - [client:400206]parse dir config information
2024-12-08 14:25:57.458 [pool-3-thread-1] INFO  com.rs.mv.mvvs.client.catalog.from.config.MappingConfigReader - [client:400207]parse mapping config information
2024-12-08 14:25:57.459 [pool-3-thread-1] INFO  com.rs.mv.mvvs.client.catalog.manager.U2CatalogManager - [client:400202]start a schedule task to get global/local catalog for phpunit, its period 5s 
2024-12-08 14:25:57.461 [pool-3-thread-1] INFO  com.rs.mv.mvvs.client.catalog.manager.U2CatalogManager - [client:400203]cache file auto update thread launch in src account
2024-12-08 14:25:57.461 [pool-3-thread-1] INFO  com.rs.mv.mvvs.client.catalog.from.config.DirsConfigReader - [client:400206]parse dir config information
2024-12-08 14:25:57.461 [pool-3-thread-1] INFO  com.rs.mv.mvvs.client.catalog.from.config.MappingConfigReader - [client:400207]parse mapping config information
2024-12-08 14:25:57.468 [pool-3-thread-1] INFO  com.rs.mv.mvvs.client.catalog.manager.U2CatalogManager - [client:400202]start a schedule task to get global/local catalog for src, its period 5s 
2024-12-08 14:25:57.469 [pool-3-thread-1] INFO  com.rs.mv.mvvs.client.catalog.manager.U2CatalogManager - [client:400203]cache file auto update thread launch in Event account
2024-12-08 14:25:57.469 [pool-3-thread-1] INFO  com.rs.mv.mvvs.client.catalog.from.config.DirsConfigReader - [client:400206]parse dir config information
2024-12-08 14:25:57.469 [pool-3-thread-1] INFO  com.rs.mv.mvvs.client.catalog.from.config.MappingConfigReader - [client:400207]parse mapping config information
2024-12-08 14:25:57.470 [pool-3-thread-1] INFO  com.rs.mv.mvvs.client.catalog.manager.U2CatalogManager - [client:400202]start a schedule task to get global/local catalog for Event, its period 5s 
2024-12-08 14:25:57.471 [pool-3-thread-1] INFO  com.rs.mv.mvvs.client.catalog.manager.U2CatalogManager - [client:400203]cache file auto update thread launch in Events account
2024-12-08 14:25:57.471 [pool-3-thread-1] INFO  com.rs.mv.mvvs.client.catalog.from.config.DirsConfigReader - [client:400206]parse dir config information
2024-12-08 14:25:57.471 [pool-3-thread-1] INFO  com.rs.mv.mvvs.client.catalog.from.config.MappingConfigReader - [client:400207]parse mapping config information
2024-12-08 14:25:57.472 [pool-3-thread-1] INFO  com.rs.mv.mvvs.client.catalog.manager.U2CatalogManager - [client:400202]start a schedule task to get global/local catalog for Events, its period 5s 
2024-12-08 14:25:57.473 [pool-3-thread-1] INFO  com.rs.mv.mvvs.client.catalog.manager.U2CatalogManager - [client:400203]cache file auto update thread launch in Test account
2024-12-08 14:25:57.473 [pool-3-thread-1] INFO  com.rs.mv.mvvs.client.catalog.from.config.DirsConfigReader - [client:400206]parse dir config information
2024-12-08 14:25:57.473 [pool-3-thread-1] INFO  com.rs.mv.mvvs.client.catalog.from.config.MappingConfigReader - [client:400207]parse mapping config information
2024-12-08 14:25:57.474 [pool-3-thread-1] INFO  com.rs.mv.mvvs.client.catalog.manager.U2CatalogManager - [client:400202]start a schedule task to get global/local catalog for Test, its period 5s 
2024-12-08 14:25:57.481 [pool-3-thread-1] INFO  com.rs.mv.mvvs.client.catalog.manager.U2CatalogManager - [client:400203]cache file auto update thread launch in Value account
2024-12-08 14:25:57.481 [pool-3-thread-1] INFO  com.rs.mv.mvvs.client.catalog.from.config.DirsConfigReader - [client:400206]parse dir config information
2024-12-08 14:25:57.482 [pool-3-thread-1] INFO  com.rs.mv.mvvs.client.catalog.from.config.MappingConfigReader - [client:400207]parse mapping config information
2024-12-08 14:25:57.482 [pool-3-thread-1] INFO  com.rs.mv.mvvs.client.catalog.manager.U2CatalogManager - [client:400202]start a schedule task to get global/local catalog for Value, its period 5s 
2024-12-08 14:25:57.483 [pool-3-thread-1] INFO  com.rs.mv.mvvs.client.catalog.manager.U2CatalogManager - [client:400203]cache file auto update thread launch in Test account
2024-12-08 14:25:57.483 [pool-3-thread-1] INFO  com.rs.mv.mvvs.client.catalog.from.config.DirsConfigReader - [client:400206]parse dir config information
2024-12-08 14:25:57.484 [pool-3-thread-1] INFO  com.rs.mv.mvvs.client.catalog.from.config.MappingConfigReader - [client:400207]parse mapping config information
2024-12-08 14:25:57.484 [pool-3-thread-1] INFO  com.rs.mv.mvvs.client.catalog.manager.U2CatalogManager - [client:400202]start a schedule task to get global/local catalog for Test, its period 5s 
2024-12-08 14:25:57.485 [pool-3-thread-1] INFO  com.rs.mv.mvvs.client.catalog.manager.U2CatalogManager - [client:400203]cache file auto update thread launch in Framework account
2024-12-08 14:25:57.485 [pool-3-thread-1] INFO  com.rs.mv.mvvs.client.catalog.from.config.DirsConfigReader - [client:400206]parse dir config information
2024-12-08 14:25:57.485 [pool-3-thread-1] INFO  com.rs.mv.mvvs.client.catalog.from.config.MappingConfigReader - [client:400207]parse mapping config information
2024-12-08 14:25:57.486 [pool-3-thread-1] INFO  com.rs.mv.mvvs.client.catalog.manager.U2CatalogManager - [client:400202]start a schedule task to get global/local catalog for Framework, its period 5s 
2024-12-08 14:25:57.487 [pool-3-thread-1] INFO  com.rs.mv.mvvs.client.catalog.manager.U2CatalogManager - [client:400203]cache file auto update thread launch in Constraint account
2024-12-08 14:25:57.487 [pool-3-thread-1] INFO  com.rs.mv.mvvs.client.catalog.from.config.DirsConfigReader - [client:400206]parse dir config information
2024-12-08 14:25:57.487 [pool-3-thread-1] INFO  com.rs.mv.mvvs.client.catalog.from.config.MappingConfigReader - [client:400207]parse mapping config information
2024-12-08 14:25:57.488 [pool-3-thread-1] INFO  com.rs.mv.mvvs.client.catalog.manager.U2CatalogManager - [client:400202]start a schedule task to get global/local catalog for Constraint, its period 5s 
2024-12-08 14:25:57.488 [pool-3-thread-1] INFO  com.rs.mv.mvvs.client.catalog.manager.U2CatalogManager - [client:400203]cache file auto update thread launch in Exception account
2024-12-08 14:25:57.489 [pool-3-thread-1] INFO  com.rs.mv.mvvs.client.catalog.from.config.DirsConfigReader - [client:400206]parse dir config information
2024-12-08 14:25:57.489 [pool-3-thread-1] INFO  com.rs.mv.mvvs.client.catalog.from.config.MappingConfigReader - [client:400207]parse mapping config information
2024-12-08 14:25:57.489 [pool-3-thread-1] INFO  com.rs.mv.mvvs.client.catalog.manager.U2CatalogManager - [client:400202]start a schedule task to get global/local catalog for Exception, its period 5s 
2024-12-08 14:25:57.490 [pool-3-thread-1] INFO  com.rs.mv.mvvs.client.catalog.manager.U2CatalogManager - [client:400203]cache file auto update thread launch in MockObject account
2024-12-08 14:25:57.490 [pool-3-thread-1] INFO  com.rs.mv.mvvs.client.catalog.from.config.DirsConfigReader - [client:400206]parse dir config information
2024-12-08 14:25:57.491 [pool-3-thread-1] INFO  com.rs.mv.mvvs.client.catalog.from.config.MappingConfigReader - [client:400207]parse mapping config information
2024-12-08 14:25:57.491 [pool-3-thread-1] INFO  com.rs.mv.mvvs.client.catalog.manager.U2CatalogManager - [client:400202]start a schedule task to get global/local catalog for MockObject, its period 5s 
2024-12-08 14:25:57.761 [pool-3-thread-1] INFO  com.rs.mv.mvvs.client.catalog.manager.U2CatalogManager - [client:400203]cache file auto update thread launch in Generator account
2024-12-08 14:25:57.761 [pool-3-thread-1] INFO  com.rs.mv.mvvs.client.catalog.from.config.DirsConfigReader - [client:400206]parse dir config information
2024-12-08 14:25:57.762 [pool-3-thread-1] INFO  com.rs.mv.mvvs.client.catalog.from.config.MappingConfigReader - [client:400207]parse mapping config information
2024-12-08 14:25:57.764 [pool-3-thread-1] INFO  com.rs.mv.mvvs.client.catalog.manager.U2CatalogManager - [client:400202]start a schedule task to get global/local catalog for Generator, its period 5s 
2024-12-08 14:25:57.765 [pool-3-thread-1] INFO  com.rs.mv.mvvs.client.catalog.manager.U2CatalogManager - [client:400203]cache file auto update thread launch in Runtime account
2024-12-08 14:25:57.765 [pool-3-thread-1] INFO  com.rs.mv.mvvs.client.catalog.from.config.DirsConfigReader - [client:400206]parse dir config information
2024-12-08 14:25:57.766 [pool-3-thread-1] INFO  com.rs.mv.mvvs.client.catalog.from.config.MappingConfigReader - [client:400207]parse mapping config information
2024-12-08 14:25:57.766 [pool-3-thread-1] INFO  com.rs.mv.mvvs.client.catalog.manager.U2CatalogManager - [client:400202]start a schedule task to get global/local catalog for Runtime, its period 5s 
2024-12-08 14:25:57.767 [pool-3-thread-1] INFO  com.rs.mv.mvvs.client.catalog.manager.U2CatalogManager - [client:400203]cache file auto update thread launch in Logging account
2024-12-08 14:25:57.767 [pool-3-thread-1] INFO  com.rs.mv.mvvs.client.catalog.from.config.DirsConfigReader - [client:400206]parse dir config information
2024-12-08 14:25:57.768 [pool-3-thread-1] INFO  com.rs.mv.mvvs.client.catalog.from.config.MappingConfigReader - [client:400207]parse mapping config information
2024-12-08 14:25:57.768 [pool-3-thread-1] INFO  com.rs.mv.mvvs.client.catalog.manager.U2CatalogManager - [client:400202]start a schedule task to get global/local catalog for Logging, its period 5s 
2024-12-08 14:25:57.769 [pool-3-thread-1] INFO  com.rs.mv.mvvs.client.catalog.manager.U2CatalogManager - [client:400203]cache file auto update thread launch in JUnit account
2024-12-08 14:25:57.769 [pool-3-thread-1] INFO  com.rs.mv.mvvs.client.catalog.from.config.DirsConfigReader - [client:400206]parse dir config information
2024-12-08 14:25:57.772 [pool-3-thread-1] INFO  com.rs.mv.mvvs.client.catalog.from.config.MappingConfigReader - [client:400207]parse mapping config information
2024-12-08 14:25:57.772 [pool-3-thread-1] INFO  com.rs.mv.mvvs.client.catalog.manager.U2CatalogManager - [client:400202]start a schedule task to get global/local catalog for JUnit, its period 5s 
2024-12-08 14:25:57.773 [pool-3-thread-1] INFO  com.rs.mv.mvvs.client.catalog.manager.U2CatalogManager - [client:400203]cache file auto update thread launch in TeamCity account
2024-12-08 14:25:57.773 [pool-3-thread-1] INFO  com.rs.mv.mvvs.client.catalog.from.config.DirsConfigReader - [client:400206]parse dir config information
2024-12-08 14:25:57.774 [pool-3-thread-1] INFO  com.rs.mv.mvvs.client.catalog.from.config.MappingConfigReader - [client:400207]parse mapping config information
2024-12-08 14:25:57.774 [pool-3-thread-1] INFO  com.rs.mv.mvvs.client.catalog.manager.U2CatalogManager - [client:400202]start a schedule task to get global/local catalog for TeamCity, its period 5s 
2024-12-08 14:25:57.775 [pool-3-thread-1] INFO  com.rs.mv.mvvs.client.catalog.manager.U2CatalogManager - [client:400203]cache file auto update thread launch in TestDox account
2024-12-08 14:25:57.775 [pool-3-thread-1] INFO  com.rs.mv.mvvs.client.catalog.from.config.DirsConfigReader - [client:400206]parse dir config information
2024-12-08 14:25:57.776 [pool-3-thread-1] INFO  com.rs.mv.mvvs.client.catalog.from.config.MappingConfigReader - [client:400207]parse mapping config information
2024-12-08 14:25:57.776 [pool-3-thread-1] INFO  com.rs.mv.mvvs.client.catalog.manager.U2CatalogManager - [client:400202]start a schedule task to get global/local catalog for TestDox, its period 5s 
2024-12-08 14:25:57.777 [pool-3-thread-1] INFO  com.rs.mv.mvvs.client.catalog.manager.U2CatalogManager - [client:400203]cache file auto update thread launch in TestResult account
2024-12-08 14:25:57.777 [pool-3-thread-1] INFO  com.rs.mv.mvvs.client.catalog.from.config.DirsConfigReader - [client:400206]parse dir config information
2024-12-08 14:25:57.777 [pool-3-thread-1] INFO  com.rs.mv.mvvs.client.catalog.from.config.MappingConfigReader - [client:400207]parse mapping config information
2024-12-08 14:25:57.778 [pool-3-thread-1] INFO  com.rs.mv.mvvs.client.catalog.manager.U2CatalogManager - [client:400202]start a schedule task to get global/local catalog for TestResult, its period 5s 
2024-12-08 14:25:57.780 [pool-3-thread-1] INFO  com.rs.mv.mvvs.client.catalog.manager.U2CatalogManager - [client:400203]cache file auto update thread launch in Metadata account
2024-12-08 14:25:57.781 [pool-3-thread-1] INFO  com.rs.mv.mvvs.client.catalog.from.config.DirsConfigReader - [client:400206]parse dir config information
2024-12-08 14:25:57.781 [pool-3-thread-1] INFO  com.rs.mv.mvvs.client.catalog.from.config.MappingConfigReader - [client:400207]parse mapping config information
2024-12-08 14:25:57.782 [pool-3-thread-1] INFO  com.rs.mv.mvvs.client.catalog.manager.U2CatalogManager - [client:400202]start a schedule task to get global/local catalog for Metadata, its period 5s 
2024-12-08 14:25:57.783 [pool-3-thread-1] INFO  com.rs.mv.mvvs.client.catalog.manager.U2CatalogManager - [client:400203]cache file auto update thread launch in Parser account
2024-12-08 14:25:57.783 [pool-3-thread-1] INFO  com.rs.mv.mvvs.client.catalog.from.config.DirsConfigReader - [client:400206]parse dir config information
2024-12-08 14:25:57.783 [pool-3-thread-1] INFO  com.rs.mv.mvvs.client.catalog.from.config.MappingConfigReader - [client:400207]parse mapping config information
2024-12-08 14:25:57.784 [pool-3-thread-1] INFO  com.rs.mv.mvvs.client.catalog.manager.U2CatalogManager - [client:400202]start a schedule task to get global/local catalog for Parser, its period 5s 
2024-12-08 14:25:57.785 [pool-3-thread-1] INFO  com.rs.mv.mvvs.client.catalog.manager.U2CatalogManager - [client:400203]cache file auto update thread launch in Runner account
2024-12-08 14:25:57.785 [pool-3-thread-1] INFO  com.rs.mv.mvvs.client.catalog.from.config.DirsConfigReader - [client:400206]parse dir config information
2024-12-08 14:25:57.792 [pool-3-thread-1] INFO  com.rs.mv.mvvs.client.catalog.from.config.MappingConfigReader - [client:400207]parse mapping config information
2024-12-08 14:25:57.793 [pool-3-thread-1] INFO  com.rs.mv.mvvs.client.catalog.manager.U2CatalogManager - [client:400202]start a schedule task to get global/local catalog for Runner, its period 5s 
2024-12-08 14:25:57.793 [pool-3-thread-1] INFO  com.rs.mv.mvvs.client.catalog.manager.U2CatalogManager - [client:400203]cache file auto update thread launch in Baseline account
2024-12-08 14:25:57.794 [pool-3-thread-1] INFO  com.rs.mv.mvvs.client.catalog.from.config.DirsConfigReader - [client:400206]parse dir config information
2024-12-08 14:25:57.794 [pool-3-thread-1] INFO  com.rs.mv.mvvs.client.catalog.from.config.MappingConfigReader - [client:400207]parse mapping config information
2024-12-08 14:25:57.795 [pool-3-thread-1] INFO  com.rs.mv.mvvs.client.catalog.manager.U2CatalogManager - [client:400202]start a schedule task to get global/local catalog for Baseline, its period 5s 
2024-12-08 14:25:57.796 [pool-3-thread-1] INFO  com.rs.mv.mvvs.client.catalog.manager.U2CatalogManager - [client:400203]cache file auto update thread launch in GarbageCollection account
2024-12-08 14:25:57.796 [pool-3-thread-1] INFO  com.rs.mv.mvvs.client.catalog.from.config.DirsConfigReader - [client:400206]parse dir config information
2024-12-08 14:25:57.797 [pool-3-thread-1] INFO  com.rs.mv.mvvs.client.catalog.from.config.MappingConfigReader - [client:400207]parse mapping config information
2024-12-08 14:25:57.797 [pool-3-thread-1] INFO  com.rs.mv.mvvs.client.catalog.manager.U2CatalogManager - [client:400202]start a schedule task to get global/local catalog for GarbageCollection, its period 5s 
2024-12-08 14:25:57.798 [pool-3-thread-1] INFO  com.rs.mv.mvvs.client.catalog.manager.U2CatalogManager - [client:400203]cache file auto update thread launch in ResultCache account
2024-12-08 14:25:57.798 [pool-3-thread-1] INFO  com.rs.mv.mvvs.client.catalog.from.config.DirsConfigReader - [client:400206]parse dir config information
2024-12-08 14:25:57.799 [pool-3-thread-1] INFO  com.rs.mv.mvvs.client.catalog.from.config.MappingConfigReader - [client:400207]parse mapping config information
2024-12-08 14:25:57.799 [pool-3-thread-1] INFO  com.rs.mv.mvvs.client.catalog.manager.U2CatalogManager - [client:400202]start a schedule task to get global/local catalog for ResultCache, its period 5s 
2024-12-08 14:25:57.800 [pool-3-thread-1] INFO  com.rs.mv.mvvs.client.catalog.manager.U2CatalogManager - [client:400203]cache file auto update thread launch in TestResult account
2024-12-08 14:25:57.800 [pool-3-thread-1] INFO  com.rs.mv.mvvs.client.catalog.from.config.DirsConfigReader - [client:400206]parse dir config information
2024-12-08 14:25:57.801 [pool-3-thread-1] INFO  com.rs.mv.mvvs.client.catalog.from.config.MappingConfigReader - [client:400207]parse mapping config information
2024-12-08 14:25:57.801 [pool-3-thread-1] INFO  com.rs.mv.mvvs.client.catalog.manager.U2CatalogManager - [client:400202]start a schedule task to get global/local catalog for TestResult, its period 5s 
2024-12-08 14:25:57.802 [pool-3-thread-1] INFO  com.rs.mv.mvvs.client.catalog.manager.U2CatalogManager - [client:400203]cache file auto update thread launch in TextUI account
2024-12-08 14:25:57.802 [pool-3-thread-1] INFO  com.rs.mv.mvvs.client.catalog.from.config.DirsConfigReader - [client:400206]parse dir config information
2024-12-08 14:25:57.802 [pool-3-thread-1] INFO  com.rs.mv.mvvs.client.catalog.from.config.MappingConfigReader - [client:400207]parse mapping config information
2024-12-08 14:25:57.803 [pool-3-thread-1] INFO  com.rs.mv.mvvs.client.catalog.manager.U2CatalogManager - [client:400202]start a schedule task to get global/local catalog for TextUI, its period 5s 
2024-12-08 14:25:57.804 [pool-3-thread-1] INFO  com.rs.mv.mvvs.client.catalog.manager.U2CatalogManager - [client:400203]cache file auto update thread launch in Command account
2024-12-08 14:25:57.804 [pool-3-thread-1] INFO  com.rs.mv.mvvs.client.catalog.from.config.DirsConfigReader - [client:400206]parse dir config information
2024-12-08 14:25:57.804 [pool-3-thread-1] INFO  com.rs.mv.mvvs.client.catalog.from.config.MappingConfigReader - [client:400207]parse mapping config information
2024-12-08 14:25:57.870 [pool-3-thread-1] INFO  com.rs.mv.mvvs.client.catalog.manager.U2CatalogManager - [client:400202]start a schedule task to get global/local catalog for Command, its period 5s 
2024-12-08 14:25:57.871 [pool-3-thread-1] INFO  com.rs.mv.mvvs.client.catalog.manager.U2CatalogManager - [client:400203]cache file auto update thread launch in Configuration account
2024-12-08 14:25:57.871 [pool-3-thread-1] INFO  com.rs.mv.mvvs.client.catalog.from.config.DirsConfigReader - [client:400206]parse dir config information
2024-12-08 14:25:57.871 [pool-3-thread-1] INFO  com.rs.mv.mvvs.client.catalog.from.config.MappingConfigReader - [client:400207]parse mapping config information
2024-12-08 14:25:57.872 [pool-3-thread-1] INFO  com.rs.mv.mvvs.client.catalog.manager.U2CatalogManager - [client:400202]start a schedule task to get global/local catalog for Configuration, its period 5s 
2024-12-08 14:25:57.873 [pool-3-thread-1] INFO  com.rs.mv.mvvs.client.catalog.manager.U2CatalogManager - [client:400203]cache file auto update thread launch in Xml account
2024-12-08 14:25:57.873 [pool-3-thread-1] INFO  com.rs.mv.mvvs.client.catalog.from.config.DirsConfigReader - [client:400206]parse dir config information
2024-12-08 14:25:57.874 [pool-3-thread-1] INFO  com.rs.mv.mvvs.client.catalog.from.config.MappingConfigReader - [client:400207]parse mapping config information
2024-12-08 14:25:57.875 [pool-3-thread-1] INFO  com.rs.mv.mvvs.client.catalog.manager.U2CatalogManager - [client:400202]start a schedule task to get global/local catalog for Xml, its period 5s 
2024-12-08 14:25:57.875 [pool-3-thread-1] INFO  com.rs.mv.mvvs.client.catalog.manager.U2CatalogManager - [client:400203]cache file auto update thread launch in CodeCoverage account
2024-12-08 14:25:57.875 [pool-3-thread-1] INFO  com.rs.mv.mvvs.client.catalog.from.config.DirsConfigReader - [client:400206]parse dir config information
2024-12-08 14:25:57.876 [pool-3-thread-1] INFO  com.rs.mv.mvvs.client.catalog.from.config.MappingConfigReader - [client:400207]parse mapping config information
2024-12-08 14:25:57.876 [pool-3-thread-1] INFO  com.rs.mv.mvvs.client.catalog.manager.U2CatalogManager - [client:400202]start a schedule task to get global/local catalog for CodeCoverage, its period 5s 
2024-12-08 14:25:57.877 [pool-3-thread-1] INFO  com.rs.mv.mvvs.client.catalog.manager.U2CatalogManager - [client:400203]cache file auto update thread launch in Logging account
2024-12-08 14:25:57.877 [pool-3-thread-1] INFO  com.rs.mv.mvvs.client.catalog.from.config.DirsConfigReader - [client:400206]parse dir config information
2024-12-08 14:25:57.877 [pool-3-thread-1] INFO  com.rs.mv.mvvs.client.catalog.from.config.MappingConfigReader - [client:400207]parse mapping config information
2024-12-08 14:25:57.878 [pool-3-thread-1] INFO  com.rs.mv.mvvs.client.catalog.manager.U2CatalogManager - [client:400202]start a schedule task to get global/local catalog for Logging, its period 5s 
2024-12-08 14:25:57.878 [pool-3-thread-1] INFO  com.rs.mv.mvvs.client.catalog.manager.U2CatalogManager - [client:400203]cache file auto update thread launch in Migration account
2024-12-08 14:25:57.878 [pool-3-thread-1] INFO  com.rs.mv.mvvs.client.catalog.from.config.DirsConfigReader - [client:400206]parse dir config information
2024-12-08 14:25:57.879 [pool-3-thread-1] INFO  com.rs.mv.mvvs.client.catalog.from.config.MappingConfigReader - [client:400207]parse mapping config information
2024-12-08 14:25:57.880 [pool-3-thread-1] INFO  com.rs.mv.mvvs.client.catalog.manager.U2CatalogManager - [client:400202]start a schedule task to get global/local catalog for Migration, its period 5s 
2024-12-08 14:25:57.881 [pool-3-thread-1] INFO  com.rs.mv.mvvs.client.catalog.manager.U2CatalogManager - [client:400203]cache file auto update thread launch in Output account
2024-12-08 14:25:57.881 [pool-3-thread-1] INFO  com.rs.mv.mvvs.client.catalog.from.config.DirsConfigReader - [client:400206]parse dir config information
2024-12-08 14:25:57.881 [pool-3-thread-1] INFO  com.rs.mv.mvvs.client.catalog.from.config.MappingConfigReader - [client:400207]parse mapping config information
2024-12-08 14:25:57.882 [pool-3-thread-1] INFO  com.rs.mv.mvvs.client.catalog.manager.U2CatalogManager - [client:400202]start a schedule task to get global/local catalog for Output, its period 5s 
2024-12-08 14:25:57.882 [pool-3-thread-1] INFO  com.rs.mv.mvvs.client.catalog.manager.U2CatalogManager - [client:400203]cache file auto update thread launch in Default account
2024-12-08 14:25:57.883 [pool-3-thread-1] INFO  com.rs.mv.mvvs.client.catalog.from.config.DirsConfigReader - [client:400206]parse dir config information
2024-12-08 14:25:57.883 [pool-3-thread-1] INFO  com.rs.mv.mvvs.client.catalog.from.config.MappingConfigReader - [client:400207]parse mapping config information
2024-12-08 14:25:57.883 [pool-3-thread-1] INFO  com.rs.mv.mvvs.client.catalog.manager.U2CatalogManager - [client:400202]start a schedule task to get global/local catalog for Default, its period 5s 
2024-12-08 14:25:57.884 [pool-3-thread-1] INFO  com.rs.mv.mvvs.client.catalog.manager.U2CatalogManager - [client:400203]cache file auto update thread launch in ProgressPrinter account
2024-12-08 14:25:57.884 [pool-3-thread-1] INFO  com.rs.mv.mvvs.client.catalog.from.config.DirsConfigReader - [client:400206]parse dir config information
2024-12-08 14:25:57.885 [pool-3-thread-1] INFO  com.rs.mv.mvvs.client.catalog.from.config.MappingConfigReader - [client:400207]parse mapping config information
2024-12-08 14:25:57.885 [pool-3-thread-1] INFO  com.rs.mv.mvvs.client.catalog.manager.U2CatalogManager - [client:400202]start a schedule task to get global/local catalog for ProgressPrinter, its period 5s 
2024-12-08 14:25:57.886 [pool-3-thread-1] INFO  com.rs.mv.mvvs.client.catalog.manager.U2CatalogManager - [client:400203]cache file auto update thread launch in Util account
2024-12-08 14:25:57.886 [pool-3-thread-1] INFO  com.rs.mv.mvvs.client.catalog.from.config.DirsConfigReader - [client:400206]parse dir config information
2024-12-08 14:25:57.887 [pool-3-thread-1] INFO  com.rs.mv.mvvs.client.catalog.from.config.MappingConfigReader - [client:400207]parse mapping config information
2024-12-08 14:25:57.887 [pool-3-thread-1] INFO  com.rs.mv.mvvs.client.catalog.manager.U2CatalogManager - [client:400202]start a schedule task to get global/local catalog for Util, its period 5s 
2024-12-08 14:25:57.888 [pool-3-thread-1] INFO  com.rs.mv.mvvs.client.catalog.manager.U2CatalogManager - [client:400203]cache file auto update thread launch in PHP account
2024-12-08 14:25:57.888 [pool-3-thread-1] INFO  com.rs.mv.mvvs.client.catalog.from.config.DirsConfigReader - [client:400206]parse dir config information
2024-12-08 14:25:57.889 [pool-3-thread-1] INFO  com.rs.mv.mvvs.client.catalog.from.config.MappingConfigReader - [client:400207]parse mapping config information
2024-12-08 14:25:57.889 [pool-3-thread-1] INFO  com.rs.mv.mvvs.client.catalog.manager.U2CatalogManager - [client:400202]start a schedule task to get global/local catalog for PHP, its period 5s 
2024-12-08 14:25:57.890 [pool-3-thread-1] INFO  com.rs.mv.mvvs.client.catalog.manager.U2CatalogManager - [client:400203]cache file auto update thread launch in psr account
2024-12-08 14:25:57.890 [pool-3-thread-1] INFO  com.rs.mv.mvvs.client.catalog.from.config.DirsConfigReader - [client:400206]parse dir config information
2024-12-08 14:25:57.890 [pool-3-thread-1] INFO  com.rs.mv.mvvs.client.catalog.from.config.MappingConfigReader - [client:400207]parse mapping config information
2024-12-08 14:25:57.891 [pool-3-thread-1] INFO  com.rs.mv.mvvs.client.catalog.manager.U2CatalogManager - [client:400202]start a schedule task to get global/local catalog for psr, its period 5s 
2024-12-08 14:25:57.892 [pool-3-thread-1] INFO  com.rs.mv.mvvs.client.catalog.manager.U2CatalogManager - [client:400203]cache file auto update thread launch in container account
2024-12-08 14:25:57.892 [pool-3-thread-1] INFO  com.rs.mv.mvvs.client.catalog.from.config.DirsConfigReader - [client:400206]parse dir config information
2024-12-08 14:25:57.892 [pool-3-thread-1] INFO  com.rs.mv.mvvs.client.catalog.from.config.MappingConfigReader - [client:400207]parse mapping config information
2024-12-08 14:25:57.893 [pool-3-thread-1] INFO  com.rs.mv.mvvs.client.catalog.manager.U2CatalogManager - [client:400202]start a schedule task to get global/local catalog for container, its period 5s 
2024-12-08 14:25:57.894 [pool-3-thread-1] INFO  com.rs.mv.mvvs.client.catalog.manager.U2CatalogManager - [client:400203]cache file auto update thread launch in http-message account
2024-12-08 14:25:57.894 [pool-3-thread-1] INFO  com.rs.mv.mvvs.client.catalog.from.config.DirsConfigReader - [client:400206]parse dir config information
2024-12-08 14:25:57.894 [pool-3-thread-1] INFO  com.rs.mv.mvvs.client.catalog.from.config.MappingConfigReader - [client:400207]parse mapping config information
2024-12-08 14:25:57.895 [pool-3-thread-1] INFO  com.rs.mv.mvvs.client.catalog.manager.U2CatalogManager - [client:400202]start a schedule task to get global/local catalog for http-message, its period 5s 
2024-12-08 14:25:57.897 [pool-3-thread-1] INFO  com.rs.mv.mvvs.client.catalog.manager.U2CatalogManager - [client:400203]cache file auto update thread launch in log account
2024-12-08 14:25:57.898 [pool-3-thread-1] INFO  com.rs.mv.mvvs.client.catalog.from.config.DirsConfigReader - [client:400206]parse dir config information
2024-12-08 14:25:57.898 [pool-3-thread-1] INFO  com.rs.mv.mvvs.client.catalog.from.config.MappingConfigReader - [client:400207]parse mapping config information
2024-12-08 14:25:57.899 [pool-3-thread-1] INFO  com.rs.mv.mvvs.client.catalog.manager.U2CatalogManager - [client:400202]start a schedule task to get global/local catalog for log, its period 5s 
2024-12-08 14:25:57.899 [pool-3-thread-1] INFO  com.rs.mv.mvvs.client.catalog.manager.U2CatalogManager - [client:400203]cache file auto update thread launch in sabberworm account
2024-12-08 14:25:57.900 [pool-3-thread-1] INFO  com.rs.mv.mvvs.client.catalog.from.config.DirsConfigReader - [client:400206]parse dir config information
2024-12-08 14:25:57.900 [pool-3-thread-1] INFO  com.rs.mv.mvvs.client.catalog.from.config.MappingConfigReader - [client:400207]parse mapping config information
2024-12-08 14:25:57.901 [pool-3-thread-1] INFO  com.rs.mv.mvvs.client.catalog.manager.U2CatalogManager - [client:400202]start a schedule task to get global/local catalog for sabberworm, its period 5s 
2024-12-08 14:25:57.901 [pool-3-thread-1] INFO  com.rs.mv.mvvs.client.catalog.manager.U2CatalogManager - [client:400203]cache file auto update thread launch in php-css-parser account
2024-12-08 14:25:57.902 [pool-3-thread-1] INFO  com.rs.mv.mvvs.client.catalog.from.config.DirsConfigReader - [client:400206]parse dir config information
2024-12-08 14:25:57.902 [pool-3-thread-1] INFO  com.rs.mv.mvvs.client.catalog.from.config.MappingConfigReader - [client:400207]parse mapping config information
2024-12-08 14:25:57.902 [pool-3-thread-1] INFO  com.rs.mv.mvvs.client.catalog.manager.U2CatalogManager - [client:400202]start a schedule task to get global/local catalog for php-css-parser, its period 5s 
2024-12-08 14:25:57.903 [pool-3-thread-1] INFO  com.rs.mv.mvvs.client.catalog.manager.U2CatalogManager - [client:400203]cache file auto update thread launch in src account
2024-12-08 14:25:57.903 [pool-3-thread-1] INFO  com.rs.mv.mvvs.client.catalog.from.config.DirsConfigReader - [client:400206]parse dir config information
2024-12-08 14:25:57.903 [pool-3-thread-1] INFO  com.rs.mv.mvvs.client.catalog.from.config.MappingConfigReader - [client:400207]parse mapping config information
2024-12-08 14:25:57.904 [pool-3-thread-1] INFO  com.rs.mv.mvvs.client.catalog.manager.U2CatalogManager - [client:400202]start a schedule task to get global/local catalog for src, its period 5s 
2024-12-08 14:25:57.905 [pool-3-thread-1] INFO  com.rs.mv.mvvs.client.catalog.manager.U2CatalogManager - [client:400203]cache file auto update thread launch in sebastian account
2024-12-08 14:25:57.905 [pool-3-thread-1] INFO  com.rs.mv.mvvs.client.catalog.from.config.DirsConfigReader - [client:400206]parse dir config information
2024-12-08 14:25:57.905 [pool-3-thread-1] INFO  com.rs.mv.mvvs.client.catalog.from.config.MappingConfigReader - [client:400207]parse mapping config information
2024-12-08 14:25:57.958 [pool-3-thread-1] INFO  com.rs.mv.mvvs.client.catalog.manager.U2CatalogManager - [client:400202]start a schedule task to get global/local catalog for sebastian, its period 5s 
2024-12-08 14:25:57.965 [pool-3-thread-1] INFO  com.rs.mv.mvvs.client.catalog.manager.U2CatalogManager - [client:400203]cache file auto update thread launch in cli-parser account
2024-12-08 14:25:57.966 [pool-3-thread-1] INFO  com.rs.mv.mvvs.client.catalog.from.config.DirsConfigReader - [client:400206]parse dir config information
2024-12-08 14:25:57.966 [pool-3-thread-1] INFO  com.rs.mv.mvvs.client.catalog.from.config.MappingConfigReader - [client:400207]parse mapping config information
2024-12-08 14:25:57.967 [pool-3-thread-1] INFO  com.rs.mv.mvvs.client.catalog.manager.U2CatalogManager - [client:400202]start a schedule task to get global/local catalog for cli-parser, its period 5s 
2024-12-08 14:25:57.968 [pool-3-thread-1] INFO  com.rs.mv.mvvs.client.catalog.manager.U2CatalogManager - [client:400203]cache file auto update thread launch in src account
2024-12-08 14:25:57.968 [pool-3-thread-1] INFO  com.rs.mv.mvvs.client.catalog.from.config.DirsConfigReader - [client:400206]parse dir config information
2024-12-08 14:25:57.968 [pool-3-thread-1] INFO  com.rs.mv.mvvs.client.catalog.from.config.MappingConfigReader - [client:400207]parse mapping config information
2024-12-08 14:25:57.969 [pool-3-thread-1] INFO  com.rs.mv.mvvs.client.catalog.manager.U2CatalogManager - [client:400202]start a schedule task to get global/local catalog for src, its period 5s 
2024-12-08 14:25:57.969 [pool-3-thread-1] INFO  com.rs.mv.mvvs.client.catalog.manager.U2CatalogManager - [client:400203]cache file auto update thread launch in code-unit account
2024-12-08 14:25:57.970 [pool-3-thread-1] INFO  com.rs.mv.mvvs.client.catalog.from.config.DirsConfigReader - [client:400206]parse dir config information
2024-12-08 14:25:57.970 [pool-3-thread-1] INFO  com.rs.mv.mvvs.client.catalog.from.config.MappingConfigReader - [client:400207]parse mapping config information
2024-12-08 14:25:57.970 [pool-3-thread-1] INFO  com.rs.mv.mvvs.client.catalog.manager.U2CatalogManager - [client:400202]start a schedule task to get global/local catalog for code-unit, its period 5s 
2024-12-08 14:25:57.971 [pool-3-thread-1] INFO  com.rs.mv.mvvs.client.catalog.manager.U2CatalogManager - [client:400203]cache file auto update thread launch in src account
2024-12-08 14:25:57.971 [pool-3-thread-1] INFO  com.rs.mv.mvvs.client.catalog.from.config.DirsConfigReader - [client:400206]parse dir config information
2024-12-08 14:25:57.972 [pool-3-thread-1] INFO  com.rs.mv.mvvs.client.catalog.from.config.MappingConfigReader - [client:400207]parse mapping config information
2024-12-08 14:25:57.972 [pool-3-thread-1] INFO  com.rs.mv.mvvs.client.catalog.manager.U2CatalogManager - [client:400202]start a schedule task to get global/local catalog for src, its period 5s 
2024-12-08 14:25:57.973 [pool-3-thread-1] INFO  com.rs.mv.mvvs.client.catalog.manager.U2CatalogManager - [client:400203]cache file auto update thread launch in code-unit-reverse-lookup account
2024-12-08 14:25:57.973 [pool-3-thread-1] INFO  com.rs.mv.mvvs.client.catalog.from.config.DirsConfigReader - [client:400206]parse dir config information
2024-12-08 14:25:57.973 [pool-3-thread-1] INFO  com.rs.mv.mvvs.client.catalog.from.config.MappingConfigReader - [client:400207]parse mapping config information
2024-12-08 14:25:57.974 [pool-3-thread-1] INFO  com.rs.mv.mvvs.client.catalog.manager.U2CatalogManager - [client:400202]start a schedule task to get global/local catalog for code-unit-reverse-lookup, its period 5s 
2024-12-08 14:25:57.975 [pool-3-thread-1] INFO  com.rs.mv.mvvs.client.catalog.manager.U2CatalogManager - [client:400203]cache file auto update thread launch in comparator account
2024-12-08 14:25:57.975 [pool-3-thread-1] INFO  com.rs.mv.mvvs.client.catalog.from.config.DirsConfigReader - [client:400206]parse dir config information
2024-12-08 14:25:57.975 [pool-3-thread-1] INFO  com.rs.mv.mvvs.client.catalog.from.config.MappingConfigReader - [client:400207]parse mapping config information
2024-12-08 14:25:57.976 [pool-3-thread-1] INFO  com.rs.mv.mvvs.client.catalog.manager.U2CatalogManager - [client:400202]start a schedule task to get global/local catalog for comparator, its period 5s 
2024-12-08 14:25:57.976 [pool-3-thread-1] INFO  com.rs.mv.mvvs.client.catalog.manager.U2CatalogManager - [client:400203]cache file auto update thread launch in src account
2024-12-08 14:25:57.976 [pool-3-thread-1] INFO  com.rs.mv.mvvs.client.catalog.from.config.DirsConfigReader - [client:400206]parse dir config information
2024-12-08 14:25:57.977 [pool-3-thread-1] INFO  com.rs.mv.mvvs.client.catalog.from.config.MappingConfigReader - [client:400207]parse mapping config information
2024-12-08 14:25:57.977 [pool-3-thread-1] INFO  com.rs.mv.mvvs.client.catalog.manager.U2CatalogManager - [client:400202]start a schedule task to get global/local catalog for src, its period 5s 
2024-12-08 14:25:57.978 [pool-3-thread-1] INFO  com.rs.mv.mvvs.client.catalog.manager.U2CatalogManager - [client:400203]cache file auto update thread launch in complexity account
2024-12-08 14:25:57.978 [pool-3-thread-1] INFO  com.rs.mv.mvvs.client.catalog.from.config.DirsConfigReader - [client:400206]parse dir config information
2024-12-08 14:25:57.978 [pool-3-thread-1] INFO  com.rs.mv.mvvs.client.catalog.from.config.MappingConfigReader - [client:400207]parse mapping config information
2024-12-08 14:25:57.980 [pool-3-thread-1] INFO  com.rs.mv.mvvs.client.catalog.manager.U2CatalogManager - [client:400202]start a schedule task to get global/local catalog for complexity, its period 5s 
2024-12-08 14:25:57.981 [pool-3-thread-1] INFO  com.rs.mv.mvvs.client.catalog.manager.U2CatalogManager - [client:400203]cache file auto update thread launch in src account
2024-12-08 14:25:57.982 [pool-3-thread-1] INFO  com.rs.mv.mvvs.client.catalog.from.config.DirsConfigReader - [client:400206]parse dir config information
2024-12-08 14:25:57.982 [pool-3-thread-1] INFO  com.rs.mv.mvvs.client.catalog.from.config.MappingConfigReader - [client:400207]parse mapping config information
2024-12-08 14:25:57.982 [pool-3-thread-1] INFO  com.rs.mv.mvvs.client.catalog.manager.U2CatalogManager - [client:400202]start a schedule task to get global/local catalog for src, its period 5s 
2024-12-08 14:25:57.984 [pool-3-thread-1] INFO  com.rs.mv.mvvs.client.catalog.manager.U2CatalogManager - [client:400203]cache file auto update thread launch in diff account
2024-12-08 14:25:57.984 [pool-3-thread-1] INFO  com.rs.mv.mvvs.client.catalog.from.config.DirsConfigReader - [client:400206]parse dir config information
2024-12-08 14:25:57.984 [pool-3-thread-1] INFO  com.rs.mv.mvvs.client.catalog.from.config.MappingConfigReader - [client:400207]parse mapping config information
2024-12-08 14:25:57.985 [pool-3-thread-1] INFO  com.rs.mv.mvvs.client.catalog.manager.U2CatalogManager - [client:400202]start a schedule task to get global/local catalog for diff, its period 5s 
2024-12-08 14:25:57.986 [pool-3-thread-1] INFO  com.rs.mv.mvvs.client.catalog.manager.U2CatalogManager - [client:400203]cache file auto update thread launch in src account
2024-12-08 14:25:57.986 [pool-3-thread-1] INFO  com.rs.mv.mvvs.client.catalog.from.config.DirsConfigReader - [client:400206]parse dir config information
2024-12-08 14:25:57.986 [pool-3-thread-1] INFO  com.rs.mv.mvvs.client.catalog.from.config.MappingConfigReader - [client:400207]parse mapping config information
2024-12-08 14:25:57.987 [pool-3-thread-1] INFO  com.rs.mv.mvvs.client.catalog.manager.U2CatalogManager - [client:400202]start a schedule task to get global/local catalog for src, its period 5s 
2024-12-08 14:25:57.987 [pool-3-thread-1] INFO  com.rs.mv.mvvs.client.catalog.manager.U2CatalogManager - [client:400203]cache file auto update thread launch in environment account
2024-12-08 14:25:57.988 [pool-3-thread-1] INFO  com.rs.mv.mvvs.client.catalog.from.config.DirsConfigReader - [client:400206]parse dir config information
2024-12-08 14:25:57.988 [pool-3-thread-1] INFO  com.rs.mv.mvvs.client.catalog.from.config.MappingConfigReader - [client:400207]parse mapping config information
2024-12-08 14:25:57.989 [pool-3-thread-1] INFO  com.rs.mv.mvvs.client.catalog.manager.U2CatalogManager - [client:400202]start a schedule task to get global/local catalog for environment, its period 5s 
2024-12-08 14:25:57.989 [pool-3-thread-1] INFO  com.rs.mv.mvvs.client.catalog.manager.U2CatalogManager - [client:400203]cache file auto update thread launch in exporter account
2024-12-08 14:25:57.989 [pool-3-thread-1] INFO  com.rs.mv.mvvs.client.catalog.from.config.DirsConfigReader - [client:400206]parse dir config information
2024-12-08 14:25:57.990 [pool-3-thread-1] INFO  com.rs.mv.mvvs.client.catalog.from.config.MappingConfigReader - [client:400207]parse mapping config information
2024-12-08 14:25:57.992 [pool-3-thread-1] INFO  com.rs.mv.mvvs.client.catalog.manager.U2CatalogManager - [client:400202]start a schedule task to get global/local catalog for exporter, its period 5s 
2024-12-08 14:25:57.993 [pool-3-thread-1] INFO  com.rs.mv.mvvs.client.catalog.manager.U2CatalogManager - [client:400203]cache file auto update thread launch in global-state account
2024-12-08 14:25:57.993 [pool-3-thread-1] INFO  com.rs.mv.mvvs.client.catalog.from.config.DirsConfigReader - [client:400206]parse dir config information
2024-12-08 14:25:57.994 [pool-3-thread-1] INFO  com.rs.mv.mvvs.client.catalog.from.config.MappingConfigReader - [client:400207]parse mapping config information
2024-12-08 14:25:57.994 [pool-3-thread-1] INFO  com.rs.mv.mvvs.client.catalog.manager.U2CatalogManager - [client:400202]start a schedule task to get global/local catalog for global-state, its period 5s 
2024-12-08 14:25:57.995 [pool-3-thread-1] INFO  com.rs.mv.mvvs.client.catalog.manager.U2CatalogManager - [client:400203]cache file auto update thread launch in src account
2024-12-08 14:25:57.995 [pool-3-thread-1] INFO  com.rs.mv.mvvs.client.catalog.from.config.DirsConfigReader - [client:400206]parse dir config information
2024-12-08 14:25:57.997 [pool-3-thread-1] INFO  com.rs.mv.mvvs.client.catalog.from.config.MappingConfigReader - [client:400207]parse mapping config information
2024-12-08 14:25:57.997 [pool-3-thread-1] INFO  com.rs.mv.mvvs.client.catalog.manager.U2CatalogManager - [client:400202]start a schedule task to get global/local catalog for src, its period 5s 
2024-12-08 14:25:57.998 [pool-3-thread-1] INFO  com.rs.mv.mvvs.client.catalog.manager.U2CatalogManager - [client:400203]cache file auto update thread launch in lines-of-code account
2024-12-08 14:25:57.998 [pool-3-thread-1] INFO  com.rs.mv.mvvs.client.catalog.from.config.DirsConfigReader - [client:400206]parse dir config information
2024-12-08 14:25:57.999 [pool-3-thread-1] INFO  com.rs.mv.mvvs.client.catalog.from.config.MappingConfigReader - [client:400207]parse mapping config information
2024-12-08 14:25:57.999 [pool-3-thread-1] INFO  com.rs.mv.mvvs.client.catalog.manager.U2CatalogManager - [client:400202]start a schedule task to get global/local catalog for lines-of-code, its period 5s 
2024-12-08 14:25:58.000 [pool-3-thread-1] INFO  com.rs.mv.mvvs.client.catalog.manager.U2CatalogManager - [client:400203]cache file auto update thread launch in src account
2024-12-08 14:25:58.000 [pool-3-thread-1] INFO  com.rs.mv.mvvs.client.catalog.from.config.DirsConfigReader - [client:400206]parse dir config information
2024-12-08 14:25:58.000 [pool-3-thread-1] INFO  com.rs.mv.mvvs.client.catalog.from.config.MappingConfigReader - [client:400207]parse mapping config information
2024-12-08 14:25:58.001 [pool-3-thread-1] INFO  com.rs.mv.mvvs.client.catalog.manager.U2CatalogManager - [client:400202]start a schedule task to get global/local catalog for src, its period 5s 
2024-12-08 14:25:58.001 [pool-3-thread-1] INFO  com.rs.mv.mvvs.client.catalog.manager.U2CatalogManager - [client:400203]cache file auto update thread launch in object-enumerator account
2024-12-08 14:25:58.118 [pool-3-thread-1] INFO  com.rs.mv.mvvs.client.catalog.from.config.DirsConfigReader - [client:400206]parse dir config information
2024-12-08 14:25:58.119 [pool-3-thread-1] INFO  com.rs.mv.mvvs.client.catalog.from.config.MappingConfigReader - [client:400207]parse mapping config information
2024-12-08 14:25:58.120 [pool-3-thread-1] INFO  com.rs.mv.mvvs.client.catalog.manager.U2CatalogManager - [client:400202]start a schedule task to get global/local catalog for object-enumerator, its period 5s 
2024-12-08 14:25:58.121 [pool-3-thread-1] INFO  com.rs.mv.mvvs.client.catalog.manager.U2CatalogManager - [client:400203]cache file auto update thread launch in object-reflector account
2024-12-08 14:25:58.121 [pool-3-thread-1] INFO  com.rs.mv.mvvs.client.catalog.from.config.DirsConfigReader - [client:400206]parse dir config information
2024-12-08 14:25:58.121 [pool-3-thread-1] INFO  com.rs.mv.mvvs.client.catalog.from.config.MappingConfigReader - [client:400207]parse mapping config information
2024-12-08 14:25:58.122 [pool-3-thread-1] INFO  com.rs.mv.mvvs.client.catalog.manager.U2CatalogManager - [client:400202]start a schedule task to get global/local catalog for object-reflector, its period 5s 
2024-12-08 14:25:58.122 [pool-3-thread-1] INFO  com.rs.mv.mvvs.client.catalog.manager.U2CatalogManager - [client:400203]cache file auto update thread launch in recursion-context account
2024-12-08 14:25:58.123 [pool-3-thread-1] INFO  com.rs.mv.mvvs.client.catalog.from.config.DirsConfigReader - [client:400206]parse dir config information
2024-12-08 14:25:58.123 [pool-3-thread-1] INFO  com.rs.mv.mvvs.client.catalog.from.config.MappingConfigReader - [client:400207]parse mapping config information
2024-12-08 14:25:58.123 [pool-3-thread-1] INFO  com.rs.mv.mvvs.client.catalog.manager.U2CatalogManager - [client:400202]start a schedule task to get global/local catalog for recursion-context, its period 5s 
2024-12-08 14:25:58.124 [pool-3-thread-1] INFO  com.rs.mv.mvvs.client.catalog.manager.U2CatalogManager - [client:400203]cache file auto update thread launch in type account
2024-12-08 14:25:58.124 [pool-3-thread-1] INFO  com.rs.mv.mvvs.client.catalog.from.config.DirsConfigReader - [client:400206]parse dir config information
2024-12-08 14:25:58.125 [pool-3-thread-1] INFO  com.rs.mv.mvvs.client.catalog.from.config.MappingConfigReader - [client:400207]parse mapping config information
2024-12-08 14:25:58.125 [pool-3-thread-1] INFO  com.rs.mv.mvvs.client.catalog.manager.U2CatalogManager - [client:400202]start a schedule task to get global/local catalog for type, its period 5s 
2024-12-08 14:25:58.161 [pool-3-thread-1] INFO  com.rs.mv.mvvs.client.catalog.manager.U2CatalogManager - [client:400203]cache file auto update thread launch in src account
2024-12-08 14:25:58.161 [pool-3-thread-1] INFO  com.rs.mv.mvvs.client.catalog.from.config.DirsConfigReader - [client:400206]parse dir config information
2024-12-08 14:25:58.161 [pool-3-thread-1] INFO  com.rs.mv.mvvs.client.catalog.from.config.MappingConfigReader - [client:400207]parse mapping config information
2024-12-08 14:25:58.162 [pool-3-thread-1] INFO  com.rs.mv.mvvs.client.catalog.manager.U2CatalogManager - [client:400202]start a schedule task to get global/local catalog for src, its period 5s 
2024-12-08 14:25:58.166 [pool-3-thread-1] INFO  com.rs.mv.mvvs.client.catalog.manager.U2CatalogManager - [client:400203]cache file auto update thread launch in version account
2024-12-08 14:25:58.166 [pool-3-thread-1] INFO  com.rs.mv.mvvs.client.catalog.from.config.DirsConfigReader - [client:400206]parse dir config information
2024-12-08 14:25:58.166 [pool-3-thread-1] INFO  com.rs.mv.mvvs.client.catalog.from.config.MappingConfigReader - [client:400207]parse mapping config information
2024-12-08 14:25:58.283 [pool-3-thread-1] INFO  com.rs.mv.mvvs.client.catalog.manager.U2CatalogManager - [client:400202]start a schedule task to get global/local catalog for version, its period 5s 
2024-12-08 14:25:58.285 [pool-3-thread-1] INFO  com.rs.mv.mvvs.client.catalog.manager.U2CatalogManager - [client:400203]cache file auto update thread launch in setasign account
2024-12-08 14:25:58.285 [pool-3-thread-1] INFO  com.rs.mv.mvvs.client.catalog.from.config.DirsConfigReader - [client:400206]parse dir config information
2024-12-08 14:25:58.285 [pool-3-thread-1] INFO  com.rs.mv.mvvs.client.catalog.from.config.MappingConfigReader - [client:400207]parse mapping config information
2024-12-08 14:25:58.286 [pool-3-thread-1] INFO  com.rs.mv.mvvs.client.catalog.manager.U2CatalogManager - [client:400202]start a schedule task to get global/local catalog for setasign, its period 5s 
2024-12-08 14:25:58.287 [pool-3-thread-1] INFO  com.rs.mv.mvvs.client.catalog.manager.U2CatalogManager - [client:400203]cache file auto update thread launch in fpdi account
2024-12-08 14:25:58.287 [pool-3-thread-1] INFO  com.rs.mv.mvvs.client.catalog.from.config.DirsConfigReader - [client:400206]parse dir config information
2024-12-08 14:25:58.287 [pool-3-thread-1] INFO  com.rs.mv.mvvs.client.catalog.from.config.MappingConfigReader - [client:400207]parse mapping config information
2024-12-08 14:25:58.288 [pool-3-thread-1] INFO  com.rs.mv.mvvs.client.catalog.manager.U2CatalogManager - [client:400202]start a schedule task to get global/local catalog for fpdi, its period 5s 
2024-12-08 14:25:58.288 [pool-3-thread-1] INFO  com.rs.mv.mvvs.client.catalog.manager.U2CatalogManager - [client:400203]cache file auto update thread launch in src account
2024-12-08 14:25:58.300 [pool-3-thread-1] INFO  com.rs.mv.mvvs.client.catalog.from.config.DirsConfigReader - [client:400206]parse dir config information
2024-12-08 14:25:58.301 [pool-3-thread-1] INFO  com.rs.mv.mvvs.client.catalog.from.config.MappingConfigReader - [client:400207]parse mapping config information
2024-12-08 14:25:58.301 [pool-3-thread-1] INFO  com.rs.mv.mvvs.client.catalog.manager.U2CatalogManager - [client:400202]start a schedule task to get global/local catalog for src, its period 5s 
2024-12-08 14:25:58.302 [pool-3-thread-1] INFO  com.rs.mv.mvvs.client.catalog.manager.U2CatalogManager - [client:400203]cache file auto update thread launch in PdfParser account
2024-12-08 14:25:58.302 [pool-3-thread-1] INFO  com.rs.mv.mvvs.client.catalog.from.config.DirsConfigReader - [client:400206]parse dir config information
2024-12-08 14:25:58.303 [pool-3-thread-1] INFO  com.rs.mv.mvvs.client.catalog.from.config.MappingConfigReader - [client:400207]parse mapping config information
2024-12-08 14:25:58.303 [pool-3-thread-1] INFO  com.rs.mv.mvvs.client.catalog.manager.U2CatalogManager - [client:400202]start a schedule task to get global/local catalog for PdfParser, its period 5s 
2024-12-08 14:25:58.304 [pool-3-thread-1] INFO  com.rs.mv.mvvs.client.catalog.manager.U2CatalogManager - [client:400203]cache file auto update thread launch in PdfReader account
2024-12-08 14:25:58.304 [pool-3-thread-1] INFO  com.rs.mv.mvvs.client.catalog.from.config.DirsConfigReader - [client:400206]parse dir config information
2024-12-08 14:25:58.305 [pool-3-thread-1] INFO  com.rs.mv.mvvs.client.catalog.from.config.MappingConfigReader - [client:400207]parse mapping config information
2024-12-08 14:25:58.316 [pool-3-thread-1] INFO  com.rs.mv.mvvs.client.catalog.manager.U2CatalogManager - [client:400202]start a schedule task to get global/local catalog for PdfReader, its period 5s 
2024-12-08 14:25:58.318 [pool-3-thread-1] INFO  com.rs.mv.mvvs.client.catalog.manager.U2CatalogManager - [client:400203]cache file auto update thread launch in symfony account
2024-12-08 14:25:58.322 [pool-3-thread-1] INFO  com.rs.mv.mvvs.client.catalog.from.config.DirsConfigReader - [client:400206]parse dir config information
2024-12-08 14:25:58.323 [pool-3-thread-1] INFO  com.rs.mv.mvvs.client.catalog.from.config.MappingConfigReader - [client:400207]parse mapping config information
2024-12-08 14:25:58.325 [pool-3-thread-1] INFO  com.rs.mv.mvvs.client.catalog.manager.U2CatalogManager - [client:400202]start a schedule task to get global/local catalog for symfony, its period 5s 
2024-12-08 14:25:58.330 [pool-3-thread-1] INFO  com.rs.mv.mvvs.client.catalog.manager.U2CatalogManager - [client:400203]cache file auto update thread launch in theseer account
2024-12-08 14:25:58.331 [pool-3-thread-1] INFO  com.rs.mv.mvvs.client.catalog.from.config.DirsConfigReader - [client:400206]parse dir config information
2024-12-08 14:25:58.331 [pool-3-thread-1] INFO  com.rs.mv.mvvs.client.catalog.from.config.MappingConfigReader - [client:400207]parse mapping config information
2024-12-08 14:25:58.332 [pool-3-thread-1] INFO  com.rs.mv.mvvs.client.catalog.manager.U2CatalogManager - [client:400202]start a schedule task to get global/local catalog for theseer, its period 5s 
2024-12-08 14:25:58.333 [pool-3-thread-1] INFO  com.rs.mv.mvvs.client.catalog.manager.U2CatalogManager - [client:400203]cache file auto update thread launch in tokenizer account
2024-12-08 14:25:58.334 [pool-3-thread-1] INFO  com.rs.mv.mvvs.client.catalog.from.config.DirsConfigReader - [client:400206]parse dir config information
2024-12-08 14:25:58.335 [pool-3-thread-1] INFO  com.rs.mv.mvvs.client.catalog.from.config.MappingConfigReader - [client:400207]parse mapping config information
2024-12-08 14:25:58.336 [pool-3-thread-1] INFO  com.rs.mv.mvvs.client.catalog.manager.U2CatalogManager - [client:400202]start a schedule task to get global/local catalog for tokenizer, its period 5s 
2024-12-08 14:25:58.337 [pool-3-thread-1] INFO  com.rs.mv.mvvs.client.catalog.manager.U2CatalogManager - [client:400203]cache file auto update thread launch in writable account
2024-12-08 14:25:58.337 [pool-3-thread-1] INFO  com.rs.mv.mvvs.client.catalog.from.config.DirsConfigReader - [client:400206]parse dir config information
2024-12-08 14:25:58.338 [pool-3-thread-1] INFO  com.rs.mv.mvvs.client.catalog.from.config.MappingConfigReader - [client:400207]parse mapping config information
2024-12-08 14:25:58.339 [pool-3-thread-1] INFO  com.rs.mv.mvvs.client.catalog.manager.U2CatalogManager - [client:400202]start a schedule task to get global/local catalog for writable, its period 5s 
2024-12-08 14:25:58.343 [pool-3-thread-1] INFO  com.rs.mv.mvvs.rmv.documentation.BasicDocumentation - [framework:30020101]documentation load start
2024-12-08 14:25:58.347 [pool-3-thread-1] INFO  com.rs.mv.mvvs.rmv.documentation.reader.SystemDocReader - [framework:30020102]system documentation path: /documentation/UNIVERSE/
2024-12-08 14:25:58.347 [pool-3-thread-1] INFO  com.rs.mv.mvvs.rmv.documentation.reader.ProjectDocReader - [framework:30020103]project documentation brief file: custom.json
2024-12-08 14:25:58.680 [pool-3-thread-1] INFO  com.rs.mv.mvvs.rmv.documentation.reader.UserDocReader - [framework:30020104]user documentation brief file: C:\Users\lenovo\documentation\UNIVERSE\custom.json
2024-12-08 14:25:58.734 [pool-3-thread-1] INFO  com.rs.mv.mvvs.rmv.documentation.BasicDocumentation - [framework:30020105]documentation load end
2024-12-08 14:25:58.738 [pool-3-thread-1] INFO  com.rs.mv.mvvs.common.convertor.ConvertorManager - [framework:30030101]convertors for folder(*) load start
2024-12-08 14:25:58.739 [pool-3-thread-1] INFO  com.rs.mv.mvvs.common.convertor.ConvertorManager - [framework:30030102]comment convertor load finish
2024-12-08 14:25:58.754 [pool-3-thread-1] INFO  com.rs.mv.mvvs.common.convertor.ConvertorManager - [framework:30030103]keyword convertor load finish
2024-12-08 14:25:59.116 [pool-3-thread-1] INFO  com.rs.mv.mvvs.common.convertor.ConvertorManager - [framework:30030104]operator convertor load finish
2024-12-08 14:25:59.116 [pool-3-thread-1] INFO  com.rs.mv.mvvs.common.convertor.ConvertorManager - [framework:30030105]function name convertor load finish
2024-12-08 14:25:59.116 [pool-3-thread-1] INFO  com.rs.mv.mvvs.common.convertor.ConvertorManager - [framework:30030106]atVariable convertor load finish
2024-12-08 14:25:59.116 [pool-3-thread-1] INFO  com.rs.mv.mvvs.common.convertor.ConvertorManager - [framework:30030107]convertors for folder(*) load end
2024-12-08 14:25:59.117 [pool-3-thread-1] INFO  com.rs.mv.mvvs.client.catalog.manager.U2CatalogManager - [client:400203]cache file auto update thread launch in ... account
2024-12-08 14:25:59.117 [pool-3-thread-1] INFO  com.rs.mv.mvvs.client.catalog.from.config.DirsConfigReader - [client:400206]parse dir config information
2024-12-08 14:25:59.118 [pool-3-thread-1] INFO  com.rs.mv.mvvs.client.catalog.from.config.MappingConfigReader - [client:400207]parse mapping config information
2024-12-08 14:25:59.118 [pool-3-thread-1] INFO  com.rs.mv.mvvs.client.catalog.manager.U2CatalogManager - [client:400202]start a schedule task to get global/local catalog for ..., its period 5s 
2024-12-08 14:25:59.130 [pool-3-thread-1] INFO  com.rs.mv.mvvs.client.account.handler.ServerAccountHandler - [client:40010104]load server account: Account{name=jiti, path=C:/xampp/htdocs/Web_Denamique_TPs/Projet_Pharmcie/node_modules/jiti, type=PREDICT}
Account{name=fs.scandir, path=C:/xampp/htdocs/Web_Denamique_TPs/Projet_Pharmcie/node_modules/@nodelib/fs.scandir, type=PREDICT}
Account{name=Honeypot, path=C:/xampp/htdocs/Web_Denamique_TPs/Projet_Pharmcie/vendor/codeigniter4/framework/system/Honeypot, type=PREDICT}
Account{name=mpdf, path=C:/xampp/htdocs/Web_Denamique_TPs/Projet_Pharmcie/vendor/mpdf/mpdf, type=PREDICT}
Account{name=errors, path=C:/xampp/htdocs/Web_Denamique_TPs/Projet_Pharmcie/vendor/codeigniter4/framework/app/Views/errors, type=PREDICT}
Account{name=TestDox, path=C:/xampp/htdocs/Web_Denamique_TPs/Projet_Pharmcie/vendor/phpunit/phpunit/src/Logging/TestDox, type=PREDICT}
Account{name=JUnit, path=C:/xampp/htdocs/Web_Denamique_TPs/Projet_Pharmcie/vendor/phpunit/phpunit/src/Logging/JUnit, type=PREDICT}
Account{name=ymodules, path=C:/xampp/htdocs/Web_Denamique_TPs/Projet_Pharmcie/node_modules/resolve/test/module_dir/ymodules, type=PREDICT}
Account{name=fakerphp, path=C:/xampp/htdocs/Web_Denamique_TPs/Projet_Pharmcie/vendor/fakerphp, type=PREDICT}
Account{name=src, path=C:/xampp/htdocs/Web_Denamique_TPs/Projet_Pharmcie/vendor/sebastian/complexity/src, type=PREDICT}
Account{name=src, path=C:/xampp/htdocs/Web_Denamique_TPs/Projet_Pharmcie/vendor/sebastian/code-unit/src, type=PREDICT}
Account{name=TeamCity, path=C:/xampp/htdocs/Web_Denamique_TPs/Projet_Pharmcie/vendor/phpunit/phpunit/src/Logging/TeamCity, type=PREDICT}
Account{name=ResultCache, path=C:/xampp/htdocs/Web_Denamique_TPs/Projet_Pharmcie/vendor/phpunit/phpunit/src/Runner/ResultCache, type=PREDICT}
Account{name=isexe, path=C:/xampp/htdocs/Web_Denamique_TPs/Projet_Pharmcie/node_modules/isexe, type=PREDICT}
Account{name=quux, path=C:/xampp/htdocs/Web_Denamique_TPs/Projet_Pharmcie/node_modules/resolve/test/resolver/quux, type=PREDICT}
Account{name=esm, path=C:/xampp/htdocs/Web_Denamique_TPs/Projet_Pharmcie/node_modules/sucrase/dist/esm, type=PREDICT}
Account{name=resolver, path=C:/xampp/htdocs/Web_Denamique_TPs/Projet_Pharmcie/node_modules/resolve/test/resolver, type=PREDICT}
Account{name=lib, path=C:/xampp/htdocs/Web_Denamique_TPs/Projet_Pharmcie/vendor/nikic/php-parser/lib, type=PREDICT}
Account{name=picomatch, path=C:/xampp/htdocs/Web_Denamique_TPs/Projet_Pharmcie/node_modules/picomatch, type=PREDICT}
Account{name=refs, path=C:/xampp/htdocs/Web_Denamique_TPs/Projet_Pharmcie/.git/logs/refs, type=PREDICT}
Account{name=..., path=..., type=PREDICT}
2024-12-08 14:25:59.131 [pool-3-thread-1] INFO  com.rs.mv.mvvs.client.account.AccountManager - [client:40010105]load account manager finish
2024-12-08 14:25:59.144 [pool-3-thread-1] INFO  com.rs.mv.mvvs.instance.userspace.UserspaceManager - [framework:30010402]config file(C:\Users\lenovo/.rmv/config) watcher launch successful
2024-12-08 15:37:50.987 [pool-3-thread-1] INFO  com.rs.mv.mvvs.client.catalog.from.scan.CurrentPathScanner - [client:400205]scan file in current open file directory(C:/xampp/htdocs/Web_Denamique_TPs/Projet_Pharmcie/app/Views/Ventes)
2024-12-08 15:39:36.243 [pool-3-thread-1] INFO  com.rs.mv.mvvs.client.catalog.from.scan.CurrentPathScanner - [client:400205]scan file in current open file directory(C:/xampp/htdocs/Web_Denamique_TPs/Projet_Pharmcie/app/Controllers)
2024-12-08 15:41:57.426 [pool-3-thread-1] INFO  com.rs.mv.mvvs.client.catalog.from.scan.CurrentPathScanner - [client:400205]scan file in current open file directory(C:/xampp/htdocs/Web_Denamique_TPs/Projet_Pharmcie/app/Views/Ventes)
2024-12-08 15:44:17.004 [pool-3-thread-1] INFO  com.rs.mv.mvvs.client.catalog.from.scan.CurrentPathScanner - [client:400205]scan file in current open file directory(C:/xampp/htdocs/Web_Denamique_TPs/Projet_Pharmcie/app/Views/Ventes)
2024-12-08 15:44:18.788 [pool-3-thread-1] INFO  com.rs.mv.mvvs.client.catalog.from.scan.CurrentPathScanner - [client:400205]scan file in current open file directory(C:/xampp/htdocs/Web_Denamique_TPs/Projet_Pharmcie/app/Helpers)
2024-12-08 15:44:20.287 [pool-3-thread-1] INFO  com.rs.mv.mvvs.client.catalog.from.scan.CurrentPathScanner - [client:400205]scan file in current open file directory(C:/xampp/htdocs/Web_Denamique_TPs/Projet_Pharmcie/app/Controllers)
2024-12-08 15:45:39.748 [pool-3-thread-1] INFO  com.rs.mv.mvvs.client.catalog.from.scan.CurrentPathScanner - [client:400205]scan file in current open file directory(C:/xampp/htdocs/Web_Denamique_TPs/Projet_Pharmcie/app/Views/Ventes)
2024-12-08 15:52:55.831 [pool-3-thread-1] INFO  com.rs.mv.mvvs.client.catalog.from.scan.CurrentPathScanner - [client:400205]scan file in current open file directory(C:/xampp/htdocs/Web_Denamique_TPs/Projet_Pharmcie/app/Config)
2024-12-08 15:52:56.846 [pool-3-thread-1] INFO  com.rs.mv.mvvs.client.catalog.from.scan.CurrentPathScanner - [client:400205]scan file in current open file directory(C:/xampp/htdocs/Web_Denamique_TPs/Projet_Pharmcie/app/Views/Ventes)
2024-12-08 15:52:58.913 [pool-3-thread-1] INFO  com.rs.mv.mvvs.client.catalog.from.scan.CurrentPathScanner - [client:400205]scan file in current open file directory(C:/xampp/htdocs/Web_Denamique_TPs/Projet_Pharmcie/app/Views/Ventes)
2024-12-08 15:57:53.484 [pool-3-thread-1] INFO  com.rs.mv.mvvs.client.catalog.from.scan.CurrentPathScanner - [client:400205]scan file in current open file directory(C:/xampp/htdocs/Web_Denamique_TPs/Projet_Pharmcie/app/Controllers)
2024-12-08 15:58:40.792 [pool-3-thread-1] INFO  com.rs.mv.mvvs.client.catalog.from.scan.CurrentPathScanner - [client:400205]scan file in current open file directory(C:/xampp/htdocs/Web_Denamique_TPs/Projet_Pharmcie/app/Views/Ventes)
2024-12-08 16:05:18.355 [pool-3-thread-1] INFO  com.rs.mv.mvvs.client.catalog.from.scan.CurrentPathScanner - [client:400205]scan file in current open file directory(C:/xampp/htdocs/Web_Denamique_TPs/Projet_Pharmcie/app/Controllers)
2024-12-08 16:06:12.202 [pool-3-thread-1] INFO  com.rs.mv.mvvs.client.catalog.from.scan.CurrentPathScanner - [client:400205]scan file in current open file directory(C:/xampp/htdocs/Web_Denamique_TPs/Projet_Pharmcie/app/Config)
2024-12-08 16:06:43.110 [pool-3-thread-1] INFO  com.rs.mv.mvvs.client.catalog.from.scan.CurrentPathScanner - [client:400205]scan file in current open file directory(C:/xampp/htdocs/Web_Denamique_TPs/Projet_Pharmcie/app/Helpers)
2024-12-08 16:08:17.779 [pool-3-thread-1] INFO  com.rs.mv.mvvs.client.catalog.from.scan.CurrentPathScanner - [client:400205]scan file in current open file directory(C:/xampp/htdocs/Web_Denamique_TPs/Projet_Pharmcie/app/Config)
2024-12-08 16:08:58.841 [pool-3-thread-1] INFO  com.rs.mv.mvvs.client.catalog.from.scan.CurrentPathScanner - [client:400205]scan file in current open file directory(C:/xampp/htdocs/Web_Denamique_TPs/Projet_Pharmcie/app/Config)
2024-12-08 16:09:06.836 [pool-3-thread-1] INFO  com.rs.mv.mvvs.client.catalog.from.scan.CurrentPathScanner - [client:400205]scan file in current open file directory(C:/xampp/htdocs/Web_Denamique_TPs/Projet_Pharmcie/app/Config)
2024-12-08 16:09:19.819 [pool-3-thread-1] INFO  com.rs.mv.mvvs.client.catalog.from.scan.CurrentPathScanner - [client:400205]scan file in current open file directory(C:/xampp/htdocs/Web_Denamique_TPs/Projet_Pharmcie/app/Config)
2024-12-08 16:09:29.859 [pool-3-thread-1] INFO  com.rs.mv.mvvs.client.catalog.from.scan.CurrentPathScanner - [client:400205]scan file in current open file directory(C:/xampp/htdocs/Web_Denamique_TPs/Projet_Pharmcie/app/Config)
2024-12-08 16:09:49.218 [pool-3-thread-1] INFO  com.rs.mv.mvvs.client.catalog.from.scan.CurrentPathScanner - [client:400205]scan file in current open file directory(C:/xampp/htdocs/Web_Denamique_TPs/Projet_Pharmcie/app/Filters)
2024-12-08 16:10:04.551 [pool-3-thread-1] INFO  com.rs.mv.mvvs.client.catalog.from.scan.CurrentPathScanner - [client:400205]scan file in current open file directory(C:/xampp/htdocs/Web_Denamique_TPs/Projet_Pharmcie/app/Config)
2024-12-08 16:10:17.601 [pool-3-thread-1] INFO  com.rs.mv.mvvs.client.catalog.from.scan.CurrentPathScanner - [client:400205]scan file in current open file directory(C:/xampp/htdocs/Web_Denamique_TPs/Projet_Pharmcie/app/Config)
2024-12-08 16:11:24.737 [pool-3-thread-1] INFO  com.rs.mv.mvvs.client.catalog.from.scan.CurrentPathScanner - [client:400205]scan file in current open file directory(C:/xampp/htdocs/Web_Denamique_TPs/Projet_Pharmcie/app/Config)
2024-12-08 16:12:27.858 [pool-3-thread-1] INFO  com.rs.mv.mvvs.client.catalog.from.scan.CurrentPathScanner - [client:400205]scan file in current open file directory(C:/xampp/htdocs/Web_Denamique_TPs/Projet_Pharmcie/app/Controllers)
