2024-12-09 10:14:58.768 [main] WARN  com.rs.mv.mvvs.Startup - [LSP:100104]ROCKET MV BASIC EXTENSION exited
2024-12-09 16:36:55.595 [main] INFO  com.rs.mv.mvvs.Startup - [LSP:100101]ROCKET MV BASIC EXTENSION to start
2024-12-09 16:36:55.722 [main] INFO  com.rs.mv.mvvs.lsp.server.BasicLanguageServerLauncher - [LSP:100102]start pip server
2024-12-09 16:36:56.124 [main] INFO  com.rs.mv.mvvs.lsp.server.BasicLanguageServerLauncher - [LSP:100103]ROCKET MV BASIC EXTENSION start successful
2024-12-09 16:36:56.779 [pool-3-thread-1] INFO  com.rs.mv.mvvs.instance.workspace.WorkspaceManager - [workspace:200101]load all workspace folders start
2024-12-09 16:36:56.812 [pool-3-thread-1] INFO  com.rs.mv.mvvs.instance.workspace.WorkspaceManager - [workspace:20010201]root uri: file:///c%3A/xampp/htdocs/Web_Denamique_TPs/Projet_Pharmcie
2024-12-09 16:36:56.827 [pool-3-thread-1] INFO  com.rs.mv.mvvs.instance.workspace.handler.FolderHandler - [workspace:200103]workspace contains workspace folder: file:///c%3A/xampp/htdocs/Web_Denamique_TPs/Projet_Pharmcie
2024-12-09 16:36:56.975 [pool-3-thread-1] INFO  com.rs.mv.mvvs.instance.workspace.handler.FolderHandler - [workspace:200104]workspace folder will be cached: file:///c%3A/xampp/htdocs/Web_Denamique_TPs/Projet_Pharmcie
2024-12-09 16:36:56.978 [pool-3-thread-1] INFO  com.rs.mv.mvvs.rmv.config.Config - [framework:30010101]config load start
2024-12-09 16:36:56.978 [pool-3-thread-1] INFO  com.rs.mv.mvvs.rmv.config.Config - [framework:30010102]project config path is : C:/xampp/htdocs/Web_Denamique_TPs/Projet_Pharmcie/.rmv/config
2024-12-09 16:36:56.980 [pool-3-thread-1] INFO  com.rs.mv.mvvs.rmv.config.Config - [framework:30010103]resource config path is : /
2024-12-09 16:36:56.981 [pool-3-thread-1] INFO  com.rs.mv.mvvs.rmv.config.Config - [framework:30010104]user config path is : C:/Users/lenovo
2024-12-09 16:36:57.075 [pool-3-thread-1] INFO  com.rs.mv.mvvs.rmv.config.Config - [framework:30010105]config load end
2024-12-09 16:36:57.080 [pool-3-thread-1] INFO  com.rs.mv.mvvs.rmv.documentation.BasicDocumentation - [framework:30020101]documentation load start
2024-12-09 16:36:57.082 [pool-3-thread-1] INFO  com.rs.mv.mvvs.rmv.documentation.reader.SystemDocReader - [framework:30020102]system documentation path: /documentation/UNIVERSE/
2024-12-09 16:36:57.090 [pool-3-thread-1] INFO  com.rs.mv.mvvs.rmv.documentation.reader.ProjectDocReader - [framework:30020103]project documentation brief file: C:\xampp\htdocs\Web_Denamique_TPs\Projet_Pharmcie\.rmv\documentation\UNIVERSE\custom.json
2024-12-09 16:36:57.092 [pool-3-thread-1] INFO  com.rs.mv.mvvs.rmv.documentation.reader.UserDocReader - [framework:30020104]user documentation brief file: C:\Users\lenovo\documentation\UNIVERSE\custom.json
2024-12-09 16:36:57.874 [pool-3-thread-1] INFO  com.rs.mv.mvvs.rmv.documentation.BasicDocumentation - [framework:30020105]documentation load end
2024-12-09 16:36:57.896 [pool-3-thread-1] INFO  com.rs.mv.mvvs.common.convertor.ConvertorManager - [framework:30030101]convertors for folder(C:/xampp/htdocs/Web_Denamique_TPs/Projet_Pharmcie) load start
2024-12-09 16:36:57.912 [pool-3-thread-1] INFO  com.rs.mv.mvvs.common.convertor.ConvertorManager - [framework:30030102]comment convertor load finish
2024-12-09 16:36:59.448 [pool-3-thread-1] INFO  com.rs.mv.mvvs.common.convertor.ConvertorManager - [framework:30030103]keyword convertor load finish
2024-12-09 16:36:59.461 [pool-3-thread-1] INFO  com.rs.mv.mvvs.common.convertor.ConvertorManager - [framework:30030104]operator convertor load finish
2024-12-09 16:36:59.462 [pool-3-thread-1] INFO  com.rs.mv.mvvs.common.convertor.ConvertorManager - [framework:30030105]function name convertor load finish
2024-12-09 16:36:59.465 [pool-3-thread-1] INFO  com.rs.mv.mvvs.common.convertor.ConvertorManager - [framework:30030106]atVariable convertor load finish
2024-12-09 16:36:59.466 [pool-3-thread-1] INFO  com.rs.mv.mvvs.common.convertor.ConvertorManager - [framework:30030107]convertors for folder(C:/xampp/htdocs/Web_Denamique_TPs/Projet_Pharmcie) load end
2024-12-09 16:36:59.471 [pool-3-thread-1] INFO  com.rs.mv.mvvs.rmv.config.CapabilityConfig - [framework:30010301]capabilities file(C:/xampp/htdocs/Web_Denamique_TPs/Projet_Pharmcie/config/capability) doesn't exist or read error, default config will take effect
2024-12-09 16:36:59.472 [pool-3-thread-1] INFO  com.rs.mv.mvvs.instance.workspace.WorkspaceManager - [workspace:200105]load all workspace folders successful
2024-12-09 16:36:59.478 [pool-3-thread-1] INFO  com.rs.mv.mvvs.client.account.AccountManager - [client:40010101]load account manager start
2024-12-09 16:36:59.543 [pool-3-thread-1] INFO  com.rs.mv.mvvs.client.account.handler.CacheAccountHandler - [client:40010102]load cache account: 
2024-12-09 16:36:59.549 [pool-3-thread-1] INFO  com.rs.mv.mvvs.client.account.handler.ExternalAccountHandler - [client:40010103]load external account: 
2024-12-09 16:37:19.861 [pool-3-thread-1] INFO  com.rs.mv.mvvs.client.catalog.manager.U2CatalogManager - [client:400203]cache file auto update thread launch in Projet_Pharmcie account
2024-12-09 16:37:19.879 [pool-3-thread-1] INFO  com.rs.mv.mvvs.client.catalog.from.config.DirsConfigReader - [client:400206]parse dir config information
2024-12-09 16:37:19.885 [pool-3-thread-1] INFO  com.rs.mv.mvvs.client.catalog.from.config.MappingConfigReader - [client:400207]parse mapping config information
2024-12-09 16:37:19.890 [pool-3-thread-1] INFO  com.rs.mv.mvvs.client.catalog.manager.U2CatalogManager - [client:400202]start a schedule task to get global/local catalog for Projet_Pharmcie, its period 5s 
2024-12-09 16:37:19.892 [pool-3-thread-1] INFO  com.rs.mv.mvvs.client.catalog.manager.U2CatalogManager - [client:400203]cache file auto update thread launch in .git account
2024-12-09 16:37:19.892 [pool-3-thread-1] INFO  com.rs.mv.mvvs.client.catalog.from.config.DirsConfigReader - [client:400206]parse dir config information
2024-12-09 16:37:19.893 [pool-3-thread-1] INFO  com.rs.mv.mvvs.client.catalog.from.config.MappingConfigReader - [client:400207]parse mapping config information
2024-12-09 16:37:19.896 [pool-3-thread-1] INFO  com.rs.mv.mvvs.client.catalog.manager.U2CatalogManager - [client:400202]start a schedule task to get global/local catalog for .git, its period 5s 
2024-12-09 16:37:19.897 [pool-3-thread-1] INFO  com.rs.mv.mvvs.client.catalog.manager.U2CatalogManager - [client:400203]cache file auto update thread launch in logs account
2024-12-09 16:37:19.898 [pool-3-thread-1] INFO  com.rs.mv.mvvs.client.catalog.from.config.DirsConfigReader - [client:400206]parse dir config information
2024-12-09 16:37:19.924 [pool-3-thread-1] INFO  com.rs.mv.mvvs.client.catalog.from.config.MappingConfigReader - [client:400207]parse mapping config information
2024-12-09 16:37:19.925 [pool-3-thread-1] INFO  com.rs.mv.mvvs.client.catalog.manager.U2CatalogManager - [client:400202]start a schedule task to get global/local catalog for logs, its period 5s 
2024-12-09 16:37:19.928 [pool-3-thread-1] INFO  com.rs.mv.mvvs.client.catalog.manager.U2CatalogManager - [client:400203]cache file auto update thread launch in refs account
2024-12-09 16:37:19.931 [pool-3-thread-1] INFO  com.rs.mv.mvvs.client.catalog.from.config.DirsConfigReader - [client:400206]parse dir config information
2024-12-09 16:37:19.932 [pool-3-thread-1] INFO  com.rs.mv.mvvs.client.catalog.from.config.MappingConfigReader - [client:400207]parse mapping config information
2024-12-09 16:37:19.934 [pool-3-thread-1] INFO  com.rs.mv.mvvs.client.catalog.manager.U2CatalogManager - [client:400202]start a schedule task to get global/local catalog for refs, its period 5s 
2024-12-09 16:37:19.935 [pool-3-thread-1] INFO  com.rs.mv.mvvs.client.catalog.manager.U2CatalogManager - [client:400203]cache file auto update thread launch in remotes account
2024-12-09 16:37:19.937 [pool-3-thread-1] INFO  com.rs.mv.mvvs.client.catalog.from.config.DirsConfigReader - [client:400206]parse dir config information
2024-12-09 16:37:19.938 [pool-3-thread-1] INFO  com.rs.mv.mvvs.client.catalog.from.config.MappingConfigReader - [client:400207]parse mapping config information
2024-12-09 16:37:19.940 [pool-3-thread-1] INFO  com.rs.mv.mvvs.client.catalog.manager.U2CatalogManager - [client:400202]start a schedule task to get global/local catalog for remotes, its period 5s 
2024-12-09 16:37:19.941 [pool-3-thread-1] INFO  com.rs.mv.mvvs.client.catalog.manager.U2CatalogManager - [client:400203]cache file auto update thread launch in objects account
2024-12-09 16:37:19.942 [pool-3-thread-1] INFO  com.rs.mv.mvvs.client.catalog.from.config.DirsConfigReader - [client:400206]parse dir config information
2024-12-09 16:37:19.943 [pool-3-thread-1] INFO  com.rs.mv.mvvs.client.catalog.from.config.MappingConfigReader - [client:400207]parse mapping config information
2024-12-09 16:37:19.945 [pool-3-thread-1] INFO  com.rs.mv.mvvs.client.catalog.manager.U2CatalogManager - [client:400202]start a schedule task to get global/local catalog for objects, its period 5s 
2024-12-09 16:37:19.948 [pool-3-thread-1] INFO  com.rs.mv.mvvs.client.catalog.manager.U2CatalogManager - [client:400203]cache file auto update thread launch in refs account
2024-12-09 16:37:19.949 [pool-3-thread-1] INFO  com.rs.mv.mvvs.client.catalog.from.config.DirsConfigReader - [client:400206]parse dir config information
2024-12-09 16:37:19.950 [pool-3-thread-1] INFO  com.rs.mv.mvvs.client.catalog.from.config.MappingConfigReader - [client:400207]parse mapping config information
2024-12-09 16:37:19.952 [pool-3-thread-1] INFO  com.rs.mv.mvvs.client.catalog.manager.U2CatalogManager - [client:400202]start a schedule task to get global/local catalog for refs, its period 5s 
2024-12-09 16:37:19.953 [pool-3-thread-1] INFO  com.rs.mv.mvvs.client.catalog.manager.U2CatalogManager - [client:400203]cache file auto update thread launch in remotes account
2024-12-09 16:37:19.955 [pool-3-thread-1] INFO  com.rs.mv.mvvs.client.catalog.from.config.DirsConfigReader - [client:400206]parse dir config information
2024-12-09 16:37:19.955 [pool-3-thread-1] INFO  com.rs.mv.mvvs.client.catalog.from.config.MappingConfigReader - [client:400207]parse mapping config information
2024-12-09 16:37:19.956 [pool-3-thread-1] INFO  com.rs.mv.mvvs.client.catalog.manager.U2CatalogManager - [client:400202]start a schedule task to get global/local catalog for remotes, its period 5s 
2024-12-09 16:37:20.003 [pool-3-thread-1] INFO  com.rs.mv.mvvs.client.catalog.manager.U2CatalogManager - [client:400203]cache file auto update thread launch in app account
2024-12-09 16:37:20.004 [pool-3-thread-1] INFO  com.rs.mv.mvvs.client.catalog.from.config.DirsConfigReader - [client:400206]parse dir config information
2024-12-09 16:37:20.005 [pool-3-thread-1] INFO  com.rs.mv.mvvs.client.catalog.from.config.MappingConfigReader - [client:400207]parse mapping config information
2024-12-09 16:37:20.007 [pool-3-thread-1] INFO  com.rs.mv.mvvs.client.catalog.manager.U2CatalogManager - [client:400202]start a schedule task to get global/local catalog for app, its period 5s 
2024-12-09 16:37:20.008 [pool-3-thread-1] INFO  com.rs.mv.mvvs.client.catalog.manager.U2CatalogManager - [client:400203]cache file auto update thread launch in Config account
2024-12-09 16:37:20.009 [pool-3-thread-1] INFO  com.rs.mv.mvvs.client.catalog.from.config.DirsConfigReader - [client:400206]parse dir config information
2024-12-09 16:37:20.010 [pool-3-thread-1] INFO  com.rs.mv.mvvs.client.catalog.from.config.MappingConfigReader - [client:400207]parse mapping config information
2024-12-09 16:37:20.025 [pool-3-thread-1] INFO  com.rs.mv.mvvs.client.catalog.manager.U2CatalogManager - [client:400202]start a schedule task to get global/local catalog for Config, its period 5s 
2024-12-09 16:37:20.029 [pool-3-thread-1] INFO  com.rs.mv.mvvs.client.catalog.manager.U2CatalogManager - [client:400203]cache file auto update thread launch in Database account
2024-12-09 16:37:20.030 [pool-3-thread-1] INFO  com.rs.mv.mvvs.client.catalog.from.config.DirsConfigReader - [client:400206]parse dir config information
2024-12-09 16:37:20.030 [pool-3-thread-1] INFO  com.rs.mv.mvvs.client.catalog.from.config.MappingConfigReader - [client:400207]parse mapping config information
2024-12-09 16:37:20.031 [pool-3-thread-1] INFO  com.rs.mv.mvvs.client.catalog.manager.U2CatalogManager - [client:400202]start a schedule task to get global/local catalog for Database, its period 5s 
2024-12-09 16:37:20.032 [pool-3-thread-1] INFO  com.rs.mv.mvvs.client.catalog.manager.U2CatalogManager - [client:400203]cache file auto update thread launch in Language account
2024-12-09 16:37:20.033 [pool-3-thread-1] INFO  com.rs.mv.mvvs.client.catalog.from.config.DirsConfigReader - [client:400206]parse dir config information
2024-12-09 16:37:20.034 [pool-3-thread-1] INFO  com.rs.mv.mvvs.client.catalog.from.config.MappingConfigReader - [client:400207]parse mapping config information
2024-12-09 16:37:20.034 [pool-3-thread-1] INFO  com.rs.mv.mvvs.client.catalog.manager.U2CatalogManager - [client:400202]start a schedule task to get global/local catalog for Language, its period 5s 
2024-12-09 16:37:20.036 [pool-3-thread-1] INFO  com.rs.mv.mvvs.client.catalog.manager.U2CatalogManager - [client:400203]cache file auto update thread launch in Views account
2024-12-09 16:37:20.037 [pool-3-thread-1] INFO  com.rs.mv.mvvs.client.catalog.from.config.DirsConfigReader - [client:400206]parse dir config information
2024-12-09 16:37:20.037 [pool-3-thread-1] INFO  com.rs.mv.mvvs.client.catalog.from.config.MappingConfigReader - [client:400207]parse mapping config information
2024-12-09 16:37:20.038 [pool-3-thread-1] INFO  com.rs.mv.mvvs.client.catalog.manager.U2CatalogManager - [client:400202]start a schedule task to get global/local catalog for Views, its period 5s 
2024-12-09 16:37:20.039 [pool-3-thread-1] INFO  com.rs.mv.mvvs.client.catalog.manager.U2CatalogManager - [client:400203]cache file auto update thread launch in errors account
2024-12-09 16:37:20.039 [pool-3-thread-1] INFO  com.rs.mv.mvvs.client.catalog.from.config.DirsConfigReader - [client:400206]parse dir config information
2024-12-09 16:37:20.040 [pool-3-thread-1] INFO  com.rs.mv.mvvs.client.catalog.from.config.MappingConfigReader - [client:400207]parse mapping config information
2024-12-09 16:37:20.041 [pool-3-thread-1] INFO  com.rs.mv.mvvs.client.catalog.manager.U2CatalogManager - [client:400202]start a schedule task to get global/local catalog for errors, its period 5s 
2024-12-09 16:37:20.042 [pool-3-thread-1] INFO  com.rs.mv.mvvs.client.catalog.manager.U2CatalogManager - [client:400203]cache file auto update thread launch in node_modules account
2024-12-09 16:37:20.043 [pool-3-thread-1] INFO  com.rs.mv.mvvs.client.catalog.from.config.DirsConfigReader - [client:400206]parse dir config information
2024-12-09 16:37:20.043 [pool-3-thread-1] INFO  com.rs.mv.mvvs.client.catalog.from.config.MappingConfigReader - [client:400207]parse mapping config information
2024-12-09 16:37:20.044 [pool-3-thread-1] INFO  com.rs.mv.mvvs.client.catalog.manager.U2CatalogManager - [client:400202]start a schedule task to get global/local catalog for node_modules, its period 5s 
2024-12-09 16:37:20.046 [pool-3-thread-1] INFO  com.rs.mv.mvvs.client.catalog.manager.U2CatalogManager - [client:400203]cache file auto update thread launch in @alloc account
2024-12-09 16:37:20.047 [pool-3-thread-1] INFO  com.rs.mv.mvvs.client.catalog.from.config.DirsConfigReader - [client:400206]parse dir config information
2024-12-09 16:37:20.048 [pool-3-thread-1] INFO  com.rs.mv.mvvs.client.catalog.from.config.MappingConfigReader - [client:400207]parse mapping config information
2024-12-09 16:37:20.049 [pool-3-thread-1] INFO  com.rs.mv.mvvs.client.catalog.manager.U2CatalogManager - [client:400202]start a schedule task to get global/local catalog for @alloc, its period 5s 
2024-12-09 16:37:20.050 [pool-3-thread-1] INFO  com.rs.mv.mvvs.client.catalog.manager.U2CatalogManager - [client:400203]cache file auto update thread launch in @isaacs account
2024-12-09 16:37:20.050 [pool-3-thread-1] INFO  com.rs.mv.mvvs.client.catalog.from.config.DirsConfigReader - [client:400206]parse dir config information
2024-12-09 16:37:20.051 [pool-3-thread-1] INFO  com.rs.mv.mvvs.client.catalog.from.config.MappingConfigReader - [client:400207]parse mapping config information
2024-12-09 16:37:20.052 [pool-3-thread-1] INFO  com.rs.mv.mvvs.client.catalog.manager.U2CatalogManager - [client:400202]start a schedule task to get global/local catalog for @isaacs, its period 5s 
2024-12-09 16:37:20.053 [pool-3-thread-1] INFO  com.rs.mv.mvvs.client.catalog.manager.U2CatalogManager - [client:400203]cache file auto update thread launch in cliui account
2024-12-09 16:37:20.053 [pool-3-thread-1] INFO  com.rs.mv.mvvs.client.catalog.from.config.DirsConfigReader - [client:400206]parse dir config information
2024-12-09 16:37:20.054 [pool-3-thread-1] INFO  com.rs.mv.mvvs.client.catalog.from.config.MappingConfigReader - [client:400207]parse mapping config information
2024-12-09 16:37:20.076 [pool-3-thread-1] INFO  com.rs.mv.mvvs.client.catalog.manager.U2CatalogManager - [client:400202]start a schedule task to get global/local catalog for cliui, its period 5s 
2024-12-09 16:37:20.077 [pool-3-thread-1] INFO  com.rs.mv.mvvs.client.catalog.manager.U2CatalogManager - [client:400203]cache file auto update thread launch in build account
2024-12-09 16:37:20.079 [pool-3-thread-1] INFO  com.rs.mv.mvvs.client.catalog.from.config.DirsConfigReader - [client:400206]parse dir config information
2024-12-09 16:37:20.081 [pool-3-thread-1] INFO  com.rs.mv.mvvs.client.catalog.from.config.MappingConfigReader - [client:400207]parse mapping config information
2024-12-09 16:37:20.082 [pool-3-thread-1] INFO  com.rs.mv.mvvs.client.catalog.manager.U2CatalogManager - [client:400202]start a schedule task to get global/local catalog for build, its period 5s 
2024-12-09 16:37:20.086 [pool-3-thread-1] INFO  com.rs.mv.mvvs.client.catalog.manager.U2CatalogManager - [client:400203]cache file auto update thread launch in @jridgewell account
2024-12-09 16:37:20.086 [pool-3-thread-1] INFO  com.rs.mv.mvvs.client.catalog.from.config.DirsConfigReader - [client:400206]parse dir config information
2024-12-09 16:37:20.087 [pool-3-thread-1] INFO  com.rs.mv.mvvs.client.catalog.from.config.MappingConfigReader - [client:400207]parse mapping config information
2024-12-09 16:37:20.088 [pool-3-thread-1] INFO  com.rs.mv.mvvs.client.catalog.manager.U2CatalogManager - [client:400202]start a schedule task to get global/local catalog for @jridgewell, its period 5s 
2024-12-09 16:37:20.089 [pool-3-thread-1] INFO  com.rs.mv.mvvs.client.catalog.manager.U2CatalogManager - [client:400203]cache file auto update thread launch in gen-mapping account
2024-12-09 16:37:20.090 [pool-3-thread-1] INFO  com.rs.mv.mvvs.client.catalog.from.config.DirsConfigReader - [client:400206]parse dir config information
2024-12-09 16:37:20.090 [pool-3-thread-1] INFO  com.rs.mv.mvvs.client.catalog.from.config.MappingConfigReader - [client:400207]parse mapping config information
2024-12-09 16:37:20.092 [pool-3-thread-1] INFO  com.rs.mv.mvvs.client.catalog.manager.U2CatalogManager - [client:400202]start a schedule task to get global/local catalog for gen-mapping, its period 5s 
2024-12-09 16:37:20.093 [pool-3-thread-1] INFO  com.rs.mv.mvvs.client.catalog.manager.U2CatalogManager - [client:400203]cache file auto update thread launch in dist account
2024-12-09 16:37:20.095 [pool-3-thread-1] INFO  com.rs.mv.mvvs.client.catalog.from.config.DirsConfigReader - [client:400206]parse dir config information
2024-12-09 16:37:20.095 [pool-3-thread-1] INFO  com.rs.mv.mvvs.client.catalog.from.config.MappingConfigReader - [client:400207]parse mapping config information
2024-12-09 16:37:20.096 [pool-3-thread-1] INFO  com.rs.mv.mvvs.client.catalog.manager.U2CatalogManager - [client:400202]start a schedule task to get global/local catalog for dist, its period 5s 
2024-12-09 16:37:20.099 [pool-3-thread-1] INFO  com.rs.mv.mvvs.client.catalog.manager.U2CatalogManager - [client:400203]cache file auto update thread launch in resolve-uri account
2024-12-09 16:37:20.100 [pool-3-thread-1] INFO  com.rs.mv.mvvs.client.catalog.from.config.DirsConfigReader - [client:400206]parse dir config information
2024-12-09 16:37:20.100 [pool-3-thread-1] INFO  com.rs.mv.mvvs.client.catalog.from.config.MappingConfigReader - [client:400207]parse mapping config information
2024-12-09 16:37:20.101 [pool-3-thread-1] INFO  com.rs.mv.mvvs.client.catalog.manager.U2CatalogManager - [client:400202]start a schedule task to get global/local catalog for resolve-uri, its period 5s 
2024-12-09 16:37:20.103 [pool-3-thread-1] INFO  com.rs.mv.mvvs.client.catalog.manager.U2CatalogManager - [client:400203]cache file auto update thread launch in dist account
2024-12-09 16:37:20.104 [pool-3-thread-1] INFO  com.rs.mv.mvvs.client.catalog.from.config.DirsConfigReader - [client:400206]parse dir config information
2024-12-09 16:37:20.105 [pool-3-thread-1] INFO  com.rs.mv.mvvs.client.catalog.from.config.MappingConfigReader - [client:400207]parse mapping config information
2024-12-09 16:37:20.107 [pool-3-thread-1] INFO  com.rs.mv.mvvs.client.catalog.manager.U2CatalogManager - [client:400202]start a schedule task to get global/local catalog for dist, its period 5s 
2024-12-09 16:37:20.108 [pool-3-thread-1] INFO  com.rs.mv.mvvs.client.catalog.manager.U2CatalogManager - [client:400203]cache file auto update thread launch in set-array account
2024-12-09 16:37:20.109 [pool-3-thread-1] INFO  com.rs.mv.mvvs.client.catalog.from.config.DirsConfigReader - [client:400206]parse dir config information
2024-12-09 16:37:20.110 [pool-3-thread-1] INFO  com.rs.mv.mvvs.client.catalog.from.config.MappingConfigReader - [client:400207]parse mapping config information
2024-12-09 16:37:20.111 [pool-3-thread-1] INFO  com.rs.mv.mvvs.client.catalog.manager.U2CatalogManager - [client:400202]start a schedule task to get global/local catalog for set-array, its period 5s 
2024-12-09 16:37:20.112 [pool-3-thread-1] INFO  com.rs.mv.mvvs.client.catalog.manager.U2CatalogManager - [client:400203]cache file auto update thread launch in dist account
2024-12-09 16:37:20.112 [pool-3-thread-1] INFO  com.rs.mv.mvvs.client.catalog.from.config.DirsConfigReader - [client:400206]parse dir config information
2024-12-09 16:37:20.113 [pool-3-thread-1] INFO  com.rs.mv.mvvs.client.catalog.from.config.MappingConfigReader - [client:400207]parse mapping config information
2024-12-09 16:37:20.113 [pool-3-thread-1] INFO  com.rs.mv.mvvs.client.catalog.manager.U2CatalogManager - [client:400202]start a schedule task to get global/local catalog for dist, its period 5s 
2024-12-09 16:37:20.116 [pool-3-thread-1] INFO  com.rs.mv.mvvs.client.catalog.manager.U2CatalogManager - [client:400203]cache file auto update thread launch in sourcemap-codec account
2024-12-09 16:37:20.117 [pool-3-thread-1] INFO  com.rs.mv.mvvs.client.catalog.from.config.DirsConfigReader - [client:400206]parse dir config information
2024-12-09 16:37:20.118 [pool-3-thread-1] INFO  com.rs.mv.mvvs.client.catalog.from.config.MappingConfigReader - [client:400207]parse mapping config information
2024-12-09 16:37:20.118 [pool-3-thread-1] INFO  com.rs.mv.mvvs.client.catalog.manager.U2CatalogManager - [client:400202]start a schedule task to get global/local catalog for sourcemap-codec, its period 5s 
2024-12-09 16:37:20.149 [pool-3-thread-1] INFO  com.rs.mv.mvvs.client.catalog.manager.U2CatalogManager - [client:400203]cache file auto update thread launch in dist account
2024-12-09 16:37:20.151 [pool-3-thread-1] INFO  com.rs.mv.mvvs.client.catalog.from.config.DirsConfigReader - [client:400206]parse dir config information
2024-12-09 16:37:20.152 [pool-3-thread-1] INFO  com.rs.mv.mvvs.client.catalog.from.config.MappingConfigReader - [client:400207]parse mapping config information
2024-12-09 16:37:20.152 [pool-3-thread-1] INFO  com.rs.mv.mvvs.client.catalog.manager.U2CatalogManager - [client:400202]start a schedule task to get global/local catalog for dist, its period 5s 
2024-12-09 16:37:20.152 [pool-3-thread-1] INFO  com.rs.mv.mvvs.client.catalog.manager.U2CatalogManager - [client:400203]cache file auto update thread launch in trace-mapping account
2024-12-09 16:37:20.152 [pool-3-thread-1] INFO  com.rs.mv.mvvs.client.catalog.from.config.DirsConfigReader - [client:400206]parse dir config information
2024-12-09 16:37:20.152 [pool-3-thread-1] INFO  com.rs.mv.mvvs.client.catalog.from.config.MappingConfigReader - [client:400207]parse mapping config information
2024-12-09 16:37:20.152 [pool-3-thread-1] INFO  com.rs.mv.mvvs.client.catalog.manager.U2CatalogManager - [client:400202]start a schedule task to get global/local catalog for trace-mapping, its period 5s 
2024-12-09 16:37:20.152 [pool-3-thread-1] INFO  com.rs.mv.mvvs.client.catalog.manager.U2CatalogManager - [client:400203]cache file auto update thread launch in dist account
2024-12-09 16:37:20.152 [pool-3-thread-1] INFO  com.rs.mv.mvvs.client.catalog.from.config.DirsConfigReader - [client:400206]parse dir config information
2024-12-09 16:37:20.160 [pool-3-thread-1] INFO  com.rs.mv.mvvs.client.catalog.from.config.MappingConfigReader - [client:400207]parse mapping config information
2024-12-09 16:37:20.160 [pool-3-thread-1] INFO  com.rs.mv.mvvs.client.catalog.manager.U2CatalogManager - [client:400202]start a schedule task to get global/local catalog for dist, its period 5s 
2024-12-09 16:37:20.160 [pool-3-thread-1] INFO  com.rs.mv.mvvs.client.catalog.manager.U2CatalogManager - [client:400203]cache file auto update thread launch in @nodelib account
2024-12-09 16:37:20.160 [pool-3-thread-1] INFO  com.rs.mv.mvvs.client.catalog.from.config.DirsConfigReader - [client:400206]parse dir config information
2024-12-09 16:37:20.160 [pool-3-thread-1] INFO  com.rs.mv.mvvs.client.catalog.from.config.MappingConfigReader - [client:400207]parse mapping config information
2024-12-09 16:37:20.160 [pool-3-thread-1] INFO  com.rs.mv.mvvs.client.catalog.manager.U2CatalogManager - [client:400202]start a schedule task to get global/local catalog for @nodelib, its period 5s 
2024-12-09 16:37:20.160 [pool-3-thread-1] INFO  com.rs.mv.mvvs.client.catalog.manager.U2CatalogManager - [client:400203]cache file auto update thread launch in fs.scandir account
2024-12-09 16:37:20.160 [pool-3-thread-1] INFO  com.rs.mv.mvvs.client.catalog.from.config.DirsConfigReader - [client:400206]parse dir config information
2024-12-09 16:37:20.168 [pool-3-thread-1] INFO  com.rs.mv.mvvs.client.catalog.from.config.MappingConfigReader - [client:400207]parse mapping config information
2024-12-09 16:37:20.168 [pool-3-thread-1] INFO  com.rs.mv.mvvs.client.catalog.manager.U2CatalogManager - [client:400202]start a schedule task to get global/local catalog for fs.scandir, its period 5s 
2024-12-09 16:37:20.168 [pool-3-thread-1] INFO  com.rs.mv.mvvs.client.catalog.manager.U2CatalogManager - [client:400203]cache file auto update thread launch in out account
2024-12-09 16:37:20.168 [pool-3-thread-1] INFO  com.rs.mv.mvvs.client.catalog.from.config.DirsConfigReader - [client:400206]parse dir config information
2024-12-09 16:37:20.168 [pool-3-thread-1] INFO  com.rs.mv.mvvs.client.catalog.from.config.MappingConfigReader - [client:400207]parse mapping config information
2024-12-09 16:37:20.168 [pool-3-thread-1] INFO  com.rs.mv.mvvs.client.catalog.manager.U2CatalogManager - [client:400202]start a schedule task to get global/local catalog for out, its period 5s 
2024-12-09 16:37:20.168 [pool-3-thread-1] INFO  com.rs.mv.mvvs.client.catalog.manager.U2CatalogManager - [client:400203]cache file auto update thread launch in fs.stat account
2024-12-09 16:37:20.168 [pool-3-thread-1] INFO  com.rs.mv.mvvs.client.catalog.from.config.DirsConfigReader - [client:400206]parse dir config information
2024-12-09 16:37:20.176 [pool-3-thread-1] INFO  com.rs.mv.mvvs.client.catalog.from.config.MappingConfigReader - [client:400207]parse mapping config information
2024-12-09 16:37:20.176 [pool-3-thread-1] INFO  com.rs.mv.mvvs.client.catalog.manager.U2CatalogManager - [client:400202]start a schedule task to get global/local catalog for fs.stat, its period 5s 
2024-12-09 16:37:20.176 [pool-3-thread-1] INFO  com.rs.mv.mvvs.client.catalog.manager.U2CatalogManager - [client:400203]cache file auto update thread launch in out account
2024-12-09 16:37:20.176 [pool-3-thread-1] INFO  com.rs.mv.mvvs.client.catalog.from.config.DirsConfigReader - [client:400206]parse dir config information
2024-12-09 16:37:20.176 [pool-3-thread-1] INFO  com.rs.mv.mvvs.client.catalog.from.config.MappingConfigReader - [client:400207]parse mapping config information
2024-12-09 16:37:20.176 [pool-3-thread-1] INFO  com.rs.mv.mvvs.client.catalog.manager.U2CatalogManager - [client:400202]start a schedule task to get global/local catalog for out, its period 5s 
2024-12-09 16:37:20.176 [pool-3-thread-1] INFO  com.rs.mv.mvvs.client.catalog.manager.U2CatalogManager - [client:400203]cache file auto update thread launch in fs.walk account
2024-12-09 16:37:20.184 [pool-3-thread-1] INFO  com.rs.mv.mvvs.client.catalog.from.config.DirsConfigReader - [client:400206]parse dir config information
2024-12-09 16:37:20.184 [pool-3-thread-1] INFO  com.rs.mv.mvvs.client.catalog.from.config.MappingConfigReader - [client:400207]parse mapping config information
2024-12-09 16:37:20.184 [pool-3-thread-1] INFO  com.rs.mv.mvvs.client.catalog.manager.U2CatalogManager - [client:400202]start a schedule task to get global/local catalog for fs.walk, its period 5s 
2024-12-09 16:37:20.192 [pool-3-thread-1] INFO  com.rs.mv.mvvs.client.catalog.manager.U2CatalogManager - [client:400203]cache file auto update thread launch in out account
2024-12-09 16:37:20.192 [pool-3-thread-1] INFO  com.rs.mv.mvvs.client.catalog.from.config.DirsConfigReader - [client:400206]parse dir config information
2024-12-09 16:37:20.192 [pool-3-thread-1] INFO  com.rs.mv.mvvs.client.catalog.from.config.MappingConfigReader - [client:400207]parse mapping config information
2024-12-09 16:37:20.192 [pool-3-thread-1] INFO  com.rs.mv.mvvs.client.catalog.manager.U2CatalogManager - [client:400202]start a schedule task to get global/local catalog for out, its period 5s 
2024-12-09 16:37:20.216 [pool-3-thread-1] INFO  com.rs.mv.mvvs.client.catalog.manager.U2CatalogManager - [client:400203]cache file auto update thread launch in @pkgjs account
2024-12-09 16:37:20.216 [pool-3-thread-1] INFO  com.rs.mv.mvvs.client.catalog.from.config.DirsConfigReader - [client:400206]parse dir config information
2024-12-09 16:37:20.216 [pool-3-thread-1] INFO  com.rs.mv.mvvs.client.catalog.from.config.MappingConfigReader - [client:400207]parse mapping config information
2024-12-09 16:37:20.216 [pool-3-thread-1] INFO  com.rs.mv.mvvs.client.catalog.manager.U2CatalogManager - [client:400202]start a schedule task to get global/local catalog for @pkgjs, its period 5s 
2024-12-09 16:37:20.216 [pool-3-thread-1] INFO  com.rs.mv.mvvs.client.catalog.manager.U2CatalogManager - [client:400203]cache file auto update thread launch in parseargs account
2024-12-09 16:37:20.216 [pool-3-thread-1] INFO  com.rs.mv.mvvs.client.catalog.from.config.DirsConfigReader - [client:400206]parse dir config information
2024-12-09 16:37:20.216 [pool-3-thread-1] INFO  com.rs.mv.mvvs.client.catalog.from.config.MappingConfigReader - [client:400207]parse mapping config information
2024-12-09 16:37:20.216 [pool-3-thread-1] INFO  com.rs.mv.mvvs.client.catalog.manager.U2CatalogManager - [client:400202]start a schedule task to get global/local catalog for parseargs, its period 5s 
2024-12-09 16:37:20.224 [pool-3-thread-1] INFO  com.rs.mv.mvvs.client.catalog.manager.U2CatalogManager - [client:400203]cache file auto update thread launch in any-promise account
2024-12-09 16:37:20.224 [pool-3-thread-1] INFO  com.rs.mv.mvvs.client.catalog.from.config.DirsConfigReader - [client:400206]parse dir config information
2024-12-09 16:37:20.224 [pool-3-thread-1] INFO  com.rs.mv.mvvs.client.catalog.from.config.MappingConfigReader - [client:400207]parse mapping config information
2024-12-09 16:37:20.224 [pool-3-thread-1] INFO  com.rs.mv.mvvs.client.catalog.manager.U2CatalogManager - [client:400202]start a schedule task to get global/local catalog for any-promise, its period 5s 
2024-12-09 16:37:20.224 [pool-3-thread-1] INFO  com.rs.mv.mvvs.client.catalog.manager.U2CatalogManager - [client:400203]cache file auto update thread launch in balanced-match account
2024-12-09 16:37:20.224 [pool-3-thread-1] INFO  com.rs.mv.mvvs.client.catalog.from.config.DirsConfigReader - [client:400206]parse dir config information
2024-12-09 16:37:20.240 [pool-3-thread-1] INFO  com.rs.mv.mvvs.client.catalog.from.config.MappingConfigReader - [client:400207]parse mapping config information
2024-12-09 16:37:20.240 [pool-3-thread-1] INFO  com.rs.mv.mvvs.client.catalog.manager.U2CatalogManager - [client:400202]start a schedule task to get global/local catalog for balanced-match, its period 5s 
2024-12-09 16:37:20.248 [pool-3-thread-1] INFO  com.rs.mv.mvvs.client.catalog.manager.U2CatalogManager - [client:400203]cache file auto update thread launch in brace-expansion account
2024-12-09 16:37:20.248 [pool-3-thread-1] INFO  com.rs.mv.mvvs.client.catalog.from.config.DirsConfigReader - [client:400206]parse dir config information
2024-12-09 16:37:20.248 [pool-3-thread-1] INFO  com.rs.mv.mvvs.client.catalog.from.config.MappingConfigReader - [client:400207]parse mapping config information
2024-12-09 16:37:20.248 [pool-3-thread-1] INFO  com.rs.mv.mvvs.client.catalog.manager.U2CatalogManager - [client:400202]start a schedule task to get global/local catalog for brace-expansion, its period 5s 
2024-12-09 16:37:20.256 [pool-3-thread-1] INFO  com.rs.mv.mvvs.client.catalog.manager.U2CatalogManager - [client:400203]cache file auto update thread launch in braces account
2024-12-09 16:37:20.256 [pool-3-thread-1] INFO  com.rs.mv.mvvs.client.catalog.from.config.DirsConfigReader - [client:400206]parse dir config information
2024-12-09 16:37:20.256 [pool-3-thread-1] INFO  com.rs.mv.mvvs.client.catalog.from.config.MappingConfigReader - [client:400207]parse mapping config information
2024-12-09 16:37:20.256 [pool-3-thread-1] INFO  com.rs.mv.mvvs.client.catalog.manager.U2CatalogManager - [client:400202]start a schedule task to get global/local catalog for braces, its period 5s 
2024-12-09 16:37:20.256 [pool-3-thread-1] INFO  com.rs.mv.mvvs.client.catalog.manager.U2CatalogManager - [client:400203]cache file auto update thread launch in chokidar account
2024-12-09 16:37:20.256 [pool-3-thread-1] INFO  com.rs.mv.mvvs.client.catalog.from.config.DirsConfigReader - [client:400206]parse dir config information
2024-12-09 16:37:20.256 [pool-3-thread-1] INFO  com.rs.mv.mvvs.client.catalog.from.config.MappingConfigReader - [client:400207]parse mapping config information
2024-12-09 16:37:20.256 [pool-3-thread-1] INFO  com.rs.mv.mvvs.client.catalog.manager.U2CatalogManager - [client:400202]start a schedule task to get global/local catalog for chokidar, its period 5s 
2024-12-09 16:37:20.256 [pool-3-thread-1] INFO  com.rs.mv.mvvs.client.catalog.manager.U2CatalogManager - [client:400203]cache file auto update thread launch in node_modules account
2024-12-09 16:37:20.256 [pool-3-thread-1] INFO  com.rs.mv.mvvs.client.catalog.from.config.DirsConfigReader - [client:400206]parse dir config information
2024-12-09 16:37:20.264 [pool-3-thread-1] INFO  com.rs.mv.mvvs.client.catalog.from.config.MappingConfigReader - [client:400207]parse mapping config information
2024-12-09 16:37:20.264 [pool-3-thread-1] INFO  com.rs.mv.mvvs.client.catalog.manager.U2CatalogManager - [client:400202]start a schedule task to get global/local catalog for node_modules, its period 5s 
2024-12-09 16:37:20.264 [pool-3-thread-1] INFO  com.rs.mv.mvvs.client.catalog.manager.U2CatalogManager - [client:400203]cache file auto update thread launch in commander account
2024-12-09 16:37:20.264 [pool-3-thread-1] INFO  com.rs.mv.mvvs.client.catalog.from.config.DirsConfigReader - [client:400206]parse dir config information
2024-12-09 16:37:20.264 [pool-3-thread-1] INFO  com.rs.mv.mvvs.client.catalog.from.config.MappingConfigReader - [client:400207]parse mapping config information
2024-12-09 16:37:20.264 [pool-3-thread-1] INFO  com.rs.mv.mvvs.client.catalog.manager.U2CatalogManager - [client:400202]start a schedule task to get global/local catalog for commander, its period 5s 
2024-12-09 16:37:20.264 [pool-3-thread-1] INFO  com.rs.mv.mvvs.client.catalog.manager.U2CatalogManager - [client:400203]cache file auto update thread launch in cross-spawn account
2024-12-09 16:37:20.264 [pool-3-thread-1] INFO  com.rs.mv.mvvs.client.catalog.from.config.DirsConfigReader - [client:400206]parse dir config information
2024-12-09 16:37:20.272 [pool-3-thread-1] INFO  com.rs.mv.mvvs.client.catalog.from.config.MappingConfigReader - [client:400207]parse mapping config information
2024-12-09 16:37:20.272 [pool-3-thread-1] INFO  com.rs.mv.mvvs.client.catalog.manager.U2CatalogManager - [client:400202]start a schedule task to get global/local catalog for cross-spawn, its period 5s 
2024-12-09 16:37:20.272 [pool-3-thread-1] INFO  com.rs.mv.mvvs.client.catalog.manager.U2CatalogManager - [client:400203]cache file auto update thread launch in lib account
2024-12-09 16:37:20.272 [pool-3-thread-1] INFO  com.rs.mv.mvvs.client.catalog.from.config.DirsConfigReader - [client:400206]parse dir config information
2024-12-09 16:37:20.272 [pool-3-thread-1] INFO  com.rs.mv.mvvs.client.catalog.from.config.MappingConfigReader - [client:400207]parse mapping config information
2024-12-09 16:37:20.272 [pool-3-thread-1] INFO  com.rs.mv.mvvs.client.catalog.manager.U2CatalogManager - [client:400202]start a schedule task to get global/local catalog for lib, its period 5s 
2024-12-09 16:37:20.272 [pool-3-thread-1] INFO  com.rs.mv.mvvs.client.catalog.manager.U2CatalogManager - [client:400203]cache file auto update thread launch in cssesc account
2024-12-09 16:37:20.272 [pool-3-thread-1] INFO  com.rs.mv.mvvs.client.catalog.from.config.DirsConfigReader - [client:400206]parse dir config information
2024-12-09 16:37:20.272 [pool-3-thread-1] INFO  com.rs.mv.mvvs.client.catalog.from.config.MappingConfigReader - [client:400207]parse mapping config information
2024-12-09 16:37:20.288 [pool-3-thread-1] INFO  com.rs.mv.mvvs.client.catalog.manager.U2CatalogManager - [client:400202]start a schedule task to get global/local catalog for cssesc, its period 5s 
2024-12-09 16:37:20.288 [pool-3-thread-1] INFO  com.rs.mv.mvvs.client.catalog.manager.U2CatalogManager - [client:400203]cache file auto update thread launch in dlv account
2024-12-09 16:37:20.288 [pool-3-thread-1] INFO  com.rs.mv.mvvs.client.catalog.from.config.DirsConfigReader - [client:400206]parse dir config information
2024-12-09 16:37:20.296 [pool-3-thread-1] INFO  com.rs.mv.mvvs.client.catalog.from.config.MappingConfigReader - [client:400207]parse mapping config information
2024-12-09 16:37:20.304 [pool-3-thread-1] INFO  com.rs.mv.mvvs.client.catalog.manager.U2CatalogManager - [client:400202]start a schedule task to get global/local catalog for dlv, its period 5s 
2024-12-09 16:37:20.304 [pool-3-thread-1] INFO  com.rs.mv.mvvs.client.catalog.manager.U2CatalogManager - [client:400203]cache file auto update thread launch in emoji-regex account
2024-12-09 16:37:20.304 [pool-3-thread-1] INFO  com.rs.mv.mvvs.client.catalog.from.config.DirsConfigReader - [client:400206]parse dir config information
2024-12-09 16:37:20.304 [pool-3-thread-1] INFO  com.rs.mv.mvvs.client.catalog.from.config.MappingConfigReader - [client:400207]parse mapping config information
2024-12-09 16:37:20.312 [pool-3-thread-1] INFO  com.rs.mv.mvvs.client.catalog.manager.U2CatalogManager - [client:400202]start a schedule task to get global/local catalog for emoji-regex, its period 5s 
2024-12-09 16:37:20.312 [pool-3-thread-1] INFO  com.rs.mv.mvvs.client.catalog.manager.U2CatalogManager - [client:400203]cache file auto update thread launch in fast-glob account
2024-12-09 16:37:20.312 [pool-3-thread-1] INFO  com.rs.mv.mvvs.client.catalog.from.config.DirsConfigReader - [client:400206]parse dir config information
2024-12-09 16:37:20.312 [pool-3-thread-1] INFO  com.rs.mv.mvvs.client.catalog.from.config.MappingConfigReader - [client:400207]parse mapping config information
2024-12-09 16:37:20.312 [pool-3-thread-1] INFO  com.rs.mv.mvvs.client.catalog.manager.U2CatalogManager - [client:400202]start a schedule task to get global/local catalog for fast-glob, its period 5s 
2024-12-09 16:37:20.312 [pool-3-thread-1] INFO  com.rs.mv.mvvs.client.catalog.manager.U2CatalogManager - [client:400203]cache file auto update thread launch in node_modules account
2024-12-09 16:37:20.312 [pool-3-thread-1] INFO  com.rs.mv.mvvs.client.catalog.from.config.DirsConfigReader - [client:400206]parse dir config information
2024-12-09 16:37:20.320 [pool-3-thread-1] INFO  com.rs.mv.mvvs.client.catalog.from.config.MappingConfigReader - [client:400207]parse mapping config information
2024-12-09 16:37:20.320 [pool-3-thread-1] INFO  com.rs.mv.mvvs.client.catalog.manager.U2CatalogManager - [client:400202]start a schedule task to get global/local catalog for node_modules, its period 5s 
2024-12-09 16:37:20.320 [pool-3-thread-1] INFO  com.rs.mv.mvvs.client.catalog.manager.U2CatalogManager - [client:400203]cache file auto update thread launch in out account
2024-12-09 16:37:20.352 [pool-3-thread-1] INFO  com.rs.mv.mvvs.client.catalog.from.config.DirsConfigReader - [client:400206]parse dir config information
2024-12-09 16:37:20.352 [pool-3-thread-1] INFO  com.rs.mv.mvvs.client.catalog.from.config.MappingConfigReader - [client:400207]parse mapping config information
2024-12-09 16:37:20.352 [pool-3-thread-1] INFO  com.rs.mv.mvvs.client.catalog.manager.U2CatalogManager - [client:400202]start a schedule task to get global/local catalog for out, its period 5s 
2024-12-09 16:37:20.360 [pool-3-thread-1] INFO  com.rs.mv.mvvs.client.catalog.manager.U2CatalogManager - [client:400203]cache file auto update thread launch in providers account
2024-12-09 16:37:20.360 [pool-3-thread-1] INFO  com.rs.mv.mvvs.client.catalog.from.config.DirsConfigReader - [client:400206]parse dir config information
2024-12-09 16:37:20.360 [pool-3-thread-1] INFO  com.rs.mv.mvvs.client.catalog.from.config.MappingConfigReader - [client:400207]parse mapping config information
2024-12-09 16:37:20.360 [pool-3-thread-1] INFO  com.rs.mv.mvvs.client.catalog.manager.U2CatalogManager - [client:400202]start a schedule task to get global/local catalog for providers, its period 5s 
2024-12-09 16:37:20.360 [pool-3-thread-1] INFO  com.rs.mv.mvvs.client.catalog.manager.U2CatalogManager - [client:400203]cache file auto update thread launch in fastq account
2024-12-09 16:37:20.360 [pool-3-thread-1] INFO  com.rs.mv.mvvs.client.catalog.from.config.DirsConfigReader - [client:400206]parse dir config information
2024-12-09 16:37:20.360 [pool-3-thread-1] INFO  com.rs.mv.mvvs.client.catalog.from.config.MappingConfigReader - [client:400207]parse mapping config information
2024-12-09 16:37:20.360 [pool-3-thread-1] INFO  com.rs.mv.mvvs.client.catalog.manager.U2CatalogManager - [client:400202]start a schedule task to get global/local catalog for fastq, its period 5s 
2024-12-09 16:37:20.368 [pool-3-thread-1] INFO  com.rs.mv.mvvs.client.catalog.manager.U2CatalogManager - [client:400203]cache file auto update thread launch in .github account
2024-12-09 16:37:20.368 [pool-3-thread-1] INFO  com.rs.mv.mvvs.client.catalog.from.config.DirsConfigReader - [client:400206]parse dir config information
2024-12-09 16:37:20.368 [pool-3-thread-1] INFO  com.rs.mv.mvvs.client.catalog.from.config.MappingConfigReader - [client:400207]parse mapping config information
2024-12-09 16:37:20.368 [pool-3-thread-1] INFO  com.rs.mv.mvvs.client.catalog.manager.U2CatalogManager - [client:400202]start a schedule task to get global/local catalog for .github, its period 5s 
2024-12-09 16:37:20.368 [pool-3-thread-1] INFO  com.rs.mv.mvvs.client.catalog.manager.U2CatalogManager - [client:400203]cache file auto update thread launch in foreground-child account
2024-12-09 16:37:20.368 [pool-3-thread-1] INFO  com.rs.mv.mvvs.client.catalog.from.config.DirsConfigReader - [client:400206]parse dir config information
2024-12-09 16:37:20.376 [pool-3-thread-1] INFO  com.rs.mv.mvvs.client.catalog.from.config.MappingConfigReader - [client:400207]parse mapping config information
2024-12-09 16:37:20.376 [pool-3-thread-1] INFO  com.rs.mv.mvvs.client.catalog.manager.U2CatalogManager - [client:400202]start a schedule task to get global/local catalog for foreground-child, its period 5s 
2024-12-09 16:37:20.376 [pool-3-thread-1] INFO  com.rs.mv.mvvs.client.catalog.manager.U2CatalogManager - [client:400203]cache file auto update thread launch in dist account
2024-12-09 16:37:20.376 [pool-3-thread-1] INFO  com.rs.mv.mvvs.client.catalog.from.config.DirsConfigReader - [client:400206]parse dir config information
2024-12-09 16:37:20.400 [pool-3-thread-1] INFO  com.rs.mv.mvvs.client.catalog.from.config.MappingConfigReader - [client:400207]parse mapping config information
2024-12-09 16:37:20.400 [pool-3-thread-1] INFO  com.rs.mv.mvvs.client.catalog.manager.U2CatalogManager - [client:400202]start a schedule task to get global/local catalog for dist, its period 5s 
2024-12-09 16:37:20.400 [pool-3-thread-1] INFO  com.rs.mv.mvvs.client.catalog.manager.U2CatalogManager - [client:400203]cache file auto update thread launch in function-bind account
2024-12-09 16:37:20.400 [pool-3-thread-1] INFO  com.rs.mv.mvvs.client.catalog.from.config.DirsConfigReader - [client:400206]parse dir config information
2024-12-09 16:37:20.400 [pool-3-thread-1] INFO  com.rs.mv.mvvs.client.catalog.from.config.MappingConfigReader - [client:400207]parse mapping config information
2024-12-09 16:37:20.400 [pool-3-thread-1] INFO  com.rs.mv.mvvs.client.catalog.manager.U2CatalogManager - [client:400202]start a schedule task to get global/local catalog for function-bind, its period 5s 
2024-12-09 16:37:20.408 [pool-3-thread-1] INFO  com.rs.mv.mvvs.client.catalog.manager.U2CatalogManager - [client:400203]cache file auto update thread launch in glob account
2024-12-09 16:37:20.408 [pool-3-thread-1] INFO  com.rs.mv.mvvs.client.catalog.from.config.DirsConfigReader - [client:400206]parse dir config information
2024-12-09 16:37:20.408 [pool-3-thread-1] INFO  com.rs.mv.mvvs.client.catalog.from.config.MappingConfigReader - [client:400207]parse mapping config information
2024-12-09 16:37:20.408 [pool-3-thread-1] INFO  com.rs.mv.mvvs.client.catalog.manager.U2CatalogManager - [client:400202]start a schedule task to get global/local catalog for glob, its period 5s 
2024-12-09 16:37:20.408 [pool-3-thread-1] INFO  com.rs.mv.mvvs.client.catalog.manager.U2CatalogManager - [client:400203]cache file auto update thread launch in dist account
2024-12-09 16:37:20.408 [pool-3-thread-1] INFO  com.rs.mv.mvvs.client.catalog.from.config.DirsConfigReader - [client:400206]parse dir config information
2024-12-09 16:37:20.408 [pool-3-thread-1] INFO  com.rs.mv.mvvs.client.catalog.from.config.MappingConfigReader - [client:400207]parse mapping config information
2024-12-09 16:37:20.416 [pool-3-thread-1] INFO  com.rs.mv.mvvs.client.catalog.manager.U2CatalogManager - [client:400202]start a schedule task to get global/local catalog for dist, its period 5s 
2024-12-09 16:37:20.416 [pool-3-thread-1] INFO  com.rs.mv.mvvs.client.catalog.manager.U2CatalogManager - [client:400203]cache file auto update thread launch in hasown account
2024-12-09 16:37:20.416 [pool-3-thread-1] INFO  com.rs.mv.mvvs.client.catalog.from.config.DirsConfigReader - [client:400206]parse dir config information
2024-12-09 16:37:20.416 [pool-3-thread-1] INFO  com.rs.mv.mvvs.client.catalog.from.config.MappingConfigReader - [client:400207]parse mapping config information
2024-12-09 16:37:20.424 [pool-3-thread-1] INFO  com.rs.mv.mvvs.client.catalog.manager.U2CatalogManager - [client:400202]start a schedule task to get global/local catalog for hasown, its period 5s 
2024-12-09 16:37:20.424 [pool-3-thread-1] INFO  com.rs.mv.mvvs.client.catalog.manager.U2CatalogManager - [client:400203]cache file auto update thread launch in is-core-module account
2024-12-09 16:37:20.424 [pool-3-thread-1] INFO  com.rs.mv.mvvs.client.catalog.from.config.DirsConfigReader - [client:400206]parse dir config information
2024-12-09 16:37:20.424 [pool-3-thread-1] INFO  com.rs.mv.mvvs.client.catalog.from.config.MappingConfigReader - [client:400207]parse mapping config information
2024-12-09 16:37:20.553 [pool-3-thread-1] INFO  com.rs.mv.mvvs.client.catalog.manager.U2CatalogManager - [client:400202]start a schedule task to get global/local catalog for is-core-module, its period 5s 
2024-12-09 16:37:20.554 [pool-3-thread-1] INFO  com.rs.mv.mvvs.client.catalog.manager.U2CatalogManager - [client:400203]cache file auto update thread launch in isexe account
2024-12-09 16:37:20.555 [pool-3-thread-1] INFO  com.rs.mv.mvvs.client.catalog.from.config.DirsConfigReader - [client:400206]parse dir config information
2024-12-09 16:37:20.555 [pool-3-thread-1] INFO  com.rs.mv.mvvs.client.catalog.from.config.MappingConfigReader - [client:400207]parse mapping config information
2024-12-09 16:37:20.556 [pool-3-thread-1] INFO  com.rs.mv.mvvs.client.catalog.manager.U2CatalogManager - [client:400202]start a schedule task to get global/local catalog for isexe, its period 5s 
2024-12-09 16:37:20.557 [pool-3-thread-1] INFO  com.rs.mv.mvvs.client.catalog.manager.U2CatalogManager - [client:400203]cache file auto update thread launch in jackspeak account
2024-12-09 16:37:20.557 [pool-3-thread-1] INFO  com.rs.mv.mvvs.client.catalog.from.config.DirsConfigReader - [client:400206]parse dir config information
2024-12-09 16:37:20.558 [pool-3-thread-1] INFO  com.rs.mv.mvvs.client.catalog.from.config.MappingConfigReader - [client:400207]parse mapping config information
2024-12-09 16:37:20.559 [pool-3-thread-1] INFO  com.rs.mv.mvvs.client.catalog.manager.U2CatalogManager - [client:400202]start a schedule task to get global/local catalog for jackspeak, its period 5s 
2024-12-09 16:37:20.560 [pool-3-thread-1] INFO  com.rs.mv.mvvs.client.catalog.manager.U2CatalogManager - [client:400203]cache file auto update thread launch in dist account
2024-12-09 16:37:20.560 [pool-3-thread-1] INFO  com.rs.mv.mvvs.client.catalog.from.config.DirsConfigReader - [client:400206]parse dir config information
2024-12-09 16:37:20.561 [pool-3-thread-1] INFO  com.rs.mv.mvvs.client.catalog.from.config.MappingConfigReader - [client:400207]parse mapping config information
2024-12-09 16:37:20.561 [pool-3-thread-1] INFO  com.rs.mv.mvvs.client.catalog.manager.U2CatalogManager - [client:400202]start a schedule task to get global/local catalog for dist, its period 5s 
2024-12-09 16:37:20.562 [pool-3-thread-1] INFO  com.rs.mv.mvvs.client.catalog.manager.U2CatalogManager - [client:400203]cache file auto update thread launch in jiti account
2024-12-09 16:37:20.563 [pool-3-thread-1] INFO  com.rs.mv.mvvs.client.catalog.from.config.DirsConfigReader - [client:400206]parse dir config information
2024-12-09 16:37:20.563 [pool-3-thread-1] INFO  com.rs.mv.mvvs.client.catalog.from.config.MappingConfigReader - [client:400207]parse mapping config information
2024-12-09 16:37:20.565 [pool-3-thread-1] INFO  com.rs.mv.mvvs.client.catalog.manager.U2CatalogManager - [client:400202]start a schedule task to get global/local catalog for jiti, its period 5s 
2024-12-09 16:37:20.565 [pool-3-thread-1] INFO  com.rs.mv.mvvs.client.catalog.manager.U2CatalogManager - [client:400203]cache file auto update thread launch in dist account
2024-12-09 16:37:20.566 [pool-3-thread-1] INFO  com.rs.mv.mvvs.client.catalog.from.config.DirsConfigReader - [client:400206]parse dir config information
2024-12-09 16:37:20.568 [pool-3-thread-1] INFO  com.rs.mv.mvvs.client.catalog.from.config.MappingConfigReader - [client:400207]parse mapping config information
2024-12-09 16:37:20.570 [pool-3-thread-1] INFO  com.rs.mv.mvvs.client.catalog.manager.U2CatalogManager - [client:400202]start a schedule task to get global/local catalog for dist, its period 5s 
2024-12-09 16:37:20.571 [pool-3-thread-1] INFO  com.rs.mv.mvvs.client.catalog.manager.U2CatalogManager - [client:400203]cache file auto update thread launch in lilconfig account
2024-12-09 16:37:20.571 [pool-3-thread-1] INFO  com.rs.mv.mvvs.client.catalog.from.config.DirsConfigReader - [client:400206]parse dir config information
2024-12-09 16:37:20.572 [pool-3-thread-1] INFO  com.rs.mv.mvvs.client.catalog.from.config.MappingConfigReader - [client:400207]parse mapping config information
2024-12-09 16:37:20.573 [pool-3-thread-1] INFO  com.rs.mv.mvvs.client.catalog.manager.U2CatalogManager - [client:400202]start a schedule task to get global/local catalog for lilconfig, its period 5s 
2024-12-09 16:37:20.574 [pool-3-thread-1] INFO  com.rs.mv.mvvs.client.catalog.manager.U2CatalogManager - [client:400203]cache file auto update thread launch in lines-and-columns account
2024-12-09 16:37:20.574 [pool-3-thread-1] INFO  com.rs.mv.mvvs.client.catalog.from.config.DirsConfigReader - [client:400206]parse dir config information
2024-12-09 16:37:20.575 [pool-3-thread-1] INFO  com.rs.mv.mvvs.client.catalog.from.config.MappingConfigReader - [client:400207]parse mapping config information
2024-12-09 16:37:20.575 [pool-3-thread-1] INFO  com.rs.mv.mvvs.client.catalog.manager.U2CatalogManager - [client:400202]start a schedule task to get global/local catalog for lines-and-columns, its period 5s 
2024-12-09 16:37:20.576 [pool-3-thread-1] INFO  com.rs.mv.mvvs.client.catalog.manager.U2CatalogManager - [client:400203]cache file auto update thread launch in lru-cache account
2024-12-09 16:37:20.577 [pool-3-thread-1] INFO  com.rs.mv.mvvs.client.catalog.from.config.DirsConfigReader - [client:400206]parse dir config information
2024-12-09 16:37:20.577 [pool-3-thread-1] INFO  com.rs.mv.mvvs.client.catalog.from.config.MappingConfigReader - [client:400207]parse mapping config information
2024-12-09 16:37:20.578 [pool-3-thread-1] INFO  com.rs.mv.mvvs.client.catalog.manager.U2CatalogManager - [client:400202]start a schedule task to get global/local catalog for lru-cache, its period 5s 
2024-12-09 16:37:20.579 [pool-3-thread-1] INFO  com.rs.mv.mvvs.client.catalog.manager.U2CatalogManager - [client:400203]cache file auto update thread launch in dist account
2024-12-09 16:37:20.580 [pool-3-thread-1] INFO  com.rs.mv.mvvs.client.catalog.from.config.DirsConfigReader - [client:400206]parse dir config information
2024-12-09 16:37:20.580 [pool-3-thread-1] INFO  com.rs.mv.mvvs.client.catalog.from.config.MappingConfigReader - [client:400207]parse mapping config information
2024-12-09 16:37:20.581 [pool-3-thread-1] INFO  com.rs.mv.mvvs.client.catalog.manager.U2CatalogManager - [client:400202]start a schedule task to get global/local catalog for dist, its period 5s 
2024-12-09 16:37:20.582 [pool-3-thread-1] INFO  com.rs.mv.mvvs.client.catalog.manager.U2CatalogManager - [client:400203]cache file auto update thread launch in minimatch account
2024-12-09 16:37:20.583 [pool-3-thread-1] INFO  com.rs.mv.mvvs.client.catalog.from.config.DirsConfigReader - [client:400206]parse dir config information
2024-12-09 16:37:20.583 [pool-3-thread-1] INFO  com.rs.mv.mvvs.client.catalog.from.config.MappingConfigReader - [client:400207]parse mapping config information
2024-12-09 16:37:20.584 [pool-3-thread-1] INFO  com.rs.mv.mvvs.client.catalog.manager.U2CatalogManager - [client:400202]start a schedule task to get global/local catalog for minimatch, its period 5s 
2024-12-09 16:37:20.585 [pool-3-thread-1] INFO  com.rs.mv.mvvs.client.catalog.manager.U2CatalogManager - [client:400203]cache file auto update thread launch in dist account
2024-12-09 16:37:20.585 [pool-3-thread-1] INFO  com.rs.mv.mvvs.client.catalog.from.config.DirsConfigReader - [client:400206]parse dir config information
2024-12-09 16:37:20.586 [pool-3-thread-1] INFO  com.rs.mv.mvvs.client.catalog.from.config.MappingConfigReader - [client:400207]parse mapping config information
2024-12-09 16:37:20.587 [pool-3-thread-1] INFO  com.rs.mv.mvvs.client.catalog.manager.U2CatalogManager - [client:400202]start a schedule task to get global/local catalog for dist, its period 5s 
2024-12-09 16:37:20.588 [pool-3-thread-1] INFO  com.rs.mv.mvvs.client.catalog.manager.U2CatalogManager - [client:400203]cache file auto update thread launch in minipass account
2024-12-09 16:37:20.596 [pool-3-thread-1] INFO  com.rs.mv.mvvs.client.catalog.from.config.DirsConfigReader - [client:400206]parse dir config information
2024-12-09 16:37:20.597 [pool-3-thread-1] INFO  com.rs.mv.mvvs.client.catalog.from.config.MappingConfigReader - [client:400207]parse mapping config information
2024-12-09 16:37:20.598 [pool-3-thread-1] INFO  com.rs.mv.mvvs.client.catalog.manager.U2CatalogManager - [client:400202]start a schedule task to get global/local catalog for minipass, its period 5s 
2024-12-09 16:37:20.599 [pool-3-thread-1] INFO  com.rs.mv.mvvs.client.catalog.manager.U2CatalogManager - [client:400203]cache file auto update thread launch in dist account
2024-12-09 16:37:20.599 [pool-3-thread-1] INFO  com.rs.mv.mvvs.client.catalog.from.config.DirsConfigReader - [client:400206]parse dir config information
2024-12-09 16:37:20.600 [pool-3-thread-1] INFO  com.rs.mv.mvvs.client.catalog.from.config.MappingConfigReader - [client:400207]parse mapping config information
2024-12-09 16:37:20.601 [pool-3-thread-1] INFO  com.rs.mv.mvvs.client.catalog.manager.U2CatalogManager - [client:400202]start a schedule task to get global/local catalog for dist, its period 5s 
2024-12-09 16:37:20.602 [pool-3-thread-1] INFO  com.rs.mv.mvvs.client.catalog.manager.U2CatalogManager - [client:400203]cache file auto update thread launch in nanoid account
2024-12-09 16:37:20.602 [pool-3-thread-1] INFO  com.rs.mv.mvvs.client.catalog.from.config.DirsConfigReader - [client:400206]parse dir config information
2024-12-09 16:37:20.610 [pool-3-thread-1] INFO  com.rs.mv.mvvs.client.catalog.from.config.MappingConfigReader - [client:400207]parse mapping config information
2024-12-09 16:37:20.611 [pool-3-thread-1] INFO  com.rs.mv.mvvs.client.catalog.manager.U2CatalogManager - [client:400202]start a schedule task to get global/local catalog for nanoid, its period 5s 
2024-12-09 16:37:20.612 [pool-3-thread-1] INFO  com.rs.mv.mvvs.client.catalog.manager.U2CatalogManager - [client:400203]cache file auto update thread launch in object-hash account
2024-12-09 16:37:20.613 [pool-3-thread-1] INFO  com.rs.mv.mvvs.client.catalog.from.config.DirsConfigReader - [client:400206]parse dir config information
2024-12-09 16:37:20.614 [pool-3-thread-1] INFO  com.rs.mv.mvvs.client.catalog.from.config.MappingConfigReader - [client:400207]parse mapping config information
2024-12-09 16:37:20.615 [pool-3-thread-1] INFO  com.rs.mv.mvvs.client.catalog.manager.U2CatalogManager - [client:400202]start a schedule task to get global/local catalog for object-hash, its period 5s 
2024-12-09 16:37:20.616 [pool-3-thread-1] INFO  com.rs.mv.mvvs.client.catalog.manager.U2CatalogManager - [client:400203]cache file auto update thread launch in package-json-from-dist account
2024-12-09 16:37:20.617 [pool-3-thread-1] INFO  com.rs.mv.mvvs.client.catalog.from.config.DirsConfigReader - [client:400206]parse dir config information
2024-12-09 16:37:20.617 [pool-3-thread-1] INFO  com.rs.mv.mvvs.client.catalog.from.config.MappingConfigReader - [client:400207]parse mapping config information
2024-12-09 16:37:20.618 [pool-3-thread-1] INFO  com.rs.mv.mvvs.client.catalog.manager.U2CatalogManager - [client:400202]start a schedule task to get global/local catalog for package-json-from-dist, its period 5s 
2024-12-09 16:37:20.624 [pool-3-thread-1] INFO  com.rs.mv.mvvs.client.catalog.manager.U2CatalogManager - [client:400203]cache file auto update thread launch in dist account
2024-12-09 16:37:20.625 [pool-3-thread-1] INFO  com.rs.mv.mvvs.client.catalog.from.config.DirsConfigReader - [client:400206]parse dir config information
2024-12-09 16:37:20.625 [pool-3-thread-1] INFO  com.rs.mv.mvvs.client.catalog.from.config.MappingConfigReader - [client:400207]parse mapping config information
2024-12-09 16:37:20.627 [pool-3-thread-1] INFO  com.rs.mv.mvvs.client.catalog.manager.U2CatalogManager - [client:400202]start a schedule task to get global/local catalog for dist, its period 5s 
2024-12-09 16:37:20.628 [pool-3-thread-1] INFO  com.rs.mv.mvvs.client.catalog.manager.U2CatalogManager - [client:400203]cache file auto update thread launch in path-scurry account
2024-12-09 16:37:20.629 [pool-3-thread-1] INFO  com.rs.mv.mvvs.client.catalog.from.config.DirsConfigReader - [client:400206]parse dir config information
2024-12-09 16:37:20.630 [pool-3-thread-1] INFO  com.rs.mv.mvvs.client.catalog.from.config.MappingConfigReader - [client:400207]parse mapping config information
2024-12-09 16:37:20.631 [pool-3-thread-1] INFO  com.rs.mv.mvvs.client.catalog.manager.U2CatalogManager - [client:400202]start a schedule task to get global/local catalog for path-scurry, its period 5s 
2024-12-09 16:37:20.632 [pool-3-thread-1] INFO  com.rs.mv.mvvs.client.catalog.manager.U2CatalogManager - [client:400203]cache file auto update thread launch in dist account
2024-12-09 16:37:20.632 [pool-3-thread-1] INFO  com.rs.mv.mvvs.client.catalog.from.config.DirsConfigReader - [client:400206]parse dir config information
2024-12-09 16:37:20.633 [pool-3-thread-1] INFO  com.rs.mv.mvvs.client.catalog.from.config.MappingConfigReader - [client:400207]parse mapping config information
2024-12-09 16:37:20.634 [pool-3-thread-1] INFO  com.rs.mv.mvvs.client.catalog.manager.U2CatalogManager - [client:400202]start a schedule task to get global/local catalog for dist, its period 5s 
2024-12-09 16:37:20.635 [pool-3-thread-1] INFO  com.rs.mv.mvvs.client.catalog.manager.U2CatalogManager - [client:400203]cache file auto update thread launch in picomatch account
2024-12-09 16:37:20.635 [pool-3-thread-1] INFO  com.rs.mv.mvvs.client.catalog.from.config.DirsConfigReader - [client:400206]parse dir config information
2024-12-09 16:37:20.636 [pool-3-thread-1] INFO  com.rs.mv.mvvs.client.catalog.from.config.MappingConfigReader - [client:400207]parse mapping config information
2024-12-09 16:37:20.636 [pool-3-thread-1] INFO  com.rs.mv.mvvs.client.catalog.manager.U2CatalogManager - [client:400202]start a schedule task to get global/local catalog for picomatch, its period 5s 
2024-12-09 16:37:20.638 [pool-3-thread-1] INFO  com.rs.mv.mvvs.client.catalog.manager.U2CatalogManager - [client:400203]cache file auto update thread launch in pirates account
2024-12-09 16:37:20.638 [pool-3-thread-1] INFO  com.rs.mv.mvvs.client.catalog.from.config.DirsConfigReader - [client:400206]parse dir config information
2024-12-09 16:37:20.639 [pool-3-thread-1] INFO  com.rs.mv.mvvs.client.catalog.from.config.MappingConfigReader - [client:400207]parse mapping config information
2024-12-09 16:37:20.642 [pool-3-thread-1] INFO  com.rs.mv.mvvs.client.catalog.manager.U2CatalogManager - [client:400202]start a schedule task to get global/local catalog for pirates, its period 5s 
2024-12-09 16:37:20.649 [pool-3-thread-1] INFO  com.rs.mv.mvvs.client.catalog.manager.U2CatalogManager - [client:400203]cache file auto update thread launch in postcss account
2024-12-09 16:37:20.650 [pool-3-thread-1] INFO  com.rs.mv.mvvs.client.catalog.from.config.DirsConfigReader - [client:400206]parse dir config information
2024-12-09 16:37:20.656 [pool-3-thread-1] INFO  com.rs.mv.mvvs.client.catalog.from.config.MappingConfigReader - [client:400207]parse mapping config information
2024-12-09 16:37:20.657 [pool-3-thread-1] INFO  com.rs.mv.mvvs.client.catalog.manager.U2CatalogManager - [client:400202]start a schedule task to get global/local catalog for postcss, its period 5s 
2024-12-09 16:37:20.658 [pool-3-thread-1] INFO  com.rs.mv.mvvs.client.catalog.manager.U2CatalogManager - [client:400203]cache file auto update thread launch in postcss-import account
2024-12-09 16:37:20.658 [pool-3-thread-1] INFO  com.rs.mv.mvvs.client.catalog.from.config.DirsConfigReader - [client:400206]parse dir config information
2024-12-09 16:37:20.660 [pool-3-thread-1] INFO  com.rs.mv.mvvs.client.catalog.from.config.MappingConfigReader - [client:400207]parse mapping config information
2024-12-09 16:37:20.661 [pool-3-thread-1] INFO  com.rs.mv.mvvs.client.catalog.manager.U2CatalogManager - [client:400202]start a schedule task to get global/local catalog for postcss-import, its period 5s 
2024-12-09 16:37:20.662 [pool-3-thread-1] INFO  com.rs.mv.mvvs.client.catalog.manager.U2CatalogManager - [client:400203]cache file auto update thread launch in postcss-load-config account
2024-12-09 16:37:20.662 [pool-3-thread-1] INFO  com.rs.mv.mvvs.client.catalog.from.config.DirsConfigReader - [client:400206]parse dir config information
2024-12-09 16:37:20.663 [pool-3-thread-1] INFO  com.rs.mv.mvvs.client.catalog.from.config.MappingConfigReader - [client:400207]parse mapping config information
2024-12-09 16:37:20.664 [pool-3-thread-1] INFO  com.rs.mv.mvvs.client.catalog.manager.U2CatalogManager - [client:400202]start a schedule task to get global/local catalog for postcss-load-config, its period 5s 
2024-12-09 16:37:20.665 [pool-3-thread-1] INFO  com.rs.mv.mvvs.client.catalog.manager.U2CatalogManager - [client:400203]cache file auto update thread launch in node_modules account
2024-12-09 16:37:20.666 [pool-3-thread-1] INFO  com.rs.mv.mvvs.client.catalog.from.config.DirsConfigReader - [client:400206]parse dir config information
2024-12-09 16:37:20.667 [pool-3-thread-1] INFO  com.rs.mv.mvvs.client.catalog.from.config.MappingConfigReader - [client:400207]parse mapping config information
2024-12-09 16:37:20.668 [pool-3-thread-1] INFO  com.rs.mv.mvvs.client.catalog.manager.U2CatalogManager - [client:400202]start a schedule task to get global/local catalog for node_modules, its period 5s 
2024-12-09 16:37:20.669 [pool-3-thread-1] INFO  com.rs.mv.mvvs.client.catalog.manager.U2CatalogManager - [client:400203]cache file auto update thread launch in lilconfig account
2024-12-09 16:37:20.669 [pool-3-thread-1] INFO  com.rs.mv.mvvs.client.catalog.from.config.DirsConfigReader - [client:400206]parse dir config information
2024-12-09 16:37:20.672 [pool-3-thread-1] INFO  com.rs.mv.mvvs.client.catalog.from.config.MappingConfigReader - [client:400207]parse mapping config information
2024-12-09 16:37:20.672 [pool-3-thread-1] INFO  com.rs.mv.mvvs.client.catalog.manager.U2CatalogManager - [client:400202]start a schedule task to get global/local catalog for lilconfig, its period 5s 
2024-12-09 16:37:20.673 [pool-3-thread-1] INFO  com.rs.mv.mvvs.client.catalog.manager.U2CatalogManager - [client:400203]cache file auto update thread launch in postcss-selector-parser account
2024-12-09 16:37:20.674 [pool-3-thread-1] INFO  com.rs.mv.mvvs.client.catalog.from.config.DirsConfigReader - [client:400206]parse dir config information
2024-12-09 16:37:20.674 [pool-3-thread-1] INFO  com.rs.mv.mvvs.client.catalog.from.config.MappingConfigReader - [client:400207]parse mapping config information
2024-12-09 16:37:20.675 [pool-3-thread-1] INFO  com.rs.mv.mvvs.client.catalog.manager.U2CatalogManager - [client:400202]start a schedule task to get global/local catalog for postcss-selector-parser, its period 5s 
2024-12-09 16:37:20.676 [pool-3-thread-1] INFO  com.rs.mv.mvvs.client.catalog.manager.U2CatalogManager - [client:400203]cache file auto update thread launch in dist account
2024-12-09 16:37:20.676 [pool-3-thread-1] INFO  com.rs.mv.mvvs.client.catalog.from.config.DirsConfigReader - [client:400206]parse dir config information
2024-12-09 16:37:20.677 [pool-3-thread-1] INFO  com.rs.mv.mvvs.client.catalog.from.config.MappingConfigReader - [client:400207]parse mapping config information
2024-12-09 16:37:20.677 [pool-3-thread-1] INFO  com.rs.mv.mvvs.client.catalog.manager.U2CatalogManager - [client:400202]start a schedule task to get global/local catalog for dist, its period 5s 
2024-12-09 16:37:20.678 [pool-3-thread-1] INFO  com.rs.mv.mvvs.client.catalog.manager.U2CatalogManager - [client:400203]cache file auto update thread launch in postcss-value-parser account
2024-12-09 16:37:20.679 [pool-3-thread-1] INFO  com.rs.mv.mvvs.client.catalog.from.config.DirsConfigReader - [client:400206]parse dir config information
2024-12-09 16:37:20.679 [pool-3-thread-1] INFO  com.rs.mv.mvvs.client.catalog.from.config.MappingConfigReader - [client:400207]parse mapping config information
2024-12-09 16:37:20.682 [pool-3-thread-1] INFO  com.rs.mv.mvvs.client.catalog.manager.U2CatalogManager - [client:400202]start a schedule task to get global/local catalog for postcss-value-parser, its period 5s 
2024-12-09 16:37:20.683 [pool-3-thread-1] INFO  com.rs.mv.mvvs.client.catalog.manager.U2CatalogManager - [client:400203]cache file auto update thread launch in resolve account
2024-12-09 16:37:20.685 [pool-3-thread-1] INFO  com.rs.mv.mvvs.client.catalog.from.config.DirsConfigReader - [client:400206]parse dir config information
2024-12-09 16:37:20.685 [pool-3-thread-1] INFO  com.rs.mv.mvvs.client.catalog.from.config.MappingConfigReader - [client:400207]parse mapping config information
2024-12-09 16:37:20.686 [pool-3-thread-1] INFO  com.rs.mv.mvvs.client.catalog.manager.U2CatalogManager - [client:400202]start a schedule task to get global/local catalog for resolve, its period 5s 
2024-12-09 16:37:20.687 [pool-3-thread-1] INFO  com.rs.mv.mvvs.client.catalog.manager.U2CatalogManager - [client:400203]cache file auto update thread launch in test account
2024-12-09 16:37:20.687 [pool-3-thread-1] INFO  com.rs.mv.mvvs.client.catalog.from.config.DirsConfigReader - [client:400206]parse dir config information
2024-12-09 16:37:20.688 [pool-3-thread-1] INFO  com.rs.mv.mvvs.client.catalog.from.config.MappingConfigReader - [client:400207]parse mapping config information
2024-12-09 16:37:20.688 [pool-3-thread-1] INFO  com.rs.mv.mvvs.client.catalog.manager.U2CatalogManager - [client:400202]start a schedule task to get global/local catalog for test, its period 5s 
2024-12-09 16:37:20.689 [pool-3-thread-1] INFO  com.rs.mv.mvvs.client.catalog.manager.U2CatalogManager - [client:400203]cache file auto update thread launch in dotdot account
2024-12-09 16:37:20.690 [pool-3-thread-1] INFO  com.rs.mv.mvvs.client.catalog.from.config.DirsConfigReader - [client:400206]parse dir config information
2024-12-09 16:37:20.691 [pool-3-thread-1] INFO  com.rs.mv.mvvs.client.catalog.from.config.MappingConfigReader - [client:400207]parse mapping config information
2024-12-09 16:37:20.692 [pool-3-thread-1] INFO  com.rs.mv.mvvs.client.catalog.manager.U2CatalogManager - [client:400202]start a schedule task to get global/local catalog for dotdot, its period 5s 
2024-12-09 16:37:20.693 [pool-3-thread-1] INFO  com.rs.mv.mvvs.client.catalog.manager.U2CatalogManager - [client:400203]cache file auto update thread launch in module_dir account
2024-12-09 16:37:20.693 [pool-3-thread-1] INFO  com.rs.mv.mvvs.client.catalog.from.config.DirsConfigReader - [client:400206]parse dir config information
2024-12-09 16:37:20.694 [pool-3-thread-1] INFO  com.rs.mv.mvvs.client.catalog.from.config.MappingConfigReader - [client:400207]parse mapping config information
2024-12-09 16:37:20.696 [pool-3-thread-1] INFO  com.rs.mv.mvvs.client.catalog.manager.U2CatalogManager - [client:400202]start a schedule task to get global/local catalog for module_dir, its period 5s 
2024-12-09 16:37:20.700 [pool-3-thread-1] INFO  com.rs.mv.mvvs.client.catalog.manager.U2CatalogManager - [client:400203]cache file auto update thread launch in xmodules account
2024-12-09 16:37:20.700 [pool-3-thread-1] INFO  com.rs.mv.mvvs.client.catalog.from.config.DirsConfigReader - [client:400206]parse dir config information
2024-12-09 16:37:20.701 [pool-3-thread-1] INFO  com.rs.mv.mvvs.client.catalog.from.config.MappingConfigReader - [client:400207]parse mapping config information
2024-12-09 16:37:20.701 [pool-3-thread-1] INFO  com.rs.mv.mvvs.client.catalog.manager.U2CatalogManager - [client:400202]start a schedule task to get global/local catalog for xmodules, its period 5s 
2024-12-09 16:37:20.702 [pool-3-thread-1] INFO  com.rs.mv.mvvs.client.catalog.manager.U2CatalogManager - [client:400203]cache file auto update thread launch in ymodules account
2024-12-09 16:37:20.723 [pool-3-thread-1] INFO  com.rs.mv.mvvs.client.catalog.from.config.DirsConfigReader - [client:400206]parse dir config information
2024-12-09 16:37:20.735 [pool-3-thread-1] INFO  com.rs.mv.mvvs.client.catalog.from.config.MappingConfigReader - [client:400207]parse mapping config information
2024-12-09 16:37:20.737 [pool-3-thread-1] INFO  com.rs.mv.mvvs.client.catalog.manager.U2CatalogManager - [client:400202]start a schedule task to get global/local catalog for ymodules, its period 5s 
2024-12-09 16:37:20.738 [pool-3-thread-1] INFO  com.rs.mv.mvvs.client.catalog.manager.U2CatalogManager - [client:400203]cache file auto update thread launch in zmodules account
2024-12-09 16:37:20.738 [pool-3-thread-1] INFO  com.rs.mv.mvvs.client.catalog.from.config.DirsConfigReader - [client:400206]parse dir config information
2024-12-09 16:37:20.741 [pool-3-thread-1] INFO  com.rs.mv.mvvs.client.catalog.from.config.MappingConfigReader - [client:400207]parse mapping config information
2024-12-09 16:37:20.744 [pool-3-thread-1] INFO  com.rs.mv.mvvs.client.catalog.manager.U2CatalogManager - [client:400202]start a schedule task to get global/local catalog for zmodules, its period 5s 
2024-12-09 16:37:20.748 [pool-3-thread-1] INFO  com.rs.mv.mvvs.client.catalog.manager.U2CatalogManager - [client:400203]cache file auto update thread launch in node_path account
2024-12-09 16:37:20.749 [pool-3-thread-1] INFO  com.rs.mv.mvvs.client.catalog.from.config.DirsConfigReader - [client:400206]parse dir config information
2024-12-09 16:37:20.749 [pool-3-thread-1] INFO  com.rs.mv.mvvs.client.catalog.from.config.MappingConfigReader - [client:400207]parse mapping config information
2024-12-09 16:37:20.750 [pool-3-thread-1] INFO  com.rs.mv.mvvs.client.catalog.manager.U2CatalogManager - [client:400202]start a schedule task to get global/local catalog for node_path, its period 5s 
2024-12-09 16:37:20.757 [pool-3-thread-1] INFO  com.rs.mv.mvvs.client.catalog.manager.U2CatalogManager - [client:400203]cache file auto update thread launch in x account
2024-12-09 16:37:20.757 [pool-3-thread-1] INFO  com.rs.mv.mvvs.client.catalog.from.config.DirsConfigReader - [client:400206]parse dir config information
2024-12-09 16:37:20.758 [pool-3-thread-1] INFO  com.rs.mv.mvvs.client.catalog.from.config.MappingConfigReader - [client:400207]parse mapping config information
2024-12-09 16:37:20.758 [pool-3-thread-1] INFO  com.rs.mv.mvvs.client.catalog.manager.U2CatalogManager - [client:400202]start a schedule task to get global/local catalog for x, its period 5s 
2024-12-09 16:37:20.759 [pool-3-thread-1] INFO  com.rs.mv.mvvs.client.catalog.manager.U2CatalogManager - [client:400203]cache file auto update thread launch in y account
2024-12-09 16:37:20.760 [pool-3-thread-1] INFO  com.rs.mv.mvvs.client.catalog.from.config.DirsConfigReader - [client:400206]parse dir config information
2024-12-09 16:37:20.760 [pool-3-thread-1] INFO  com.rs.mv.mvvs.client.catalog.from.config.MappingConfigReader - [client:400207]parse mapping config information
2024-12-09 16:37:20.761 [pool-3-thread-1] INFO  com.rs.mv.mvvs.client.catalog.manager.U2CatalogManager - [client:400202]start a schedule task to get global/local catalog for y, its period 5s 
2024-12-09 16:37:20.761 [pool-3-thread-1] INFO  com.rs.mv.mvvs.client.catalog.manager.U2CatalogManager - [client:400203]cache file auto update thread launch in pathfilter account
2024-12-09 16:37:20.762 [pool-3-thread-1] INFO  com.rs.mv.mvvs.client.catalog.from.config.DirsConfigReader - [client:400206]parse dir config information
2024-12-09 16:37:20.762 [pool-3-thread-1] INFO  com.rs.mv.mvvs.client.catalog.from.config.MappingConfigReader - [client:400207]parse mapping config information
2024-12-09 16:37:20.767 [pool-3-thread-1] INFO  com.rs.mv.mvvs.client.catalog.manager.U2CatalogManager - [client:400202]start a schedule task to get global/local catalog for pathfilter, its period 5s 
2024-12-09 16:37:20.767 [pool-3-thread-1] INFO  com.rs.mv.mvvs.client.catalog.manager.U2CatalogManager - [client:400203]cache file auto update thread launch in precedence account
2024-12-09 16:37:20.768 [pool-3-thread-1] INFO  com.rs.mv.mvvs.client.catalog.from.config.DirsConfigReader - [client:400206]parse dir config information
2024-12-09 16:37:20.768 [pool-3-thread-1] INFO  com.rs.mv.mvvs.client.catalog.from.config.MappingConfigReader - [client:400207]parse mapping config information
2024-12-09 16:37:20.769 [pool-3-thread-1] INFO  com.rs.mv.mvvs.client.catalog.manager.U2CatalogManager - [client:400202]start a schedule task to get global/local catalog for precedence, its period 5s 
2024-12-09 16:37:20.771 [pool-3-thread-1] INFO  com.rs.mv.mvvs.client.catalog.manager.U2CatalogManager - [client:400203]cache file auto update thread launch in resolver account
2024-12-09 16:37:20.771 [pool-3-thread-1] INFO  com.rs.mv.mvvs.client.catalog.from.config.DirsConfigReader - [client:400206]parse dir config information
2024-12-09 16:37:20.772 [pool-3-thread-1] INFO  com.rs.mv.mvvs.client.catalog.from.config.MappingConfigReader - [client:400207]parse mapping config information
2024-12-09 16:37:20.773 [pool-3-thread-1] INFO  com.rs.mv.mvvs.client.catalog.manager.U2CatalogManager - [client:400202]start a schedule task to get global/local catalog for resolver, its period 5s 
2024-12-09 16:37:20.773 [pool-3-thread-1] INFO  com.rs.mv.mvvs.client.catalog.manager.U2CatalogManager - [client:400203]cache file auto update thread launch in multirepo account
2024-12-09 16:37:20.774 [pool-3-thread-1] INFO  com.rs.mv.mvvs.client.catalog.from.config.DirsConfigReader - [client:400206]parse dir config information
2024-12-09 16:37:20.774 [pool-3-thread-1] INFO  com.rs.mv.mvvs.client.catalog.from.config.MappingConfigReader - [client:400207]parse mapping config information
2024-12-09 16:37:20.775 [pool-3-thread-1] INFO  com.rs.mv.mvvs.client.catalog.manager.U2CatalogManager - [client:400202]start a schedule task to get global/local catalog for multirepo, its period 5s 
2024-12-09 16:37:20.775 [pool-3-thread-1] INFO  com.rs.mv.mvvs.client.catalog.manager.U2CatalogManager - [client:400203]cache file auto update thread launch in packages account
2024-12-09 16:37:20.776 [pool-3-thread-1] INFO  com.rs.mv.mvvs.client.catalog.from.config.DirsConfigReader - [client:400206]parse dir config information
2024-12-09 16:37:20.776 [pool-3-thread-1] INFO  com.rs.mv.mvvs.client.catalog.from.config.MappingConfigReader - [client:400207]parse mapping config information
2024-12-09 16:37:20.777 [pool-3-thread-1] INFO  com.rs.mv.mvvs.client.catalog.manager.U2CatalogManager - [client:400202]start a schedule task to get global/local catalog for packages, its period 5s 
2024-12-09 16:37:20.777 [pool-3-thread-1] INFO  com.rs.mv.mvvs.client.catalog.manager.U2CatalogManager - [client:400203]cache file auto update thread launch in nested_symlinks account
2024-12-09 16:37:20.778 [pool-3-thread-1] INFO  com.rs.mv.mvvs.client.catalog.from.config.DirsConfigReader - [client:400206]parse dir config information
2024-12-09 16:37:20.778 [pool-3-thread-1] INFO  com.rs.mv.mvvs.client.catalog.from.config.MappingConfigReader - [client:400207]parse mapping config information
2024-12-09 16:37:20.780 [pool-3-thread-1] INFO  com.rs.mv.mvvs.client.catalog.manager.U2CatalogManager - [client:400202]start a schedule task to get global/local catalog for nested_symlinks, its period 5s 
2024-12-09 16:37:20.782 [pool-3-thread-1] INFO  com.rs.mv.mvvs.client.catalog.manager.U2CatalogManager - [client:400203]cache file auto update thread launch in other_path account
2024-12-09 16:37:20.783 [pool-3-thread-1] INFO  com.rs.mv.mvvs.client.catalog.from.config.DirsConfigReader - [client:400206]parse dir config information
2024-12-09 16:37:20.784 [pool-3-thread-1] INFO  com.rs.mv.mvvs.client.catalog.from.config.MappingConfigReader - [client:400207]parse mapping config information
2024-12-09 16:37:20.784 [pool-3-thread-1] INFO  com.rs.mv.mvvs.client.catalog.manager.U2CatalogManager - [client:400202]start a schedule task to get global/local catalog for other_path, its period 5s 
2024-12-09 16:37:20.785 [pool-3-thread-1] INFO  com.rs.mv.mvvs.client.catalog.manager.U2CatalogManager - [client:400203]cache file auto update thread launch in quux account
2024-12-09 16:37:20.785 [pool-3-thread-1] INFO  com.rs.mv.mvvs.client.catalog.from.config.DirsConfigReader - [client:400206]parse dir config information
2024-12-09 16:37:20.786 [pool-3-thread-1] INFO  com.rs.mv.mvvs.client.catalog.from.config.MappingConfigReader - [client:400207]parse mapping config information
2024-12-09 16:37:20.786 [pool-3-thread-1] INFO  com.rs.mv.mvvs.client.catalog.manager.U2CatalogManager - [client:400202]start a schedule task to get global/local catalog for quux, its period 5s 
2024-12-09 16:37:20.787 [pool-3-thread-1] INFO  com.rs.mv.mvvs.client.catalog.manager.U2CatalogManager - [client:400203]cache file auto update thread launch in same_names account
2024-12-09 16:37:20.787 [pool-3-thread-1] INFO  com.rs.mv.mvvs.client.catalog.from.config.DirsConfigReader - [client:400206]parse dir config information
2024-12-09 16:37:20.788 [pool-3-thread-1] INFO  com.rs.mv.mvvs.client.catalog.from.config.MappingConfigReader - [client:400207]parse mapping config information
2024-12-09 16:37:20.788 [pool-3-thread-1] INFO  com.rs.mv.mvvs.client.catalog.manager.U2CatalogManager - [client:400202]start a schedule task to get global/local catalog for same_names, its period 5s 
2024-12-09 16:37:20.793 [pool-3-thread-1] INFO  com.rs.mv.mvvs.client.catalog.manager.U2CatalogManager - [client:400203]cache file auto update thread launch in symlinked account
2024-12-09 16:37:20.794 [pool-3-thread-1] INFO  com.rs.mv.mvvs.client.catalog.from.config.DirsConfigReader - [client:400206]parse dir config information
2024-12-09 16:37:20.794 [pool-3-thread-1] INFO  com.rs.mv.mvvs.client.catalog.from.config.MappingConfigReader - [client:400207]parse mapping config information
2024-12-09 16:37:20.796 [pool-3-thread-1] INFO  com.rs.mv.mvvs.client.catalog.manager.U2CatalogManager - [client:400202]start a schedule task to get global/local catalog for symlinked, its period 5s 
2024-12-09 16:37:20.799 [pool-3-thread-1] INFO  com.rs.mv.mvvs.client.catalog.manager.U2CatalogManager - [client:400203]cache file auto update thread launch in _ account
2024-12-09 16:37:20.799 [pool-3-thread-1] INFO  com.rs.mv.mvvs.client.catalog.from.config.DirsConfigReader - [client:400206]parse dir config information
2024-12-09 16:37:20.802 [pool-3-thread-1] INFO  com.rs.mv.mvvs.client.catalog.from.config.MappingConfigReader - [client:400207]parse mapping config information
2024-12-09 16:37:20.803 [pool-3-thread-1] INFO  com.rs.mv.mvvs.client.catalog.manager.U2CatalogManager - [client:400202]start a schedule task to get global/local catalog for _, its period 5s 
2024-12-09 16:37:20.804 [pool-3-thread-1] INFO  com.rs.mv.mvvs.client.catalog.manager.U2CatalogManager - [client:400203]cache file auto update thread launch in shadowed_core account
2024-12-09 16:37:20.804 [pool-3-thread-1] INFO  com.rs.mv.mvvs.client.catalog.from.config.DirsConfigReader - [client:400206]parse dir config information
2024-12-09 16:37:20.805 [pool-3-thread-1] INFO  com.rs.mv.mvvs.client.catalog.from.config.MappingConfigReader - [client:400207]parse mapping config information
2024-12-09 16:37:20.805 [pool-3-thread-1] INFO  com.rs.mv.mvvs.client.catalog.manager.U2CatalogManager - [client:400202]start a schedule task to get global/local catalog for shadowed_core, its period 5s 
2024-12-09 16:37:20.806 [pool-3-thread-1] INFO  com.rs.mv.mvvs.client.catalog.manager.U2CatalogManager - [client:400203]cache file auto update thread launch in node_modules account
2024-12-09 16:37:20.806 [pool-3-thread-1] INFO  com.rs.mv.mvvs.client.catalog.from.config.DirsConfigReader - [client:400206]parse dir config information
2024-12-09 16:37:20.807 [pool-3-thread-1] INFO  com.rs.mv.mvvs.client.catalog.from.config.MappingConfigReader - [client:400207]parse mapping config information
2024-12-09 16:37:20.807 [pool-3-thread-1] INFO  com.rs.mv.mvvs.client.catalog.manager.U2CatalogManager - [client:400202]start a schedule task to get global/local catalog for node_modules, its period 5s 
2024-12-09 16:37:20.808 [pool-3-thread-1] INFO  com.rs.mv.mvvs.client.catalog.manager.U2CatalogManager - [client:400203]cache file auto update thread launch in reusify account
2024-12-09 16:37:20.808 [pool-3-thread-1] INFO  com.rs.mv.mvvs.client.catalog.from.config.DirsConfigReader - [client:400206]parse dir config information
2024-12-09 16:37:20.812 [pool-3-thread-1] INFO  com.rs.mv.mvvs.client.catalog.from.config.MappingConfigReader - [client:400207]parse mapping config information
2024-12-09 16:37:20.813 [pool-3-thread-1] INFO  com.rs.mv.mvvs.client.catalog.manager.U2CatalogManager - [client:400202]start a schedule task to get global/local catalog for reusify, its period 5s 
2024-12-09 16:37:20.815 [pool-3-thread-1] INFO  com.rs.mv.mvvs.client.catalog.manager.U2CatalogManager - [client:400203]cache file auto update thread launch in signal-exit account
2024-12-09 16:37:20.815 [pool-3-thread-1] INFO  com.rs.mv.mvvs.client.catalog.from.config.DirsConfigReader - [client:400206]parse dir config information
2024-12-09 16:37:20.818 [pool-3-thread-1] INFO  com.rs.mv.mvvs.client.catalog.from.config.MappingConfigReader - [client:400207]parse mapping config information
2024-12-09 16:37:20.819 [pool-3-thread-1] INFO  com.rs.mv.mvvs.client.catalog.manager.U2CatalogManager - [client:400202]start a schedule task to get global/local catalog for signal-exit, its period 5s 
2024-12-09 16:37:20.820 [pool-3-thread-1] INFO  com.rs.mv.mvvs.client.catalog.manager.U2CatalogManager - [client:400203]cache file auto update thread launch in dist account
2024-12-09 16:37:20.820 [pool-3-thread-1] INFO  com.rs.mv.mvvs.client.catalog.from.config.DirsConfigReader - [client:400206]parse dir config information
2024-12-09 16:37:20.821 [pool-3-thread-1] INFO  com.rs.mv.mvvs.client.catalog.from.config.MappingConfigReader - [client:400207]parse mapping config information
2024-12-09 16:37:20.821 [pool-3-thread-1] INFO  com.rs.mv.mvvs.client.catalog.manager.U2CatalogManager - [client:400202]start a schedule task to get global/local catalog for dist, its period 5s 
2024-12-09 16:37:20.822 [pool-3-thread-1] INFO  com.rs.mv.mvvs.client.catalog.manager.U2CatalogManager - [client:400203]cache file auto update thread launch in source-map-js account
2024-12-09 16:37:20.822 [pool-3-thread-1] INFO  com.rs.mv.mvvs.client.catalog.from.config.DirsConfigReader - [client:400206]parse dir config information
2024-12-09 16:37:20.822 [pool-3-thread-1] INFO  com.rs.mv.mvvs.client.catalog.from.config.MappingConfigReader - [client:400207]parse mapping config information
2024-12-09 16:37:20.823 [pool-3-thread-1] INFO  com.rs.mv.mvvs.client.catalog.manager.U2CatalogManager - [client:400202]start a schedule task to get global/local catalog for source-map-js, its period 5s 
2024-12-09 16:37:20.839 [pool-3-thread-1] INFO  com.rs.mv.mvvs.client.catalog.manager.U2CatalogManager - [client:400203]cache file auto update thread launch in string-width-cjs account
2024-12-09 16:37:20.840 [pool-3-thread-1] INFO  com.rs.mv.mvvs.client.catalog.from.config.DirsConfigReader - [client:400206]parse dir config information
2024-12-09 16:37:20.847 [pool-3-thread-1] INFO  com.rs.mv.mvvs.client.catalog.from.config.MappingConfigReader - [client:400207]parse mapping config information
2024-12-09 16:37:20.853 [pool-3-thread-1] INFO  com.rs.mv.mvvs.client.catalog.manager.U2CatalogManager - [client:400202]start a schedule task to get global/local catalog for string-width-cjs, its period 5s 
2024-12-09 16:37:20.854 [pool-3-thread-1] INFO  com.rs.mv.mvvs.client.catalog.manager.U2CatalogManager - [client:400203]cache file auto update thread launch in node_modules account
2024-12-09 16:37:20.855 [pool-3-thread-1] INFO  com.rs.mv.mvvs.client.catalog.from.config.DirsConfigReader - [client:400206]parse dir config information
2024-12-09 16:37:20.855 [pool-3-thread-1] INFO  com.rs.mv.mvvs.client.catalog.from.config.MappingConfigReader - [client:400207]parse mapping config information
2024-12-09 16:37:20.857 [pool-3-thread-1] INFO  com.rs.mv.mvvs.client.catalog.manager.U2CatalogManager - [client:400202]start a schedule task to get global/local catalog for node_modules, its period 5s 
2024-12-09 16:37:20.858 [pool-3-thread-1] INFO  com.rs.mv.mvvs.client.catalog.manager.U2CatalogManager - [client:400203]cache file auto update thread launch in emoji-regex account
2024-12-09 16:37:20.859 [pool-3-thread-1] INFO  com.rs.mv.mvvs.client.catalog.from.config.DirsConfigReader - [client:400206]parse dir config information
2024-12-09 16:37:20.859 [pool-3-thread-1] INFO  com.rs.mv.mvvs.client.catalog.from.config.MappingConfigReader - [client:400207]parse mapping config information
2024-12-09 16:37:20.863 [pool-3-thread-1] INFO  com.rs.mv.mvvs.client.catalog.manager.U2CatalogManager - [client:400202]start a schedule task to get global/local catalog for emoji-regex, its period 5s 
2024-12-09 16:37:20.864 [pool-3-thread-1] INFO  com.rs.mv.mvvs.client.catalog.manager.U2CatalogManager - [client:400203]cache file auto update thread launch in strip-ansi-cjs account
2024-12-09 16:37:20.865 [pool-3-thread-1] INFO  com.rs.mv.mvvs.client.catalog.from.config.DirsConfigReader - [client:400206]parse dir config information
2024-12-09 16:37:20.866 [pool-3-thread-1] INFO  com.rs.mv.mvvs.client.catalog.from.config.MappingConfigReader - [client:400207]parse mapping config information
2024-12-09 16:37:20.867 [pool-3-thread-1] INFO  com.rs.mv.mvvs.client.catalog.manager.U2CatalogManager - [client:400202]start a schedule task to get global/local catalog for strip-ansi-cjs, its period 5s 
2024-12-09 16:37:20.868 [pool-3-thread-1] INFO  com.rs.mv.mvvs.client.catalog.manager.U2CatalogManager - [client:400203]cache file auto update thread launch in node_modules account
2024-12-09 16:37:20.868 [pool-3-thread-1] INFO  com.rs.mv.mvvs.client.catalog.from.config.DirsConfigReader - [client:400206]parse dir config information
2024-12-09 16:37:20.876 [pool-3-thread-1] INFO  com.rs.mv.mvvs.client.catalog.from.config.MappingConfigReader - [client:400207]parse mapping config information
2024-12-09 16:37:20.877 [pool-3-thread-1] INFO  com.rs.mv.mvvs.client.catalog.manager.U2CatalogManager - [client:400202]start a schedule task to get global/local catalog for node_modules, its period 5s 
2024-12-09 16:37:20.879 [pool-3-thread-1] INFO  com.rs.mv.mvvs.client.catalog.manager.U2CatalogManager - [client:400203]cache file auto update thread launch in sucrase account
2024-12-09 16:37:20.879 [pool-3-thread-1] INFO  com.rs.mv.mvvs.client.catalog.from.config.DirsConfigReader - [client:400206]parse dir config information
2024-12-09 16:37:20.879 [pool-3-thread-1] INFO  com.rs.mv.mvvs.client.catalog.from.config.MappingConfigReader - [client:400207]parse mapping config information
2024-12-09 16:37:20.880 [pool-3-thread-1] INFO  com.rs.mv.mvvs.client.catalog.manager.U2CatalogManager - [client:400202]start a schedule task to get global/local catalog for sucrase, its period 5s 
2024-12-09 16:37:20.885 [pool-3-thread-1] INFO  com.rs.mv.mvvs.client.catalog.manager.U2CatalogManager - [client:400203]cache file auto update thread launch in dist account
2024-12-09 16:37:20.887 [pool-3-thread-1] INFO  com.rs.mv.mvvs.client.catalog.from.config.DirsConfigReader - [client:400206]parse dir config information
2024-12-09 16:37:20.891 [pool-3-thread-1] INFO  com.rs.mv.mvvs.client.catalog.from.config.MappingConfigReader - [client:400207]parse mapping config information
2024-12-09 16:37:20.892 [pool-3-thread-1] INFO  com.rs.mv.mvvs.client.catalog.manager.U2CatalogManager - [client:400202]start a schedule task to get global/local catalog for dist, its period 5s 
2024-12-09 16:37:20.894 [pool-3-thread-1] INFO  com.rs.mv.mvvs.client.catalog.manager.U2CatalogManager - [client:400203]cache file auto update thread launch in esm account
2024-12-09 16:37:20.896 [pool-3-thread-1] INFO  com.rs.mv.mvvs.client.catalog.from.config.DirsConfigReader - [client:400206]parse dir config information
2024-12-09 16:37:20.897 [pool-3-thread-1] INFO  com.rs.mv.mvvs.client.catalog.from.config.MappingConfigReader - [client:400207]parse mapping config information
2024-12-09 16:37:20.898 [pool-3-thread-1] INFO  com.rs.mv.mvvs.client.catalog.manager.U2CatalogManager - [client:400202]start a schedule task to get global/local catalog for esm, its period 5s 
2024-12-09 16:37:20.898 [pool-3-thread-1] INFO  com.rs.mv.mvvs.client.catalog.manager.U2CatalogManager - [client:400203]cache file auto update thread launch in parser account
2024-12-09 16:37:20.899 [pool-3-thread-1] INFO  com.rs.mv.mvvs.client.catalog.from.config.DirsConfigReader - [client:400206]parse dir config information
2024-12-09 16:37:20.899 [pool-3-thread-1] INFO  com.rs.mv.mvvs.client.catalog.from.config.MappingConfigReader - [client:400207]parse mapping config information
2024-12-09 16:37:20.900 [pool-3-thread-1] INFO  com.rs.mv.mvvs.client.catalog.manager.U2CatalogManager - [client:400202]start a schedule task to get global/local catalog for parser, its period 5s 
2024-12-09 16:37:20.900 [pool-3-thread-1] INFO  com.rs.mv.mvvs.client.catalog.manager.U2CatalogManager - [client:400203]cache file auto update thread launch in plugins account
2024-12-09 16:37:20.901 [pool-3-thread-1] INFO  com.rs.mv.mvvs.client.catalog.from.config.DirsConfigReader - [client:400206]parse dir config information
2024-12-09 16:37:20.901 [pool-3-thread-1] INFO  com.rs.mv.mvvs.client.catalog.from.config.MappingConfigReader - [client:400207]parse mapping config information
2024-12-09 16:37:20.902 [pool-3-thread-1] INFO  com.rs.mv.mvvs.client.catalog.manager.U2CatalogManager - [client:400202]start a schedule task to get global/local catalog for plugins, its period 5s 
2024-12-09 16:37:20.902 [pool-3-thread-1] INFO  com.rs.mv.mvvs.client.catalog.manager.U2CatalogManager - [client:400203]cache file auto update thread launch in parser account
2024-12-09 16:37:20.903 [pool-3-thread-1] INFO  com.rs.mv.mvvs.client.catalog.from.config.DirsConfigReader - [client:400206]parse dir config information
2024-12-09 16:37:20.903 [pool-3-thread-1] INFO  com.rs.mv.mvvs.client.catalog.from.config.MappingConfigReader - [client:400207]parse mapping config information
2024-12-09 16:37:20.904 [pool-3-thread-1] INFO  com.rs.mv.mvvs.client.catalog.manager.U2CatalogManager - [client:400202]start a schedule task to get global/local catalog for parser, its period 5s 
2024-12-09 16:37:20.905 [pool-3-thread-1] INFO  com.rs.mv.mvvs.client.catalog.manager.U2CatalogManager - [client:400203]cache file auto update thread launch in plugins account
2024-12-09 16:37:20.905 [pool-3-thread-1] INFO  com.rs.mv.mvvs.client.catalog.from.config.DirsConfigReader - [client:400206]parse dir config information
2024-12-09 16:37:20.905 [pool-3-thread-1] INFO  com.rs.mv.mvvs.client.catalog.from.config.MappingConfigReader - [client:400207]parse mapping config information
2024-12-09 16:37:20.906 [pool-3-thread-1] INFO  com.rs.mv.mvvs.client.catalog.manager.U2CatalogManager - [client:400202]start a schedule task to get global/local catalog for plugins, its period 5s 
2024-12-09 16:37:20.907 [pool-3-thread-1] INFO  com.rs.mv.mvvs.client.catalog.manager.U2CatalogManager - [client:400203]cache file auto update thread launch in types account
2024-12-09 16:37:20.907 [pool-3-thread-1] INFO  com.rs.mv.mvvs.client.catalog.from.config.DirsConfigReader - [client:400206]parse dir config information
2024-12-09 16:37:20.908 [pool-3-thread-1] INFO  com.rs.mv.mvvs.client.catalog.from.config.MappingConfigReader - [client:400207]parse mapping config information
2024-12-09 16:37:20.908 [pool-3-thread-1] INFO  com.rs.mv.mvvs.client.catalog.manager.U2CatalogManager - [client:400202]start a schedule task to get global/local catalog for types, its period 5s 
2024-12-09 16:37:20.909 [pool-3-thread-1] INFO  com.rs.mv.mvvs.client.catalog.manager.U2CatalogManager - [client:400203]cache file auto update thread launch in parser account
2024-12-09 16:37:20.910 [pool-3-thread-1] INFO  com.rs.mv.mvvs.client.catalog.from.config.DirsConfigReader - [client:400206]parse dir config information
2024-12-09 16:37:20.911 [pool-3-thread-1] INFO  com.rs.mv.mvvs.client.catalog.from.config.MappingConfigReader - [client:400207]parse mapping config information
2024-12-09 16:37:20.911 [pool-3-thread-1] INFO  com.rs.mv.mvvs.client.catalog.manager.U2CatalogManager - [client:400202]start a schedule task to get global/local catalog for parser, its period 5s 
2024-12-09 16:37:20.912 [pool-3-thread-1] INFO  com.rs.mv.mvvs.client.catalog.manager.U2CatalogManager - [client:400203]cache file auto update thread launch in plugins account
2024-12-09 16:37:20.913 [pool-3-thread-1] INFO  com.rs.mv.mvvs.client.catalog.from.config.DirsConfigReader - [client:400206]parse dir config information
2024-12-09 16:37:20.913 [pool-3-thread-1] INFO  com.rs.mv.mvvs.client.catalog.from.config.MappingConfigReader - [client:400207]parse mapping config information
2024-12-09 16:37:20.914 [pool-3-thread-1] INFO  com.rs.mv.mvvs.client.catalog.manager.U2CatalogManager - [client:400202]start a schedule task to get global/local catalog for plugins, its period 5s 
2024-12-09 16:37:20.914 [pool-3-thread-1] INFO  com.rs.mv.mvvs.client.catalog.manager.U2CatalogManager - [client:400203]cache file auto update thread launch in supports-preserve-symlinks-flag account
2024-12-09 16:37:20.915 [pool-3-thread-1] INFO  com.rs.mv.mvvs.client.catalog.from.config.DirsConfigReader - [client:400206]parse dir config information
2024-12-09 16:37:20.915 [pool-3-thread-1] INFO  com.rs.mv.mvvs.client.catalog.from.config.MappingConfigReader - [client:400207]parse mapping config information
2024-12-09 16:37:20.916 [pool-3-thread-1] INFO  com.rs.mv.mvvs.client.catalog.manager.U2CatalogManager - [client:400202]start a schedule task to get global/local catalog for supports-preserve-symlinks-flag, its period 5s 
2024-12-09 16:37:20.916 [pool-3-thread-1] INFO  com.rs.mv.mvvs.client.catalog.manager.U2CatalogManager - [client:400203]cache file auto update thread launch in tailwindcss account
2024-12-09 16:37:20.917 [pool-3-thread-1] INFO  com.rs.mv.mvvs.client.catalog.from.config.DirsConfigReader - [client:400206]parse dir config information
2024-12-09 16:37:20.917 [pool-3-thread-1] INFO  com.rs.mv.mvvs.client.catalog.from.config.MappingConfigReader - [client:400207]parse mapping config information
2024-12-09 16:37:20.918 [pool-3-thread-1] INFO  com.rs.mv.mvvs.client.catalog.manager.U2CatalogManager - [client:400202]start a schedule task to get global/local catalog for tailwindcss, its period 5s 
2024-12-09 16:37:20.919 [pool-3-thread-1] INFO  com.rs.mv.mvvs.client.catalog.manager.U2CatalogManager - [client:400203]cache file auto update thread launch in lib account
2024-12-09 16:37:20.920 [pool-3-thread-1] INFO  com.rs.mv.mvvs.client.catalog.from.config.DirsConfigReader - [client:400206]parse dir config information
2024-12-09 16:37:20.921 [pool-3-thread-1] INFO  com.rs.mv.mvvs.client.catalog.from.config.MappingConfigReader - [client:400207]parse mapping config information
2024-12-09 16:37:20.921 [pool-3-thread-1] INFO  com.rs.mv.mvvs.client.catalog.manager.U2CatalogManager - [client:400202]start a schedule task to get global/local catalog for lib, its period 5s 
2024-12-09 16:37:20.922 [pool-3-thread-1] INFO  com.rs.mv.mvvs.client.catalog.manager.U2CatalogManager - [client:400203]cache file auto update thread launch in cli account
2024-12-09 16:37:20.923 [pool-3-thread-1] INFO  com.rs.mv.mvvs.client.catalog.from.config.DirsConfigReader - [client:400206]parse dir config information
2024-12-09 16:37:20.923 [pool-3-thread-1] INFO  com.rs.mv.mvvs.client.catalog.from.config.MappingConfigReader - [client:400207]parse mapping config information
2024-12-09 16:37:20.924 [pool-3-thread-1] INFO  com.rs.mv.mvvs.client.catalog.manager.U2CatalogManager - [client:400202]start a schedule task to get global/local catalog for cli, its period 5s 
2024-12-09 16:37:20.925 [pool-3-thread-1] INFO  com.rs.mv.mvvs.client.catalog.manager.U2CatalogManager - [client:400203]cache file auto update thread launch in postcss-plugins account
2024-12-09 16:37:20.925 [pool-3-thread-1] INFO  com.rs.mv.mvvs.client.catalog.from.config.DirsConfigReader - [client:400206]parse dir config information
2024-12-09 16:37:20.925 [pool-3-thread-1] INFO  com.rs.mv.mvvs.client.catalog.from.config.MappingConfigReader - [client:400207]parse mapping config information
2024-12-09 16:37:20.926 [pool-3-thread-1] INFO  com.rs.mv.mvvs.client.catalog.manager.U2CatalogManager - [client:400202]start a schedule task to get global/local catalog for postcss-plugins, its period 5s 
2024-12-09 16:37:20.926 [pool-3-thread-1] INFO  com.rs.mv.mvvs.client.catalog.manager.U2CatalogManager - [client:400203]cache file auto update thread launch in src account
2024-12-09 16:37:20.927 [pool-3-thread-1] INFO  com.rs.mv.mvvs.client.catalog.from.config.DirsConfigReader - [client:400206]parse dir config information
2024-12-09 16:37:20.927 [pool-3-thread-1] INFO  com.rs.mv.mvvs.client.catalog.from.config.MappingConfigReader - [client:400207]parse mapping config information
2024-12-09 16:37:20.928 [pool-3-thread-1] INFO  com.rs.mv.mvvs.client.catalog.manager.U2CatalogManager - [client:400202]start a schedule task to get global/local catalog for src, its period 5s 
2024-12-09 16:37:20.929 [pool-3-thread-1] INFO  com.rs.mv.mvvs.client.catalog.manager.U2CatalogManager - [client:400203]cache file auto update thread launch in cli account
2024-12-09 16:37:20.929 [pool-3-thread-1] INFO  com.rs.mv.mvvs.client.catalog.from.config.DirsConfigReader - [client:400206]parse dir config information
2024-12-09 16:37:20.930 [pool-3-thread-1] INFO  com.rs.mv.mvvs.client.catalog.from.config.MappingConfigReader - [client:400207]parse mapping config information
2024-12-09 16:37:20.930 [pool-3-thread-1] INFO  com.rs.mv.mvvs.client.catalog.manager.U2CatalogManager - [client:400202]start a schedule task to get global/local catalog for cli, its period 5s 
2024-12-09 16:37:20.932 [pool-3-thread-1] INFO  com.rs.mv.mvvs.client.catalog.manager.U2CatalogManager - [client:400203]cache file auto update thread launch in postcss-plugins account
2024-12-09 16:37:20.933 [pool-3-thread-1] INFO  com.rs.mv.mvvs.client.catalog.from.config.DirsConfigReader - [client:400206]parse dir config information
2024-12-09 16:37:20.933 [pool-3-thread-1] INFO  com.rs.mv.mvvs.client.catalog.from.config.MappingConfigReader - [client:400207]parse mapping config information
2024-12-09 16:37:20.934 [pool-3-thread-1] INFO  com.rs.mv.mvvs.client.catalog.manager.U2CatalogManager - [client:400202]start a schedule task to get global/local catalog for postcss-plugins, its period 5s 
2024-12-09 16:37:20.934 [pool-3-thread-1] INFO  com.rs.mv.mvvs.client.catalog.manager.U2CatalogManager - [client:400203]cache file auto update thread launch in types account
2024-12-09 16:37:20.935 [pool-3-thread-1] INFO  com.rs.mv.mvvs.client.catalog.from.config.DirsConfigReader - [client:400206]parse dir config information
2024-12-09 16:37:20.935 [pool-3-thread-1] INFO  com.rs.mv.mvvs.client.catalog.from.config.MappingConfigReader - [client:400207]parse mapping config information
2024-12-09 16:37:20.936 [pool-3-thread-1] INFO  com.rs.mv.mvvs.client.catalog.manager.U2CatalogManager - [client:400202]start a schedule task to get global/local catalog for types, its period 5s 
2024-12-09 16:37:20.936 [pool-3-thread-1] INFO  com.rs.mv.mvvs.client.catalog.manager.U2CatalogManager - [client:400203]cache file auto update thread launch in ts-interface-checker account
2024-12-09 16:37:20.936 [pool-3-thread-1] INFO  com.rs.mv.mvvs.client.catalog.from.config.DirsConfigReader - [client:400206]parse dir config information
2024-12-09 16:37:20.937 [pool-3-thread-1] INFO  com.rs.mv.mvvs.client.catalog.from.config.MappingConfigReader - [client:400207]parse mapping config information
2024-12-09 16:37:20.937 [pool-3-thread-1] INFO  com.rs.mv.mvvs.client.catalog.manager.U2CatalogManager - [client:400202]start a schedule task to get global/local catalog for ts-interface-checker, its period 5s 
2024-12-09 16:37:20.938 [pool-3-thread-1] INFO  com.rs.mv.mvvs.client.catalog.manager.U2CatalogManager - [client:400203]cache file auto update thread launch in which account
2024-12-09 16:37:20.938 [pool-3-thread-1] INFO  com.rs.mv.mvvs.client.catalog.from.config.DirsConfigReader - [client:400206]parse dir config information
2024-12-09 16:37:20.938 [pool-3-thread-1] INFO  com.rs.mv.mvvs.client.catalog.from.config.MappingConfigReader - [client:400207]parse mapping config information
2024-12-09 16:37:20.941 [pool-3-thread-1] INFO  com.rs.mv.mvvs.client.catalog.manager.U2CatalogManager - [client:400202]start a schedule task to get global/local catalog for which, its period 5s 
2024-12-09 16:37:20.941 [pool-3-thread-1] INFO  com.rs.mv.mvvs.client.catalog.manager.U2CatalogManager - [client:400203]cache file auto update thread launch in wrap-ansi-cjs account
2024-12-09 16:37:20.942 [pool-3-thread-1] INFO  com.rs.mv.mvvs.client.catalog.from.config.DirsConfigReader - [client:400206]parse dir config information
2024-12-09 16:37:20.942 [pool-3-thread-1] INFO  com.rs.mv.mvvs.client.catalog.from.config.MappingConfigReader - [client:400207]parse mapping config information
2024-12-09 16:37:20.943 [pool-3-thread-1] INFO  com.rs.mv.mvvs.client.catalog.manager.U2CatalogManager - [client:400202]start a schedule task to get global/local catalog for wrap-ansi-cjs, its period 5s 
2024-12-09 16:37:20.943 [pool-3-thread-1] INFO  com.rs.mv.mvvs.client.catalog.manager.U2CatalogManager - [client:400203]cache file auto update thread launch in node_modules account
2024-12-09 16:37:20.944 [pool-3-thread-1] INFO  com.rs.mv.mvvs.client.catalog.from.config.DirsConfigReader - [client:400206]parse dir config information
2024-12-09 16:37:20.944 [pool-3-thread-1] INFO  com.rs.mv.mvvs.client.catalog.from.config.MappingConfigReader - [client:400207]parse mapping config information
2024-12-09 16:37:20.944 [pool-3-thread-1] INFO  com.rs.mv.mvvs.client.catalog.manager.U2CatalogManager - [client:400202]start a schedule task to get global/local catalog for node_modules, its period 5s 
2024-12-09 16:37:20.945 [pool-3-thread-1] INFO  com.rs.mv.mvvs.client.catalog.manager.U2CatalogManager - [client:400203]cache file auto update thread launch in emoji-regex account
2024-12-09 16:37:20.945 [pool-3-thread-1] INFO  com.rs.mv.mvvs.client.catalog.from.config.DirsConfigReader - [client:400206]parse dir config information
2024-12-09 16:37:20.945 [pool-3-thread-1] INFO  com.rs.mv.mvvs.client.catalog.from.config.MappingConfigReader - [client:400207]parse mapping config information
2024-12-09 16:37:20.946 [pool-3-thread-1] INFO  com.rs.mv.mvvs.client.catalog.manager.U2CatalogManager - [client:400202]start a schedule task to get global/local catalog for emoji-regex, its period 5s 
2024-12-09 16:37:20.947 [pool-3-thread-1] INFO  com.rs.mv.mvvs.client.catalog.manager.U2CatalogManager - [client:400203]cache file auto update thread launch in yaml account
2024-12-09 16:37:20.949 [pool-3-thread-1] INFO  com.rs.mv.mvvs.client.catalog.from.config.DirsConfigReader - [client:400206]parse dir config information
2024-12-09 16:37:20.950 [pool-3-thread-1] INFO  com.rs.mv.mvvs.client.catalog.from.config.MappingConfigReader - [client:400207]parse mapping config information
2024-12-09 16:37:20.951 [pool-3-thread-1] INFO  com.rs.mv.mvvs.client.catalog.manager.U2CatalogManager - [client:400202]start a schedule task to get global/local catalog for yaml, its period 5s 
2024-12-09 16:37:20.952 [pool-3-thread-1] INFO  com.rs.mv.mvvs.client.catalog.manager.U2CatalogManager - [client:400203]cache file auto update thread launch in browser account
2024-12-09 16:37:20.953 [pool-3-thread-1] INFO  com.rs.mv.mvvs.client.catalog.from.config.DirsConfigReader - [client:400206]parse dir config information
2024-12-09 16:37:20.953 [pool-3-thread-1] INFO  com.rs.mv.mvvs.client.catalog.from.config.MappingConfigReader - [client:400207]parse mapping config information
2024-12-09 16:37:20.954 [pool-3-thread-1] INFO  com.rs.mv.mvvs.client.catalog.manager.U2CatalogManager - [client:400202]start a schedule task to get global/local catalog for browser, its period 5s 
2024-12-09 16:37:20.954 [pool-3-thread-1] INFO  com.rs.mv.mvvs.client.catalog.manager.U2CatalogManager - [client:400203]cache file auto update thread launch in dist account
2024-12-09 16:37:20.957 [pool-3-thread-1] INFO  com.rs.mv.mvvs.client.catalog.from.config.DirsConfigReader - [client:400206]parse dir config information
2024-12-09 16:37:20.957 [pool-3-thread-1] INFO  com.rs.mv.mvvs.client.catalog.from.config.MappingConfigReader - [client:400207]parse mapping config information
2024-12-09 16:37:20.958 [pool-3-thread-1] INFO  com.rs.mv.mvvs.client.catalog.manager.U2CatalogManager - [client:400202]start a schedule task to get global/local catalog for dist, its period 5s 
2024-12-09 16:37:20.959 [pool-3-thread-1] INFO  com.rs.mv.mvvs.client.catalog.manager.U2CatalogManager - [client:400203]cache file auto update thread launch in schema account
2024-12-09 16:37:20.966 [pool-3-thread-1] INFO  com.rs.mv.mvvs.client.catalog.from.config.DirsConfigReader - [client:400206]parse dir config information
2024-12-09 16:37:20.968 [pool-3-thread-1] INFO  com.rs.mv.mvvs.client.catalog.from.config.MappingConfigReader - [client:400207]parse mapping config information
2024-12-09 16:37:20.969 [pool-3-thread-1] INFO  com.rs.mv.mvvs.client.catalog.manager.U2CatalogManager - [client:400202]start a schedule task to get global/local catalog for schema, its period 5s 
2024-12-09 16:37:20.970 [pool-3-thread-1] INFO  com.rs.mv.mvvs.client.catalog.manager.U2CatalogManager - [client:400203]cache file auto update thread launch in dist account
2024-12-09 16:37:20.972 [pool-3-thread-1] INFO  com.rs.mv.mvvs.client.catalog.from.config.DirsConfigReader - [client:400206]parse dir config information
2024-12-09 16:37:20.972 [pool-3-thread-1] INFO  com.rs.mv.mvvs.client.catalog.from.config.MappingConfigReader - [client:400207]parse mapping config information
2024-12-09 16:37:20.973 [pool-3-thread-1] INFO  com.rs.mv.mvvs.client.catalog.manager.U2CatalogManager - [client:400202]start a schedule task to get global/local catalog for dist, its period 5s 
2024-12-09 16:37:20.974 [pool-3-thread-1] INFO  com.rs.mv.mvvs.client.catalog.manager.U2CatalogManager - [client:400203]cache file auto update thread launch in schema account
2024-12-09 16:37:20.975 [pool-3-thread-1] INFO  com.rs.mv.mvvs.client.catalog.from.config.DirsConfigReader - [client:400206]parse dir config information
2024-12-09 16:37:20.976 [pool-3-thread-1] INFO  com.rs.mv.mvvs.client.catalog.from.config.MappingConfigReader - [client:400207]parse mapping config information
2024-12-09 16:37:20.977 [pool-3-thread-1] INFO  com.rs.mv.mvvs.client.catalog.manager.U2CatalogManager - [client:400202]start a schedule task to get global/local catalog for schema, its period 5s 
2024-12-09 16:37:20.978 [pool-3-thread-1] INFO  com.rs.mv.mvvs.client.catalog.manager.U2CatalogManager - [client:400203]cache file auto update thread launch in tests account
2024-12-09 16:37:20.979 [pool-3-thread-1] INFO  com.rs.mv.mvvs.client.catalog.from.config.DirsConfigReader - [client:400206]parse dir config information
2024-12-09 16:37:20.979 [pool-3-thread-1] INFO  com.rs.mv.mvvs.client.catalog.from.config.MappingConfigReader - [client:400207]parse mapping config information
2024-12-09 16:37:20.980 [pool-3-thread-1] INFO  com.rs.mv.mvvs.client.catalog.manager.U2CatalogManager - [client:400202]start a schedule task to get global/local catalog for tests, its period 5s 
2024-12-09 16:37:20.980 [pool-3-thread-1] INFO  com.rs.mv.mvvs.client.catalog.manager.U2CatalogManager - [client:400203]cache file auto update thread launch in _support account
2024-12-09 16:37:20.981 [pool-3-thread-1] INFO  com.rs.mv.mvvs.client.catalog.from.config.DirsConfigReader - [client:400206]parse dir config information
2024-12-09 16:37:20.981 [pool-3-thread-1] INFO  com.rs.mv.mvvs.client.catalog.from.config.MappingConfigReader - [client:400207]parse mapping config information
2024-12-09 16:37:20.982 [pool-3-thread-1] INFO  com.rs.mv.mvvs.client.catalog.manager.U2CatalogManager - [client:400202]start a schedule task to get global/local catalog for _support, its period 5s 
2024-12-09 16:37:20.982 [pool-3-thread-1] INFO  com.rs.mv.mvvs.client.catalog.manager.U2CatalogManager - [client:400203]cache file auto update thread launch in Database account
2024-12-09 16:37:20.983 [pool-3-thread-1] INFO  com.rs.mv.mvvs.client.catalog.from.config.DirsConfigReader - [client:400206]parse dir config information
2024-12-09 16:37:20.983 [pool-3-thread-1] INFO  com.rs.mv.mvvs.client.catalog.from.config.MappingConfigReader - [client:400207]parse mapping config information
2024-12-09 16:37:20.983 [pool-3-thread-1] INFO  com.rs.mv.mvvs.client.catalog.manager.U2CatalogManager - [client:400202]start a schedule task to get global/local catalog for Database, its period 5s 
2024-12-09 16:37:20.984 [pool-3-thread-1] INFO  com.rs.mv.mvvs.client.catalog.manager.U2CatalogManager - [client:400203]cache file auto update thread launch in vendor account
2024-12-09 16:37:20.984 [pool-3-thread-1] INFO  com.rs.mv.mvvs.client.catalog.from.config.DirsConfigReader - [client:400206]parse dir config information
2024-12-09 16:37:20.985 [pool-3-thread-1] INFO  com.rs.mv.mvvs.client.catalog.from.config.MappingConfigReader - [client:400207]parse mapping config information
2024-12-09 16:37:20.985 [pool-3-thread-1] INFO  com.rs.mv.mvvs.client.catalog.manager.U2CatalogManager - [client:400202]start a schedule task to get global/local catalog for vendor, its period 5s 
2024-12-09 16:37:20.986 [pool-3-thread-1] INFO  com.rs.mv.mvvs.client.catalog.manager.U2CatalogManager - [client:400203]cache file auto update thread launch in codeigniter4 account
2024-12-09 16:37:20.987 [pool-3-thread-1] INFO  com.rs.mv.mvvs.client.catalog.from.config.DirsConfigReader - [client:400206]parse dir config information
2024-12-09 16:37:20.987 [pool-3-thread-1] INFO  com.rs.mv.mvvs.client.catalog.from.config.MappingConfigReader - [client:400207]parse mapping config information
2024-12-09 16:37:20.987 [pool-3-thread-1] INFO  com.rs.mv.mvvs.client.catalog.manager.U2CatalogManager - [client:400202]start a schedule task to get global/local catalog for codeigniter4, its period 5s 
2024-12-09 16:37:20.988 [pool-3-thread-1] INFO  com.rs.mv.mvvs.client.catalog.manager.U2CatalogManager - [client:400203]cache file auto update thread launch in framework account
2024-12-09 16:37:20.988 [pool-3-thread-1] INFO  com.rs.mv.mvvs.client.catalog.from.config.DirsConfigReader - [client:400206]parse dir config information
2024-12-09 16:37:20.989 [pool-3-thread-1] INFO  com.rs.mv.mvvs.client.catalog.from.config.MappingConfigReader - [client:400207]parse mapping config information
2024-12-09 16:37:20.989 [pool-3-thread-1] INFO  com.rs.mv.mvvs.client.catalog.manager.U2CatalogManager - [client:400202]start a schedule task to get global/local catalog for framework, its period 5s 
2024-12-09 16:37:20.992 [pool-3-thread-1] INFO  com.rs.mv.mvvs.client.catalog.manager.U2CatalogManager - [client:400203]cache file auto update thread launch in app account
2024-12-09 16:37:20.993 [pool-3-thread-1] INFO  com.rs.mv.mvvs.client.catalog.from.config.DirsConfigReader - [client:400206]parse dir config information
2024-12-09 16:37:20.994 [pool-3-thread-1] INFO  com.rs.mv.mvvs.client.catalog.from.config.MappingConfigReader - [client:400207]parse mapping config information
2024-12-09 16:37:20.994 [pool-3-thread-1] INFO  com.rs.mv.mvvs.client.catalog.manager.U2CatalogManager - [client:400202]start a schedule task to get global/local catalog for app, its period 5s 
2024-12-09 16:37:20.995 [pool-3-thread-1] INFO  com.rs.mv.mvvs.client.catalog.manager.U2CatalogManager - [client:400203]cache file auto update thread launch in Config account
2024-12-09 16:37:20.995 [pool-3-thread-1] INFO  com.rs.mv.mvvs.client.catalog.from.config.DirsConfigReader - [client:400206]parse dir config information
2024-12-09 16:37:20.996 [pool-3-thread-1] INFO  com.rs.mv.mvvs.client.catalog.from.config.MappingConfigReader - [client:400207]parse mapping config information
2024-12-09 16:37:20.996 [pool-3-thread-1] INFO  com.rs.mv.mvvs.client.catalog.manager.U2CatalogManager - [client:400202]start a schedule task to get global/local catalog for Config, its period 5s 
2024-12-09 16:37:20.997 [pool-3-thread-1] INFO  com.rs.mv.mvvs.client.catalog.manager.U2CatalogManager - [client:400203]cache file auto update thread launch in Database account
2024-12-09 16:37:20.997 [pool-3-thread-1] INFO  com.rs.mv.mvvs.client.catalog.from.config.DirsConfigReader - [client:400206]parse dir config information
2024-12-09 16:37:20.997 [pool-3-thread-1] INFO  com.rs.mv.mvvs.client.catalog.from.config.MappingConfigReader - [client:400207]parse mapping config information
2024-12-09 16:37:20.998 [pool-3-thread-1] INFO  com.rs.mv.mvvs.client.catalog.manager.U2CatalogManager - [client:400202]start a schedule task to get global/local catalog for Database, its period 5s 
2024-12-09 16:37:20.998 [pool-3-thread-1] INFO  com.rs.mv.mvvs.client.catalog.manager.U2CatalogManager - [client:400203]cache file auto update thread launch in Language account
2024-12-09 16:37:20.998 [pool-3-thread-1] INFO  com.rs.mv.mvvs.client.catalog.from.config.DirsConfigReader - [client:400206]parse dir config information
2024-12-09 16:37:20.999 [pool-3-thread-1] INFO  com.rs.mv.mvvs.client.catalog.from.config.MappingConfigReader - [client:400207]parse mapping config information
2024-12-09 16:37:20.999 [pool-3-thread-1] INFO  com.rs.mv.mvvs.client.catalog.manager.U2CatalogManager - [client:400202]start a schedule task to get global/local catalog for Language, its period 5s 
2024-12-09 16:37:21.000 [pool-3-thread-1] INFO  com.rs.mv.mvvs.client.catalog.manager.U2CatalogManager - [client:400203]cache file auto update thread launch in Views account
2024-12-09 16:37:21.000 [pool-3-thread-1] INFO  com.rs.mv.mvvs.client.catalog.from.config.DirsConfigReader - [client:400206]parse dir config information
2024-12-09 16:37:21.000 [pool-3-thread-1] INFO  com.rs.mv.mvvs.client.catalog.from.config.MappingConfigReader - [client:400207]parse mapping config information
2024-12-09 16:37:21.001 [pool-3-thread-1] INFO  com.rs.mv.mvvs.client.catalog.manager.U2CatalogManager - [client:400202]start a schedule task to get global/local catalog for Views, its period 5s 
2024-12-09 16:37:21.002 [pool-3-thread-1] INFO  com.rs.mv.mvvs.client.catalog.manager.U2CatalogManager - [client:400203]cache file auto update thread launch in errors account
2024-12-09 16:37:21.004 [pool-3-thread-1] INFO  com.rs.mv.mvvs.client.catalog.from.config.DirsConfigReader - [client:400206]parse dir config information
2024-12-09 16:37:21.004 [pool-3-thread-1] INFO  com.rs.mv.mvvs.client.catalog.from.config.MappingConfigReader - [client:400207]parse mapping config information
2024-12-09 16:37:21.005 [pool-3-thread-1] INFO  com.rs.mv.mvvs.client.catalog.manager.U2CatalogManager - [client:400202]start a schedule task to get global/local catalog for errors, its period 5s 
2024-12-09 16:37:21.006 [pool-3-thread-1] INFO  com.rs.mv.mvvs.client.catalog.manager.U2CatalogManager - [client:400203]cache file auto update thread launch in system account
2024-12-09 16:37:21.008 [pool-3-thread-1] INFO  com.rs.mv.mvvs.client.catalog.from.config.DirsConfigReader - [client:400206]parse dir config information
2024-12-09 16:37:21.009 [pool-3-thread-1] INFO  com.rs.mv.mvvs.client.catalog.from.config.MappingConfigReader - [client:400207]parse mapping config information
2024-12-09 16:37:21.009 [pool-3-thread-1] INFO  com.rs.mv.mvvs.client.catalog.manager.U2CatalogManager - [client:400202]start a schedule task to get global/local catalog for system, its period 5s 
2024-12-09 16:37:21.010 [pool-3-thread-1] INFO  com.rs.mv.mvvs.client.catalog.manager.U2CatalogManager - [client:400203]cache file auto update thread launch in Cache account
2024-12-09 16:37:21.011 [pool-3-thread-1] INFO  com.rs.mv.mvvs.client.catalog.from.config.DirsConfigReader - [client:400206]parse dir config information
2024-12-09 16:37:21.011 [pool-3-thread-1] INFO  com.rs.mv.mvvs.client.catalog.from.config.MappingConfigReader - [client:400207]parse mapping config information
2024-12-09 16:37:21.011 [pool-3-thread-1] INFO  com.rs.mv.mvvs.client.catalog.manager.U2CatalogManager - [client:400202]start a schedule task to get global/local catalog for Cache, its period 5s 
2024-12-09 16:37:21.042 [pool-3-thread-1] INFO  com.rs.mv.mvvs.client.catalog.manager.U2CatalogManager - [client:400203]cache file auto update thread launch in CLI account
2024-12-09 16:37:21.043 [pool-3-thread-1] INFO  com.rs.mv.mvvs.client.catalog.from.config.DirsConfigReader - [client:400206]parse dir config information
2024-12-09 16:37:21.043 [pool-3-thread-1] INFO  com.rs.mv.mvvs.client.catalog.from.config.MappingConfigReader - [client:400207]parse mapping config information
2024-12-09 16:37:21.044 [pool-3-thread-1] INFO  com.rs.mv.mvvs.client.catalog.manager.U2CatalogManager - [client:400202]start a schedule task to get global/local catalog for CLI, its period 5s 
2024-12-09 16:37:21.045 [pool-3-thread-1] INFO  com.rs.mv.mvvs.client.catalog.manager.U2CatalogManager - [client:400203]cache file auto update thread launch in Commands account
2024-12-09 16:37:21.046 [pool-3-thread-1] INFO  com.rs.mv.mvvs.client.catalog.from.config.DirsConfigReader - [client:400206]parse dir config information
2024-12-09 16:37:21.047 [pool-3-thread-1] INFO  com.rs.mv.mvvs.client.catalog.from.config.MappingConfigReader - [client:400207]parse mapping config information
2024-12-09 16:37:21.047 [pool-3-thread-1] INFO  com.rs.mv.mvvs.client.catalog.manager.U2CatalogManager - [client:400202]start a schedule task to get global/local catalog for Commands, its period 5s 
2024-12-09 16:37:21.048 [pool-3-thread-1] INFO  com.rs.mv.mvvs.client.catalog.manager.U2CatalogManager - [client:400203]cache file auto update thread launch in Generators account
2024-12-09 16:37:21.049 [pool-3-thread-1] INFO  com.rs.mv.mvvs.client.catalog.from.config.DirsConfigReader - [client:400206]parse dir config information
2024-12-09 16:37:21.049 [pool-3-thread-1] INFO  com.rs.mv.mvvs.client.catalog.from.config.MappingConfigReader - [client:400207]parse mapping config information
2024-12-09 16:37:21.049 [pool-3-thread-1] INFO  com.rs.mv.mvvs.client.catalog.manager.U2CatalogManager - [client:400202]start a schedule task to get global/local catalog for Generators, its period 5s 
2024-12-09 16:37:21.050 [pool-3-thread-1] INFO  com.rs.mv.mvvs.client.catalog.manager.U2CatalogManager - [client:400203]cache file auto update thread launch in Utilities account
2024-12-09 16:37:21.051 [pool-3-thread-1] INFO  com.rs.mv.mvvs.client.catalog.from.config.DirsConfigReader - [client:400206]parse dir config information
2024-12-09 16:37:21.051 [pool-3-thread-1] INFO  com.rs.mv.mvvs.client.catalog.from.config.MappingConfigReader - [client:400207]parse mapping config information
2024-12-09 16:37:21.052 [pool-3-thread-1] INFO  com.rs.mv.mvvs.client.catalog.manager.U2CatalogManager - [client:400202]start a schedule task to get global/local catalog for Utilities, its period 5s 
2024-12-09 16:37:21.054 [pool-3-thread-1] INFO  com.rs.mv.mvvs.client.catalog.manager.U2CatalogManager - [client:400203]cache file auto update thread launch in Routes account
2024-12-09 16:37:21.055 [pool-3-thread-1] INFO  com.rs.mv.mvvs.client.catalog.from.config.DirsConfigReader - [client:400206]parse dir config information
2024-12-09 16:37:21.055 [pool-3-thread-1] INFO  com.rs.mv.mvvs.client.catalog.from.config.MappingConfigReader - [client:400207]parse mapping config information
2024-12-09 16:37:21.056 [pool-3-thread-1] INFO  com.rs.mv.mvvs.client.catalog.manager.U2CatalogManager - [client:400202]start a schedule task to get global/local catalog for Routes, its period 5s 
2024-12-09 16:37:21.056 [pool-3-thread-1] INFO  com.rs.mv.mvvs.client.catalog.manager.U2CatalogManager - [client:400203]cache file auto update thread launch in Cookie account
2024-12-09 16:37:21.057 [pool-3-thread-1] INFO  com.rs.mv.mvvs.client.catalog.from.config.DirsConfigReader - [client:400206]parse dir config information
2024-12-09 16:37:21.057 [pool-3-thread-1] INFO  com.rs.mv.mvvs.client.catalog.from.config.MappingConfigReader - [client:400207]parse mapping config information
2024-12-09 16:37:21.057 [pool-3-thread-1] INFO  com.rs.mv.mvvs.client.catalog.manager.U2CatalogManager - [client:400202]start a schedule task to get global/local catalog for Cookie, its period 5s 
2024-12-09 16:37:21.058 [pool-3-thread-1] INFO  com.rs.mv.mvvs.client.catalog.manager.U2CatalogManager - [client:400203]cache file auto update thread launch in Database account
2024-12-09 16:37:21.058 [pool-3-thread-1] INFO  com.rs.mv.mvvs.client.catalog.from.config.DirsConfigReader - [client:400206]parse dir config information
2024-12-09 16:37:21.059 [pool-3-thread-1] INFO  com.rs.mv.mvvs.client.catalog.from.config.MappingConfigReader - [client:400207]parse mapping config information
2024-12-09 16:37:21.059 [pool-3-thread-1] INFO  com.rs.mv.mvvs.client.catalog.manager.U2CatalogManager - [client:400202]start a schedule task to get global/local catalog for Database, its period 5s 
2024-12-09 16:37:21.060 [pool-3-thread-1] INFO  com.rs.mv.mvvs.client.catalog.manager.U2CatalogManager - [client:400203]cache file auto update thread launch in DataCaster account
2024-12-09 16:37:21.061 [pool-3-thread-1] INFO  com.rs.mv.mvvs.client.catalog.from.config.DirsConfigReader - [client:400206]parse dir config information
2024-12-09 16:37:21.061 [pool-3-thread-1] INFO  com.rs.mv.mvvs.client.catalog.from.config.MappingConfigReader - [client:400207]parse mapping config information
2024-12-09 16:37:21.062 [pool-3-thread-1] INFO  com.rs.mv.mvvs.client.catalog.manager.U2CatalogManager - [client:400202]start a schedule task to get global/local catalog for DataCaster, its period 5s 
2024-12-09 16:37:21.062 [pool-3-thread-1] INFO  com.rs.mv.mvvs.client.catalog.manager.U2CatalogManager - [client:400203]cache file auto update thread launch in Debug account
2024-12-09 16:37:21.063 [pool-3-thread-1] INFO  com.rs.mv.mvvs.client.catalog.from.config.DirsConfigReader - [client:400206]parse dir config information
2024-12-09 16:37:21.063 [pool-3-thread-1] INFO  com.rs.mv.mvvs.client.catalog.from.config.MappingConfigReader - [client:400207]parse mapping config information
2024-12-09 16:37:21.064 [pool-3-thread-1] INFO  com.rs.mv.mvvs.client.catalog.manager.U2CatalogManager - [client:400202]start a schedule task to get global/local catalog for Debug, its period 5s 
2024-12-09 16:37:21.066 [pool-3-thread-1] INFO  com.rs.mv.mvvs.client.catalog.manager.U2CatalogManager - [client:400203]cache file auto update thread launch in Toolbar account
2024-12-09 16:37:21.076 [pool-3-thread-1] INFO  com.rs.mv.mvvs.client.catalog.from.config.DirsConfigReader - [client:400206]parse dir config information
2024-12-09 16:37:21.076 [pool-3-thread-1] INFO  com.rs.mv.mvvs.client.catalog.from.config.MappingConfigReader - [client:400207]parse mapping config information
2024-12-09 16:37:21.087 [pool-3-thread-1] INFO  com.rs.mv.mvvs.client.catalog.manager.U2CatalogManager - [client:400202]start a schedule task to get global/local catalog for Toolbar, its period 5s 
2024-12-09 16:37:21.090 [pool-3-thread-1] INFO  com.rs.mv.mvvs.client.catalog.manager.U2CatalogManager - [client:400203]cache file auto update thread launch in Encryption account
2024-12-09 16:37:21.091 [pool-3-thread-1] INFO  com.rs.mv.mvvs.client.catalog.from.config.DirsConfigReader - [client:400206]parse dir config information
2024-12-09 16:37:21.091 [pool-3-thread-1] INFO  com.rs.mv.mvvs.client.catalog.from.config.MappingConfigReader - [client:400207]parse mapping config information
2024-12-09 16:37:21.092 [pool-3-thread-1] INFO  com.rs.mv.mvvs.client.catalog.manager.U2CatalogManager - [client:400202]start a schedule task to get global/local catalog for Encryption, its period 5s 
2024-12-09 16:37:21.093 [pool-3-thread-1] INFO  com.rs.mv.mvvs.client.catalog.manager.U2CatalogManager - [client:400203]cache file auto update thread launch in Entity account
2024-12-09 16:37:21.099 [pool-3-thread-1] INFO  com.rs.mv.mvvs.client.catalog.from.config.DirsConfigReader - [client:400206]parse dir config information
2024-12-09 16:37:21.101 [pool-3-thread-1] INFO  com.rs.mv.mvvs.client.catalog.from.config.MappingConfigReader - [client:400207]parse mapping config information
2024-12-09 16:37:21.103 [pool-3-thread-1] INFO  com.rs.mv.mvvs.client.catalog.manager.U2CatalogManager - [client:400202]start a schedule task to get global/local catalog for Entity, its period 5s 
2024-12-09 16:37:21.104 [pool-3-thread-1] INFO  com.rs.mv.mvvs.client.catalog.manager.U2CatalogManager - [client:400203]cache file auto update thread launch in Files account
2024-12-09 16:37:21.157 [pool-3-thread-1] INFO  com.rs.mv.mvvs.client.catalog.from.config.DirsConfigReader - [client:400206]parse dir config information
2024-12-09 16:37:21.158 [pool-3-thread-1] INFO  com.rs.mv.mvvs.client.catalog.from.config.MappingConfigReader - [client:400207]parse mapping config information
2024-12-09 16:37:21.158 [pool-3-thread-1] INFO  com.rs.mv.mvvs.client.catalog.manager.U2CatalogManager - [client:400202]start a schedule task to get global/local catalog for Files, its period 5s 
2024-12-09 16:37:21.159 [pool-3-thread-1] INFO  com.rs.mv.mvvs.client.catalog.manager.U2CatalogManager - [client:400203]cache file auto update thread launch in Filters account
2024-12-09 16:37:21.160 [pool-3-thread-1] INFO  com.rs.mv.mvvs.client.catalog.from.config.DirsConfigReader - [client:400206]parse dir config information
2024-12-09 16:37:21.161 [pool-3-thread-1] INFO  com.rs.mv.mvvs.client.catalog.from.config.MappingConfigReader - [client:400207]parse mapping config information
2024-12-09 16:37:21.162 [pool-3-thread-1] INFO  com.rs.mv.mvvs.client.catalog.manager.U2CatalogManager - [client:400202]start a schedule task to get global/local catalog for Filters, its period 5s 
2024-12-09 16:37:21.192 [pool-3-thread-1] INFO  com.rs.mv.mvvs.client.catalog.manager.U2CatalogManager - [client:400203]cache file auto update thread launch in Format account
2024-12-09 16:37:21.192 [pool-3-thread-1] INFO  com.rs.mv.mvvs.client.catalog.from.config.DirsConfigReader - [client:400206]parse dir config information
2024-12-09 16:37:21.193 [pool-3-thread-1] INFO  com.rs.mv.mvvs.client.catalog.from.config.MappingConfigReader - [client:400207]parse mapping config information
2024-12-09 16:37:21.194 [pool-3-thread-1] INFO  com.rs.mv.mvvs.client.catalog.manager.U2CatalogManager - [client:400202]start a schedule task to get global/local catalog for Format, its period 5s 
2024-12-09 16:37:21.195 [pool-3-thread-1] INFO  com.rs.mv.mvvs.client.catalog.manager.U2CatalogManager - [client:400203]cache file auto update thread launch in Helpers account
2024-12-09 16:37:21.195 [pool-3-thread-1] INFO  com.rs.mv.mvvs.client.catalog.from.config.DirsConfigReader - [client:400206]parse dir config information
2024-12-09 16:37:21.197 [pool-3-thread-1] INFO  com.rs.mv.mvvs.client.catalog.from.config.MappingConfigReader - [client:400207]parse mapping config information
2024-12-09 16:37:21.206 [pool-3-thread-1] INFO  com.rs.mv.mvvs.client.catalog.manager.U2CatalogManager - [client:400202]start a schedule task to get global/local catalog for Helpers, its period 5s 
2024-12-09 16:37:21.208 [pool-3-thread-1] INFO  com.rs.mv.mvvs.client.catalog.manager.U2CatalogManager - [client:400203]cache file auto update thread launch in Honeypot account
2024-12-09 16:37:21.208 [pool-3-thread-1] INFO  com.rs.mv.mvvs.client.catalog.from.config.DirsConfigReader - [client:400206]parse dir config information
2024-12-09 16:37:21.212 [pool-3-thread-1] INFO  com.rs.mv.mvvs.client.catalog.from.config.MappingConfigReader - [client:400207]parse mapping config information
2024-12-09 16:37:21.213 [pool-3-thread-1] INFO  com.rs.mv.mvvs.client.catalog.manager.U2CatalogManager - [client:400202]start a schedule task to get global/local catalog for Honeypot, its period 5s 
2024-12-09 16:37:21.214 [pool-3-thread-1] INFO  com.rs.mv.mvvs.client.catalog.manager.U2CatalogManager - [client:400203]cache file auto update thread launch in HTTP account
2024-12-09 16:37:21.215 [pool-3-thread-1] INFO  com.rs.mv.mvvs.client.catalog.from.config.DirsConfigReader - [client:400206]parse dir config information
2024-12-09 16:37:21.215 [pool-3-thread-1] INFO  com.rs.mv.mvvs.client.catalog.from.config.MappingConfigReader - [client:400207]parse mapping config information
2024-12-09 16:37:21.216 [pool-3-thread-1] INFO  com.rs.mv.mvvs.client.catalog.manager.U2CatalogManager - [client:400202]start a schedule task to get global/local catalog for HTTP, its period 5s 
2024-12-09 16:37:21.217 [pool-3-thread-1] INFO  com.rs.mv.mvvs.client.catalog.manager.U2CatalogManager - [client:400203]cache file auto update thread launch in I18n account
2024-12-09 16:37:21.218 [pool-3-thread-1] INFO  com.rs.mv.mvvs.client.catalog.from.config.DirsConfigReader - [client:400206]parse dir config information
2024-12-09 16:37:21.219 [pool-3-thread-1] INFO  com.rs.mv.mvvs.client.catalog.from.config.MappingConfigReader - [client:400207]parse mapping config information
2024-12-09 16:37:21.219 [pool-3-thread-1] INFO  com.rs.mv.mvvs.client.catalog.manager.U2CatalogManager - [client:400202]start a schedule task to get global/local catalog for I18n, its period 5s 
2024-12-09 16:37:21.220 [pool-3-thread-1] INFO  com.rs.mv.mvvs.client.catalog.manager.U2CatalogManager - [client:400203]cache file auto update thread launch in Images account
2024-12-09 16:37:21.221 [pool-3-thread-1] INFO  com.rs.mv.mvvs.client.catalog.from.config.DirsConfigReader - [client:400206]parse dir config information
2024-12-09 16:37:21.221 [pool-3-thread-1] INFO  com.rs.mv.mvvs.client.catalog.from.config.MappingConfigReader - [client:400207]parse mapping config information
2024-12-09 16:37:21.222 [pool-3-thread-1] INFO  com.rs.mv.mvvs.client.catalog.manager.U2CatalogManager - [client:400202]start a schedule task to get global/local catalog for Images, its period 5s 
2024-12-09 16:37:21.223 [pool-3-thread-1] INFO  com.rs.mv.mvvs.client.catalog.manager.U2CatalogManager - [client:400203]cache file auto update thread launch in Language account
2024-12-09 16:37:21.223 [pool-3-thread-1] INFO  com.rs.mv.mvvs.client.catalog.from.config.DirsConfigReader - [client:400206]parse dir config information
2024-12-09 16:37:21.225 [pool-3-thread-1] INFO  com.rs.mv.mvvs.client.catalog.from.config.MappingConfigReader - [client:400207]parse mapping config information
2024-12-09 16:37:21.225 [pool-3-thread-1] INFO  com.rs.mv.mvvs.client.catalog.manager.U2CatalogManager - [client:400202]start a schedule task to get global/local catalog for Language, its period 5s 
2024-12-09 16:37:21.226 [pool-3-thread-1] INFO  com.rs.mv.mvvs.client.catalog.manager.U2CatalogManager - [client:400203]cache file auto update thread launch in Log account
2024-12-09 16:37:21.226 [pool-3-thread-1] INFO  com.rs.mv.mvvs.client.catalog.from.config.DirsConfigReader - [client:400206]parse dir config information
2024-12-09 16:37:21.227 [pool-3-thread-1] INFO  com.rs.mv.mvvs.client.catalog.from.config.MappingConfigReader - [client:400207]parse mapping config information
2024-12-09 16:37:21.227 [pool-3-thread-1] INFO  com.rs.mv.mvvs.client.catalog.manager.U2CatalogManager - [client:400202]start a schedule task to get global/local catalog for Log, its period 5s 
2024-12-09 16:37:21.228 [pool-3-thread-1] INFO  com.rs.mv.mvvs.client.catalog.manager.U2CatalogManager - [client:400203]cache file auto update thread launch in Pager account
2024-12-09 16:37:21.228 [pool-3-thread-1] INFO  com.rs.mv.mvvs.client.catalog.from.config.DirsConfigReader - [client:400206]parse dir config information
2024-12-09 16:37:21.229 [pool-3-thread-1] INFO  com.rs.mv.mvvs.client.catalog.from.config.MappingConfigReader - [client:400207]parse mapping config information
2024-12-09 16:37:21.230 [pool-3-thread-1] INFO  com.rs.mv.mvvs.client.catalog.manager.U2CatalogManager - [client:400202]start a schedule task to get global/local catalog for Pager, its period 5s 
2024-12-09 16:37:21.231 [pool-3-thread-1] INFO  com.rs.mv.mvvs.client.catalog.manager.U2CatalogManager - [client:400203]cache file auto update thread launch in Publisher account
2024-12-09 16:37:21.232 [pool-3-thread-1] INFO  com.rs.mv.mvvs.client.catalog.from.config.DirsConfigReader - [client:400206]parse dir config information
2024-12-09 16:37:21.232 [pool-3-thread-1] INFO  com.rs.mv.mvvs.client.catalog.from.config.MappingConfigReader - [client:400207]parse mapping config information
2024-12-09 16:37:21.233 [pool-3-thread-1] INFO  com.rs.mv.mvvs.client.catalog.manager.U2CatalogManager - [client:400202]start a schedule task to get global/local catalog for Publisher, its period 5s 
2024-12-09 16:37:21.234 [pool-3-thread-1] INFO  com.rs.mv.mvvs.client.catalog.manager.U2CatalogManager - [client:400203]cache file auto update thread launch in Router account
2024-12-09 16:37:21.235 [pool-3-thread-1] INFO  com.rs.mv.mvvs.client.catalog.from.config.DirsConfigReader - [client:400206]parse dir config information
2024-12-09 16:37:21.235 [pool-3-thread-1] INFO  com.rs.mv.mvvs.client.catalog.from.config.MappingConfigReader - [client:400207]parse mapping config information
2024-12-09 16:37:21.239 [pool-3-thread-1] INFO  com.rs.mv.mvvs.client.catalog.manager.U2CatalogManager - [client:400202]start a schedule task to get global/local catalog for Router, its period 5s 
2024-12-09 16:37:21.241 [pool-3-thread-1] INFO  com.rs.mv.mvvs.client.catalog.manager.U2CatalogManager - [client:400203]cache file auto update thread launch in Security account
2024-12-09 16:37:21.241 [pool-3-thread-1] INFO  com.rs.mv.mvvs.client.catalog.from.config.DirsConfigReader - [client:400206]parse dir config information
2024-12-09 16:37:21.241 [pool-3-thread-1] INFO  com.rs.mv.mvvs.client.catalog.from.config.MappingConfigReader - [client:400207]parse mapping config information
2024-12-09 16:37:21.243 [pool-3-thread-1] INFO  com.rs.mv.mvvs.client.catalog.manager.U2CatalogManager - [client:400202]start a schedule task to get global/local catalog for Security, its period 5s 
2024-12-09 16:37:21.244 [pool-3-thread-1] INFO  com.rs.mv.mvvs.client.catalog.manager.U2CatalogManager - [client:400203]cache file auto update thread launch in Session account
2024-12-09 16:37:21.244 [pool-3-thread-1] INFO  com.rs.mv.mvvs.client.catalog.from.config.DirsConfigReader - [client:400206]parse dir config information
2024-12-09 16:37:21.245 [pool-3-thread-1] INFO  com.rs.mv.mvvs.client.catalog.from.config.MappingConfigReader - [client:400207]parse mapping config information
2024-12-09 16:37:21.246 [pool-3-thread-1] INFO  com.rs.mv.mvvs.client.catalog.manager.U2CatalogManager - [client:400202]start a schedule task to get global/local catalog for Session, its period 5s 
2024-12-09 16:37:21.247 [pool-3-thread-1] INFO  com.rs.mv.mvvs.client.catalog.manager.U2CatalogManager - [client:400203]cache file auto update thread launch in Handlers account
2024-12-09 16:37:21.248 [pool-3-thread-1] INFO  com.rs.mv.mvvs.client.catalog.from.config.DirsConfigReader - [client:400206]parse dir config information
2024-12-09 16:37:21.248 [pool-3-thread-1] INFO  com.rs.mv.mvvs.client.catalog.from.config.MappingConfigReader - [client:400207]parse mapping config information
2024-12-09 16:37:21.262 [pool-3-thread-1] INFO  com.rs.mv.mvvs.client.catalog.manager.U2CatalogManager - [client:400202]start a schedule task to get global/local catalog for Handlers, its period 5s 
2024-12-09 16:37:21.263 [pool-3-thread-1] INFO  com.rs.mv.mvvs.client.catalog.manager.U2CatalogManager - [client:400203]cache file auto update thread launch in Test account
2024-12-09 16:37:21.264 [pool-3-thread-1] INFO  com.rs.mv.mvvs.client.catalog.from.config.DirsConfigReader - [client:400206]parse dir config information
2024-12-09 16:37:21.264 [pool-3-thread-1] INFO  com.rs.mv.mvvs.client.catalog.from.config.MappingConfigReader - [client:400207]parse mapping config information
2024-12-09 16:37:21.265 [pool-3-thread-1] INFO  com.rs.mv.mvvs.client.catalog.manager.U2CatalogManager - [client:400202]start a schedule task to get global/local catalog for Test, its period 5s 
2024-12-09 16:37:21.266 [pool-3-thread-1] INFO  com.rs.mv.mvvs.client.catalog.manager.U2CatalogManager - [client:400203]cache file auto update thread launch in ThirdParty account
2024-12-09 16:37:21.267 [pool-3-thread-1] INFO  com.rs.mv.mvvs.client.catalog.from.config.DirsConfigReader - [client:400206]parse dir config information
2024-12-09 16:37:21.267 [pool-3-thread-1] INFO  com.rs.mv.mvvs.client.catalog.from.config.MappingConfigReader - [client:400207]parse mapping config information
2024-12-09 16:37:21.268 [pool-3-thread-1] INFO  com.rs.mv.mvvs.client.catalog.manager.U2CatalogManager - [client:400202]start a schedule task to get global/local catalog for ThirdParty, its period 5s 
2024-12-09 16:37:21.269 [pool-3-thread-1] INFO  com.rs.mv.mvvs.client.catalog.manager.U2CatalogManager - [client:400203]cache file auto update thread launch in Escaper account
2024-12-09 16:37:21.271 [pool-3-thread-1] INFO  com.rs.mv.mvvs.client.catalog.from.config.DirsConfigReader - [client:400206]parse dir config information
2024-12-09 16:37:21.273 [pool-3-thread-1] INFO  com.rs.mv.mvvs.client.catalog.from.config.MappingConfigReader - [client:400207]parse mapping config information
2024-12-09 16:37:21.279 [pool-3-thread-1] INFO  com.rs.mv.mvvs.client.catalog.manager.U2CatalogManager - [client:400202]start a schedule task to get global/local catalog for Escaper, its period 5s 
2024-12-09 16:37:21.280 [pool-3-thread-1] INFO  com.rs.mv.mvvs.client.catalog.manager.U2CatalogManager - [client:400203]cache file auto update thread launch in Kint account
2024-12-09 16:37:21.281 [pool-3-thread-1] INFO  com.rs.mv.mvvs.client.catalog.from.config.DirsConfigReader - [client:400206]parse dir config information
2024-12-09 16:37:21.281 [pool-3-thread-1] INFO  com.rs.mv.mvvs.client.catalog.from.config.MappingConfigReader - [client:400207]parse mapping config information
2024-12-09 16:37:21.282 [pool-3-thread-1] INFO  com.rs.mv.mvvs.client.catalog.manager.U2CatalogManager - [client:400202]start a schedule task to get global/local catalog for Kint, its period 5s 
2024-12-09 16:37:21.283 [pool-3-thread-1] INFO  com.rs.mv.mvvs.client.catalog.manager.U2CatalogManager - [client:400203]cache file auto update thread launch in Renderer account
2024-12-09 16:37:21.283 [pool-3-thread-1] INFO  com.rs.mv.mvvs.client.catalog.from.config.DirsConfigReader - [client:400206]parse dir config information
2024-12-09 16:37:21.284 [pool-3-thread-1] INFO  com.rs.mv.mvvs.client.catalog.from.config.MappingConfigReader - [client:400207]parse mapping config information
2024-12-09 16:37:21.284 [pool-3-thread-1] INFO  com.rs.mv.mvvs.client.catalog.manager.U2CatalogManager - [client:400202]start a schedule task to get global/local catalog for Renderer, its period 5s 
2024-12-09 16:37:21.285 [pool-3-thread-1] INFO  com.rs.mv.mvvs.client.catalog.manager.U2CatalogManager - [client:400203]cache file auto update thread launch in resources account
2024-12-09 16:37:21.285 [pool-3-thread-1] INFO  com.rs.mv.mvvs.client.catalog.from.config.DirsConfigReader - [client:400206]parse dir config information
2024-12-09 16:37:21.286 [pool-3-thread-1] INFO  com.rs.mv.mvvs.client.catalog.from.config.MappingConfigReader - [client:400207]parse mapping config information
2024-12-09 16:37:21.288 [pool-3-thread-1] INFO  com.rs.mv.mvvs.client.catalog.manager.U2CatalogManager - [client:400202]start a schedule task to get global/local catalog for resources, its period 5s 
2024-12-09 16:37:21.289 [pool-3-thread-1] INFO  com.rs.mv.mvvs.client.catalog.manager.U2CatalogManager - [client:400203]cache file auto update thread launch in Zval account
2024-12-09 16:37:21.289 [pool-3-thread-1] INFO  com.rs.mv.mvvs.client.catalog.from.config.DirsConfigReader - [client:400206]parse dir config information
2024-12-09 16:37:21.290 [pool-3-thread-1] INFO  com.rs.mv.mvvs.client.catalog.from.config.MappingConfigReader - [client:400207]parse mapping config information
2024-12-09 16:37:21.291 [pool-3-thread-1] INFO  com.rs.mv.mvvs.client.catalog.manager.U2CatalogManager - [client:400202]start a schedule task to get global/local catalog for Zval, its period 5s 
2024-12-09 16:37:21.292 [pool-3-thread-1] INFO  com.rs.mv.mvvs.client.catalog.manager.U2CatalogManager - [client:400203]cache file auto update thread launch in PSR account
2024-12-09 16:37:21.292 [pool-3-thread-1] INFO  com.rs.mv.mvvs.client.catalog.from.config.DirsConfigReader - [client:400206]parse dir config information
2024-12-09 16:37:21.293 [pool-3-thread-1] INFO  com.rs.mv.mvvs.client.catalog.from.config.MappingConfigReader - [client:400207]parse mapping config information
2024-12-09 16:37:21.293 [pool-3-thread-1] INFO  com.rs.mv.mvvs.client.catalog.manager.U2CatalogManager - [client:400202]start a schedule task to get global/local catalog for PSR, its period 5s 
2024-12-09 16:37:21.294 [pool-3-thread-1] INFO  com.rs.mv.mvvs.client.catalog.manager.U2CatalogManager - [client:400203]cache file auto update thread launch in Validation account
2024-12-09 16:37:21.295 [pool-3-thread-1] INFO  com.rs.mv.mvvs.client.catalog.from.config.DirsConfigReader - [client:400206]parse dir config information
2024-12-09 16:37:21.295 [pool-3-thread-1] INFO  com.rs.mv.mvvs.client.catalog.from.config.MappingConfigReader - [client:400207]parse mapping config information
2024-12-09 16:37:21.295 [pool-3-thread-1] INFO  com.rs.mv.mvvs.client.catalog.manager.U2CatalogManager - [client:400202]start a schedule task to get global/local catalog for Validation, its period 5s 
2024-12-09 16:37:21.296 [pool-3-thread-1] INFO  com.rs.mv.mvvs.client.catalog.manager.U2CatalogManager - [client:400203]cache file auto update thread launch in View account
2024-12-09 16:37:21.297 [pool-3-thread-1] INFO  com.rs.mv.mvvs.client.catalog.from.config.DirsConfigReader - [client:400206]parse dir config information
2024-12-09 16:37:21.297 [pool-3-thread-1] INFO  com.rs.mv.mvvs.client.catalog.from.config.MappingConfigReader - [client:400207]parse mapping config information
2024-12-09 16:37:21.298 [pool-3-thread-1] INFO  com.rs.mv.mvvs.client.catalog.manager.U2CatalogManager - [client:400202]start a schedule task to get global/local catalog for View, its period 5s 
2024-12-09 16:37:21.299 [pool-3-thread-1] INFO  com.rs.mv.mvvs.client.catalog.manager.U2CatalogManager - [client:400203]cache file auto update thread launch in tests account
2024-12-09 16:37:21.299 [pool-3-thread-1] INFO  com.rs.mv.mvvs.client.catalog.from.config.DirsConfigReader - [client:400206]parse dir config information
2024-12-09 16:37:21.300 [pool-3-thread-1] INFO  com.rs.mv.mvvs.client.catalog.from.config.MappingConfigReader - [client:400207]parse mapping config information
2024-12-09 16:37:21.300 [pool-3-thread-1] INFO  com.rs.mv.mvvs.client.catalog.manager.U2CatalogManager - [client:400202]start a schedule task to get global/local catalog for tests, its period 5s 
2024-12-09 16:37:21.301 [pool-3-thread-1] INFO  com.rs.mv.mvvs.client.catalog.manager.U2CatalogManager - [client:400203]cache file auto update thread launch in _support account
2024-12-09 16:37:21.301 [pool-3-thread-1] INFO  com.rs.mv.mvvs.client.catalog.from.config.DirsConfigReader - [client:400206]parse dir config information
2024-12-09 16:37:21.301 [pool-3-thread-1] INFO  com.rs.mv.mvvs.client.catalog.from.config.MappingConfigReader - [client:400207]parse mapping config information
2024-12-09 16:37:21.302 [pool-3-thread-1] INFO  com.rs.mv.mvvs.client.catalog.manager.U2CatalogManager - [client:400202]start a schedule task to get global/local catalog for _support, its period 5s 
2024-12-09 16:37:21.303 [pool-3-thread-1] INFO  com.rs.mv.mvvs.client.catalog.manager.U2CatalogManager - [client:400203]cache file auto update thread launch in Database account
2024-12-09 16:37:21.303 [pool-3-thread-1] INFO  com.rs.mv.mvvs.client.catalog.from.config.DirsConfigReader - [client:400206]parse dir config information
2024-12-09 16:37:21.304 [pool-3-thread-1] INFO  com.rs.mv.mvvs.client.catalog.from.config.MappingConfigReader - [client:400207]parse mapping config information
2024-12-09 16:37:21.305 [pool-3-thread-1] INFO  com.rs.mv.mvvs.client.catalog.manager.U2CatalogManager - [client:400202]start a schedule task to get global/local catalog for Database, its period 5s 
2024-12-09 16:37:21.306 [pool-3-thread-1] INFO  com.rs.mv.mvvs.client.catalog.manager.U2CatalogManager - [client:400203]cache file auto update thread launch in writable account
2024-12-09 16:37:21.307 [pool-3-thread-1] INFO  com.rs.mv.mvvs.client.catalog.from.config.DirsConfigReader - [client:400206]parse dir config information
2024-12-09 16:37:21.307 [pool-3-thread-1] INFO  com.rs.mv.mvvs.client.catalog.from.config.MappingConfigReader - [client:400207]parse mapping config information
2024-12-09 16:37:21.308 [pool-3-thread-1] INFO  com.rs.mv.mvvs.client.catalog.manager.U2CatalogManager - [client:400202]start a schedule task to get global/local catalog for writable, its period 5s 
2024-12-09 16:37:21.309 [pool-3-thread-1] INFO  com.rs.mv.mvvs.client.catalog.manager.U2CatalogManager - [client:400203]cache file auto update thread launch in dompdf account
2024-12-09 16:37:21.309 [pool-3-thread-1] INFO  com.rs.mv.mvvs.client.catalog.from.config.DirsConfigReader - [client:400206]parse dir config information
2024-12-09 16:37:21.310 [pool-3-thread-1] INFO  com.rs.mv.mvvs.client.catalog.from.config.MappingConfigReader - [client:400207]parse mapping config information
2024-12-09 16:37:21.311 [pool-3-thread-1] INFO  com.rs.mv.mvvs.client.catalog.manager.U2CatalogManager - [client:400202]start a schedule task to get global/local catalog for dompdf, its period 5s 
2024-12-09 16:37:21.312 [pool-3-thread-1] INFO  com.rs.mv.mvvs.client.catalog.manager.U2CatalogManager - [client:400203]cache file auto update thread launch in dompdf account
2024-12-09 16:37:21.312 [pool-3-thread-1] INFO  com.rs.mv.mvvs.client.catalog.from.config.DirsConfigReader - [client:400206]parse dir config information
2024-12-09 16:37:21.314 [pool-3-thread-1] INFO  com.rs.mv.mvvs.client.catalog.from.config.MappingConfigReader - [client:400207]parse mapping config information
2024-12-09 16:37:21.315 [pool-3-thread-1] INFO  com.rs.mv.mvvs.client.catalog.manager.U2CatalogManager - [client:400202]start a schedule task to get global/local catalog for dompdf, its period 5s 
2024-12-09 16:37:21.316 [pool-3-thread-1] INFO  com.rs.mv.mvvs.client.catalog.manager.U2CatalogManager - [client:400203]cache file auto update thread launch in lib account
2024-12-09 16:37:21.318 [pool-3-thread-1] INFO  com.rs.mv.mvvs.client.catalog.from.config.DirsConfigReader - [client:400206]parse dir config information
2024-12-09 16:37:21.319 [pool-3-thread-1] INFO  com.rs.mv.mvvs.client.catalog.from.config.MappingConfigReader - [client:400207]parse mapping config information
2024-12-09 16:37:21.320 [pool-3-thread-1] INFO  com.rs.mv.mvvs.client.catalog.manager.U2CatalogManager - [client:400202]start a schedule task to get global/local catalog for lib, its period 5s 
2024-12-09 16:37:21.322 [pool-3-thread-1] INFO  com.rs.mv.mvvs.client.catalog.manager.U2CatalogManager - [client:400203]cache file auto update thread launch in src account
2024-12-09 16:37:21.322 [pool-3-thread-1] INFO  com.rs.mv.mvvs.client.catalog.from.config.DirsConfigReader - [client:400206]parse dir config information
2024-12-09 16:37:21.322 [pool-3-thread-1] INFO  com.rs.mv.mvvs.client.catalog.from.config.MappingConfigReader - [client:400207]parse mapping config information
2024-12-09 16:37:21.323 [pool-3-thread-1] INFO  com.rs.mv.mvvs.client.catalog.manager.U2CatalogManager - [client:400202]start a schedule task to get global/local catalog for src, its period 5s 
2024-12-09 16:37:21.351 [pool-3-thread-1] INFO  com.rs.mv.mvvs.client.catalog.manager.U2CatalogManager - [client:400203]cache file auto update thread launch in Css account
2024-12-09 16:37:21.351 [pool-3-thread-1] INFO  com.rs.mv.mvvs.client.catalog.from.config.DirsConfigReader - [client:400206]parse dir config information
2024-12-09 16:37:21.351 [pool-3-thread-1] INFO  com.rs.mv.mvvs.client.catalog.from.config.MappingConfigReader - [client:400207]parse mapping config information
2024-12-09 16:37:21.352 [pool-3-thread-1] INFO  com.rs.mv.mvvs.client.catalog.manager.U2CatalogManager - [client:400202]start a schedule task to get global/local catalog for Css, its period 5s 
2024-12-09 16:37:21.352 [pool-3-thread-1] INFO  com.rs.mv.mvvs.client.catalog.manager.U2CatalogManager - [client:400203]cache file auto update thread launch in php-font-lib account
2024-12-09 16:37:21.353 [pool-3-thread-1] INFO  com.rs.mv.mvvs.client.catalog.from.config.DirsConfigReader - [client:400206]parse dir config information
2024-12-09 16:37:21.353 [pool-3-thread-1] INFO  com.rs.mv.mvvs.client.catalog.from.config.MappingConfigReader - [client:400207]parse mapping config information
2024-12-09 16:37:21.362 [pool-3-thread-1] INFO  com.rs.mv.mvvs.client.catalog.manager.U2CatalogManager - [client:400202]start a schedule task to get global/local catalog for php-font-lib, its period 5s 
2024-12-09 16:37:21.362 [pool-3-thread-1] INFO  com.rs.mv.mvvs.client.catalog.manager.U2CatalogManager - [client:400203]cache file auto update thread launch in src account
2024-12-09 16:37:21.363 [pool-3-thread-1] INFO  com.rs.mv.mvvs.client.catalog.from.config.DirsConfigReader - [client:400206]parse dir config information
2024-12-09 16:37:21.363 [pool-3-thread-1] INFO  com.rs.mv.mvvs.client.catalog.from.config.MappingConfigReader - [client:400207]parse mapping config information
2024-12-09 16:37:21.368 [pool-3-thread-1] INFO  com.rs.mv.mvvs.client.catalog.manager.U2CatalogManager - [client:400202]start a schedule task to get global/local catalog for src, its period 5s 
2024-12-09 16:37:21.368 [pool-3-thread-1] INFO  com.rs.mv.mvvs.client.catalog.manager.U2CatalogManager - [client:400203]cache file auto update thread launch in FontLib account
2024-12-09 16:37:21.369 [pool-3-thread-1] INFO  com.rs.mv.mvvs.client.catalog.from.config.DirsConfigReader - [client:400206]parse dir config information
2024-12-09 16:37:21.369 [pool-3-thread-1] INFO  com.rs.mv.mvvs.client.catalog.from.config.MappingConfigReader - [client:400207]parse mapping config information
2024-12-09 16:37:21.370 [pool-3-thread-1] INFO  com.rs.mv.mvvs.client.catalog.manager.U2CatalogManager - [client:400202]start a schedule task to get global/local catalog for FontLib, its period 5s 
2024-12-09 16:37:21.370 [pool-3-thread-1] INFO  com.rs.mv.mvvs.client.catalog.manager.U2CatalogManager - [client:400203]cache file auto update thread launch in Table account
2024-12-09 16:37:21.371 [pool-3-thread-1] INFO  com.rs.mv.mvvs.client.catalog.from.config.DirsConfigReader - [client:400206]parse dir config information
2024-12-09 16:37:21.371 [pool-3-thread-1] INFO  com.rs.mv.mvvs.client.catalog.from.config.MappingConfigReader - [client:400207]parse mapping config information
2024-12-09 16:37:21.371 [pool-3-thread-1] INFO  com.rs.mv.mvvs.client.catalog.manager.U2CatalogManager - [client:400202]start a schedule task to get global/local catalog for Table, its period 5s 
2024-12-09 16:37:21.372 [pool-3-thread-1] INFO  com.rs.mv.mvvs.client.catalog.manager.U2CatalogManager - [client:400203]cache file auto update thread launch in php-svg-lib account
2024-12-09 16:37:21.372 [pool-3-thread-1] INFO  com.rs.mv.mvvs.client.catalog.from.config.DirsConfigReader - [client:400206]parse dir config information
2024-12-09 16:37:21.373 [pool-3-thread-1] INFO  com.rs.mv.mvvs.client.catalog.from.config.MappingConfigReader - [client:400207]parse mapping config information
2024-12-09 16:37:21.373 [pool-3-thread-1] INFO  com.rs.mv.mvvs.client.catalog.manager.U2CatalogManager - [client:400202]start a schedule task to get global/local catalog for php-svg-lib, its period 5s 
2024-12-09 16:37:21.374 [pool-3-thread-1] INFO  com.rs.mv.mvvs.client.catalog.manager.U2CatalogManager - [client:400203]cache file auto update thread launch in src account
2024-12-09 16:37:21.374 [pool-3-thread-1] INFO  com.rs.mv.mvvs.client.catalog.from.config.DirsConfigReader - [client:400206]parse dir config information
2024-12-09 16:37:21.374 [pool-3-thread-1] INFO  com.rs.mv.mvvs.client.catalog.from.config.MappingConfigReader - [client:400207]parse mapping config information
2024-12-09 16:37:21.375 [pool-3-thread-1] INFO  com.rs.mv.mvvs.client.catalog.manager.U2CatalogManager - [client:400202]start a schedule task to get global/local catalog for src, its period 5s 
2024-12-09 16:37:21.375 [pool-3-thread-1] INFO  com.rs.mv.mvvs.client.catalog.manager.U2CatalogManager - [client:400203]cache file auto update thread launch in Svg account
2024-12-09 16:37:21.377 [pool-3-thread-1] INFO  com.rs.mv.mvvs.client.catalog.from.config.DirsConfigReader - [client:400206]parse dir config information
2024-12-09 16:37:21.378 [pool-3-thread-1] INFO  com.rs.mv.mvvs.client.catalog.from.config.MappingConfigReader - [client:400207]parse mapping config information
2024-12-09 16:37:21.379 [pool-3-thread-1] INFO  com.rs.mv.mvvs.client.catalog.manager.U2CatalogManager - [client:400202]start a schedule task to get global/local catalog for Svg, its period 5s 
2024-12-09 16:37:21.380 [pool-3-thread-1] INFO  com.rs.mv.mvvs.client.catalog.manager.U2CatalogManager - [client:400203]cache file auto update thread launch in fakerphp account
2024-12-09 16:37:21.381 [pool-3-thread-1] INFO  com.rs.mv.mvvs.client.catalog.from.config.DirsConfigReader - [client:400206]parse dir config information
2024-12-09 16:37:21.381 [pool-3-thread-1] INFO  com.rs.mv.mvvs.client.catalog.from.config.MappingConfigReader - [client:400207]parse mapping config information
2024-12-09 16:37:21.382 [pool-3-thread-1] INFO  com.rs.mv.mvvs.client.catalog.manager.U2CatalogManager - [client:400202]start a schedule task to get global/local catalog for fakerphp, its period 5s 
2024-12-09 16:37:21.382 [pool-3-thread-1] INFO  com.rs.mv.mvvs.client.catalog.manager.U2CatalogManager - [client:400203]cache file auto update thread launch in faker account
2024-12-09 16:37:21.383 [pool-3-thread-1] INFO  com.rs.mv.mvvs.client.catalog.from.config.DirsConfigReader - [client:400206]parse dir config information
2024-12-09 16:37:21.383 [pool-3-thread-1] INFO  com.rs.mv.mvvs.client.catalog.from.config.MappingConfigReader - [client:400207]parse mapping config information
2024-12-09 16:37:21.383 [pool-3-thread-1] INFO  com.rs.mv.mvvs.client.catalog.manager.U2CatalogManager - [client:400202]start a schedule task to get global/local catalog for faker, its period 5s 
2024-12-09 16:37:21.384 [pool-3-thread-1] INFO  com.rs.mv.mvvs.client.catalog.manager.U2CatalogManager - [client:400203]cache file auto update thread launch in src account
2024-12-09 16:37:21.384 [pool-3-thread-1] INFO  com.rs.mv.mvvs.client.catalog.from.config.DirsConfigReader - [client:400206]parse dir config information
2024-12-09 16:37:21.384 [pool-3-thread-1] INFO  com.rs.mv.mvvs.client.catalog.from.config.MappingConfigReader - [client:400207]parse mapping config information
2024-12-09 16:37:21.385 [pool-3-thread-1] INFO  com.rs.mv.mvvs.client.catalog.manager.U2CatalogManager - [client:400202]start a schedule task to get global/local catalog for src, its period 5s 
2024-12-09 16:37:21.385 [pool-3-thread-1] INFO  com.rs.mv.mvvs.client.catalog.manager.U2CatalogManager - [client:400203]cache file auto update thread launch in Faker account
2024-12-09 16:37:21.386 [pool-3-thread-1] INFO  com.rs.mv.mvvs.client.catalog.from.config.DirsConfigReader - [client:400206]parse dir config information
2024-12-09 16:37:21.386 [pool-3-thread-1] INFO  com.rs.mv.mvvs.client.catalog.from.config.MappingConfigReader - [client:400207]parse mapping config information
2024-12-09 16:37:21.386 [pool-3-thread-1] INFO  com.rs.mv.mvvs.client.catalog.manager.U2CatalogManager - [client:400202]start a schedule task to get global/local catalog for Faker, its period 5s 
2024-12-09 16:37:21.403 [pool-3-thread-1] INFO  com.rs.mv.mvvs.client.catalog.manager.U2CatalogManager - [client:400203]cache file auto update thread launch in ORM account
2024-12-09 16:37:21.403 [pool-3-thread-1] INFO  com.rs.mv.mvvs.client.catalog.from.config.DirsConfigReader - [client:400206]parse dir config information
2024-12-09 16:37:21.404 [pool-3-thread-1] INFO  com.rs.mv.mvvs.client.catalog.from.config.MappingConfigReader - [client:400207]parse mapping config information
2024-12-09 16:37:21.405 [pool-3-thread-1] INFO  com.rs.mv.mvvs.client.catalog.manager.U2CatalogManager - [client:400202]start a schedule task to get global/local catalog for ORM, its period 5s 
2024-12-09 16:37:21.406 [pool-3-thread-1] INFO  com.rs.mv.mvvs.client.catalog.manager.U2CatalogManager - [client:400203]cache file auto update thread launch in Provider account
2024-12-09 16:37:21.406 [pool-3-thread-1] INFO  com.rs.mv.mvvs.client.catalog.from.config.DirsConfigReader - [client:400206]parse dir config information
2024-12-09 16:37:21.409 [pool-3-thread-1] INFO  com.rs.mv.mvvs.client.catalog.from.config.MappingConfigReader - [client:400207]parse mapping config information
2024-12-09 16:37:21.410 [pool-3-thread-1] INFO  com.rs.mv.mvvs.client.catalog.manager.U2CatalogManager - [client:400202]start a schedule task to get global/local catalog for Provider, its period 5s 
2024-12-09 16:37:21.411 [pool-3-thread-1] INFO  com.rs.mv.mvvs.client.catalog.manager.U2CatalogManager - [client:400203]cache file auto update thread launch in laminas account
2024-12-09 16:37:21.411 [pool-3-thread-1] INFO  com.rs.mv.mvvs.client.catalog.from.config.DirsConfigReader - [client:400206]parse dir config information
2024-12-09 16:37:21.411 [pool-3-thread-1] INFO  com.rs.mv.mvvs.client.catalog.from.config.MappingConfigReader - [client:400207]parse mapping config information
2024-12-09 16:37:21.421 [pool-3-thread-1] INFO  com.rs.mv.mvvs.client.catalog.manager.U2CatalogManager - [client:400202]start a schedule task to get global/local catalog for laminas, its period 5s 
2024-12-09 16:37:21.421 [pool-3-thread-1] INFO  com.rs.mv.mvvs.client.catalog.manager.U2CatalogManager - [client:400203]cache file auto update thread launch in laminas-escaper account
2024-12-09 16:37:21.422 [pool-3-thread-1] INFO  com.rs.mv.mvvs.client.catalog.from.config.DirsConfigReader - [client:400206]parse dir config information
2024-12-09 16:37:21.423 [pool-3-thread-1] INFO  com.rs.mv.mvvs.client.catalog.from.config.MappingConfigReader - [client:400207]parse mapping config information
2024-12-09 16:37:21.423 [pool-3-thread-1] INFO  com.rs.mv.mvvs.client.catalog.manager.U2CatalogManager - [client:400202]start a schedule task to get global/local catalog for laminas-escaper, its period 5s 
2024-12-09 16:37:21.424 [pool-3-thread-1] INFO  com.rs.mv.mvvs.client.catalog.manager.U2CatalogManager - [client:400203]cache file auto update thread launch in src account
2024-12-09 16:37:21.425 [pool-3-thread-1] INFO  com.rs.mv.mvvs.client.catalog.from.config.DirsConfigReader - [client:400206]parse dir config information
2024-12-09 16:37:21.425 [pool-3-thread-1] INFO  com.rs.mv.mvvs.client.catalog.from.config.MappingConfigReader - [client:400207]parse mapping config information
2024-12-09 16:37:21.426 [pool-3-thread-1] INFO  com.rs.mv.mvvs.client.catalog.manager.U2CatalogManager - [client:400202]start a schedule task to get global/local catalog for src, its period 5s 
2024-12-09 16:37:21.426 [pool-3-thread-1] INFO  com.rs.mv.mvvs.client.catalog.manager.U2CatalogManager - [client:400203]cache file auto update thread launch in masterminds account
2024-12-09 16:37:21.427 [pool-3-thread-1] INFO  com.rs.mv.mvvs.client.catalog.from.config.DirsConfigReader - [client:400206]parse dir config information
2024-12-09 16:37:21.427 [pool-3-thread-1] INFO  com.rs.mv.mvvs.client.catalog.from.config.MappingConfigReader - [client:400207]parse mapping config information
2024-12-09 16:37:21.427 [pool-3-thread-1] INFO  com.rs.mv.mvvs.client.catalog.manager.U2CatalogManager - [client:400202]start a schedule task to get global/local catalog for masterminds, its period 5s 
2024-12-09 16:37:21.428 [pool-3-thread-1] INFO  com.rs.mv.mvvs.client.catalog.manager.U2CatalogManager - [client:400203]cache file auto update thread launch in html5 account
2024-12-09 16:37:21.428 [pool-3-thread-1] INFO  com.rs.mv.mvvs.client.catalog.from.config.DirsConfigReader - [client:400206]parse dir config information
2024-12-09 16:37:21.429 [pool-3-thread-1] INFO  com.rs.mv.mvvs.client.catalog.from.config.MappingConfigReader - [client:400207]parse mapping config information
2024-12-09 16:37:21.430 [pool-3-thread-1] INFO  com.rs.mv.mvvs.client.catalog.manager.U2CatalogManager - [client:400202]start a schedule task to get global/local catalog for html5, its period 5s 
2024-12-09 16:37:21.431 [pool-3-thread-1] INFO  com.rs.mv.mvvs.client.catalog.manager.U2CatalogManager - [client:400203]cache file auto update thread launch in src account
2024-12-09 16:37:21.431 [pool-3-thread-1] INFO  com.rs.mv.mvvs.client.catalog.from.config.DirsConfigReader - [client:400206]parse dir config information
2024-12-09 16:37:21.431 [pool-3-thread-1] INFO  com.rs.mv.mvvs.client.catalog.from.config.MappingConfigReader - [client:400207]parse mapping config information
2024-12-09 16:37:21.432 [pool-3-thread-1] INFO  com.rs.mv.mvvs.client.catalog.manager.U2CatalogManager - [client:400202]start a schedule task to get global/local catalog for src, its period 5s 
2024-12-09 16:37:21.433 [pool-3-thread-1] INFO  com.rs.mv.mvvs.client.catalog.manager.U2CatalogManager - [client:400203]cache file auto update thread launch in HTML5 account
2024-12-09 16:37:21.433 [pool-3-thread-1] INFO  com.rs.mv.mvvs.client.catalog.from.config.DirsConfigReader - [client:400206]parse dir config information
2024-12-09 16:37:21.433 [pool-3-thread-1] INFO  com.rs.mv.mvvs.client.catalog.from.config.MappingConfigReader - [client:400207]parse mapping config information
2024-12-09 16:37:21.434 [pool-3-thread-1] INFO  com.rs.mv.mvvs.client.catalog.manager.U2CatalogManager - [client:400202]start a schedule task to get global/local catalog for HTML5, its period 5s 
2024-12-09 16:37:21.434 [pool-3-thread-1] INFO  com.rs.mv.mvvs.client.catalog.manager.U2CatalogManager - [client:400203]cache file auto update thread launch in mikey179 account
2024-12-09 16:37:21.434 [pool-3-thread-1] INFO  com.rs.mv.mvvs.client.catalog.from.config.DirsConfigReader - [client:400206]parse dir config information
2024-12-09 16:37:21.435 [pool-3-thread-1] INFO  com.rs.mv.mvvs.client.catalog.from.config.MappingConfigReader - [client:400207]parse mapping config information
2024-12-09 16:37:21.438 [pool-3-thread-1] INFO  com.rs.mv.mvvs.client.catalog.manager.U2CatalogManager - [client:400202]start a schedule task to get global/local catalog for mikey179, its period 5s 
2024-12-09 16:37:21.439 [pool-3-thread-1] INFO  com.rs.mv.mvvs.client.catalog.manager.U2CatalogManager - [client:400203]cache file auto update thread launch in vfsstream account
2024-12-09 16:37:21.439 [pool-3-thread-1] INFO  com.rs.mv.mvvs.client.catalog.from.config.DirsConfigReader - [client:400206]parse dir config information
2024-12-09 16:37:21.439 [pool-3-thread-1] INFO  com.rs.mv.mvvs.client.catalog.from.config.MappingConfigReader - [client:400207]parse mapping config information
2024-12-09 16:37:21.440 [pool-3-thread-1] INFO  com.rs.mv.mvvs.client.catalog.manager.U2CatalogManager - [client:400202]start a schedule task to get global/local catalog for vfsstream, its period 5s 
2024-12-09 16:37:21.441 [pool-3-thread-1] INFO  com.rs.mv.mvvs.client.catalog.manager.U2CatalogManager - [client:400203]cache file auto update thread launch in .github account
2024-12-09 16:37:21.442 [pool-3-thread-1] INFO  com.rs.mv.mvvs.client.catalog.from.config.DirsConfigReader - [client:400206]parse dir config information
2024-12-09 16:37:21.442 [pool-3-thread-1] INFO  com.rs.mv.mvvs.client.catalog.from.config.MappingConfigReader - [client:400207]parse mapping config information
2024-12-09 16:37:21.445 [pool-3-thread-1] INFO  com.rs.mv.mvvs.client.catalog.manager.U2CatalogManager - [client:400202]start a schedule task to get global/local catalog for .github, its period 5s 
2024-12-09 16:37:21.446 [pool-3-thread-1] INFO  com.rs.mv.mvvs.client.catalog.manager.U2CatalogManager - [client:400203]cache file auto update thread launch in src account
2024-12-09 16:37:21.446 [pool-3-thread-1] INFO  com.rs.mv.mvvs.client.catalog.from.config.DirsConfigReader - [client:400206]parse dir config information
2024-12-09 16:37:21.447 [pool-3-thread-1] INFO  com.rs.mv.mvvs.client.catalog.from.config.MappingConfigReader - [client:400207]parse mapping config information
2024-12-09 16:37:21.447 [pool-3-thread-1] INFO  com.rs.mv.mvvs.client.catalog.manager.U2CatalogManager - [client:400202]start a schedule task to get global/local catalog for src, its period 5s 
2024-12-09 16:37:21.448 [pool-3-thread-1] INFO  com.rs.mv.mvvs.client.catalog.manager.U2CatalogManager - [client:400203]cache file auto update thread launch in main account
2024-12-09 16:37:21.448 [pool-3-thread-1] INFO  com.rs.mv.mvvs.client.catalog.from.config.DirsConfigReader - [client:400206]parse dir config information
2024-12-09 16:37:21.448 [pool-3-thread-1] INFO  com.rs.mv.mvvs.client.catalog.from.config.MappingConfigReader - [client:400207]parse mapping config information
2024-12-09 16:37:21.449 [pool-3-thread-1] INFO  com.rs.mv.mvvs.client.catalog.manager.U2CatalogManager - [client:400202]start a schedule task to get global/local catalog for main, its period 5s 
2024-12-09 16:37:21.450 [pool-3-thread-1] INFO  com.rs.mv.mvvs.client.catalog.manager.U2CatalogManager - [client:400203]cache file auto update thread launch in php account
2024-12-09 16:37:21.450 [pool-3-thread-1] INFO  com.rs.mv.mvvs.client.catalog.from.config.DirsConfigReader - [client:400206]parse dir config information
2024-12-09 16:37:21.451 [pool-3-thread-1] INFO  com.rs.mv.mvvs.client.catalog.from.config.MappingConfigReader - [client:400207]parse mapping config information
2024-12-09 16:37:21.451 [pool-3-thread-1] INFO  com.rs.mv.mvvs.client.catalog.manager.U2CatalogManager - [client:400202]start a schedule task to get global/local catalog for php, its period 5s 
2024-12-09 16:37:21.452 [pool-3-thread-1] INFO  com.rs.mv.mvvs.client.catalog.manager.U2CatalogManager - [client:400203]cache file auto update thread launch in org account
2024-12-09 16:37:21.453 [pool-3-thread-1] INFO  com.rs.mv.mvvs.client.catalog.from.config.DirsConfigReader - [client:400206]parse dir config information
2024-12-09 16:37:21.453 [pool-3-thread-1] INFO  com.rs.mv.mvvs.client.catalog.from.config.MappingConfigReader - [client:400207]parse mapping config information
2024-12-09 16:37:21.453 [pool-3-thread-1] INFO  com.rs.mv.mvvs.client.catalog.manager.U2CatalogManager - [client:400202]start a schedule task to get global/local catalog for org, its period 5s 
2024-12-09 16:37:21.458 [pool-3-thread-1] INFO  com.rs.mv.mvvs.client.catalog.manager.U2CatalogManager - [client:400203]cache file auto update thread launch in bovigo account
2024-12-09 16:37:21.460 [pool-3-thread-1] INFO  com.rs.mv.mvvs.client.catalog.from.config.DirsConfigReader - [client:400206]parse dir config information
2024-12-09 16:37:21.461 [pool-3-thread-1] INFO  com.rs.mv.mvvs.client.catalog.from.config.MappingConfigReader - [client:400207]parse mapping config information
2024-12-09 16:37:21.461 [pool-3-thread-1] INFO  com.rs.mv.mvvs.client.catalog.manager.U2CatalogManager - [client:400202]start a schedule task to get global/local catalog for bovigo, its period 5s 
2024-12-09 16:37:21.462 [pool-3-thread-1] INFO  com.rs.mv.mvvs.client.catalog.manager.U2CatalogManager - [client:400203]cache file auto update thread launch in vfs account
2024-12-09 16:37:21.464 [pool-3-thread-1] INFO  com.rs.mv.mvvs.client.catalog.from.config.DirsConfigReader - [client:400206]parse dir config information
2024-12-09 16:37:21.464 [pool-3-thread-1] INFO  com.rs.mv.mvvs.client.catalog.from.config.MappingConfigReader - [client:400207]parse mapping config information
2024-12-09 16:37:21.465 [pool-3-thread-1] INFO  com.rs.mv.mvvs.client.catalog.manager.U2CatalogManager - [client:400202]start a schedule task to get global/local catalog for vfs, its period 5s 
2024-12-09 16:37:21.466 [pool-3-thread-1] INFO  com.rs.mv.mvvs.client.catalog.manager.U2CatalogManager - [client:400203]cache file auto update thread launch in test account
2024-12-09 16:37:21.466 [pool-3-thread-1] INFO  com.rs.mv.mvvs.client.catalog.from.config.DirsConfigReader - [client:400206]parse dir config information
2024-12-09 16:37:21.467 [pool-3-thread-1] INFO  com.rs.mv.mvvs.client.catalog.from.config.MappingConfigReader - [client:400207]parse mapping config information
2024-12-09 16:37:21.468 [pool-3-thread-1] INFO  com.rs.mv.mvvs.client.catalog.manager.U2CatalogManager - [client:400202]start a schedule task to get global/local catalog for test, its period 5s 
2024-12-09 16:37:21.468 [pool-3-thread-1] INFO  com.rs.mv.mvvs.client.catalog.manager.U2CatalogManager - [client:400203]cache file auto update thread launch in php account
2024-12-09 16:37:21.469 [pool-3-thread-1] INFO  com.rs.mv.mvvs.client.catalog.from.config.DirsConfigReader - [client:400206]parse dir config information
2024-12-09 16:37:21.469 [pool-3-thread-1] INFO  com.rs.mv.mvvs.client.catalog.from.config.MappingConfigReader - [client:400207]parse mapping config information
2024-12-09 16:37:21.470 [pool-3-thread-1] INFO  com.rs.mv.mvvs.client.catalog.manager.U2CatalogManager - [client:400202]start a schedule task to get global/local catalog for php, its period 5s 
2024-12-09 16:37:21.471 [pool-3-thread-1] INFO  com.rs.mv.mvvs.client.catalog.manager.U2CatalogManager - [client:400203]cache file auto update thread launch in org account
2024-12-09 16:37:21.471 [pool-3-thread-1] INFO  com.rs.mv.mvvs.client.catalog.from.config.DirsConfigReader - [client:400206]parse dir config information
2024-12-09 16:37:21.472 [pool-3-thread-1] INFO  com.rs.mv.mvvs.client.catalog.from.config.MappingConfigReader - [client:400207]parse mapping config information
2024-12-09 16:37:21.472 [pool-3-thread-1] INFO  com.rs.mv.mvvs.client.catalog.manager.U2CatalogManager - [client:400202]start a schedule task to get global/local catalog for org, its period 5s 
2024-12-09 16:37:21.473 [pool-3-thread-1] INFO  com.rs.mv.mvvs.client.catalog.manager.U2CatalogManager - [client:400203]cache file auto update thread launch in bovigo account
2024-12-09 16:37:21.473 [pool-3-thread-1] INFO  com.rs.mv.mvvs.client.catalog.from.config.DirsConfigReader - [client:400206]parse dir config information
2024-12-09 16:37:21.473 [pool-3-thread-1] INFO  com.rs.mv.mvvs.client.catalog.from.config.MappingConfigReader - [client:400207]parse mapping config information
2024-12-09 16:37:21.474 [pool-3-thread-1] INFO  com.rs.mv.mvvs.client.catalog.manager.U2CatalogManager - [client:400202]start a schedule task to get global/local catalog for bovigo, its period 5s 
2024-12-09 16:37:21.478 [pool-3-thread-1] INFO  com.rs.mv.mvvs.client.catalog.manager.U2CatalogManager - [client:400203]cache file auto update thread launch in vfs account
2024-12-09 16:37:21.478 [pool-3-thread-1] INFO  com.rs.mv.mvvs.client.catalog.from.config.DirsConfigReader - [client:400206]parse dir config information
2024-12-09 16:37:21.479 [pool-3-thread-1] INFO  com.rs.mv.mvvs.client.catalog.from.config.MappingConfigReader - [client:400207]parse mapping config information
2024-12-09 16:37:21.479 [pool-3-thread-1] INFO  com.rs.mv.mvvs.client.catalog.manager.U2CatalogManager - [client:400202]start a schedule task to get global/local catalog for vfs, its period 5s 
2024-12-09 16:37:21.480 [pool-3-thread-1] INFO  com.rs.mv.mvvs.client.catalog.manager.U2CatalogManager - [client:400203]cache file auto update thread launch in resources account
2024-12-09 16:37:21.481 [pool-3-thread-1] INFO  com.rs.mv.mvvs.client.catalog.from.config.DirsConfigReader - [client:400206]parse dir config information
2024-12-09 16:37:21.481 [pool-3-thread-1] INFO  com.rs.mv.mvvs.client.catalog.from.config.MappingConfigReader - [client:400207]parse mapping config information
2024-12-09 16:37:21.482 [pool-3-thread-1] INFO  com.rs.mv.mvvs.client.catalog.manager.U2CatalogManager - [client:400202]start a schedule task to get global/local catalog for resources, its period 5s 
2024-12-09 16:37:21.483 [pool-3-thread-1] INFO  com.rs.mv.mvvs.client.catalog.manager.U2CatalogManager - [client:400203]cache file auto update thread launch in filesystemcopy account
2024-12-09 16:37:21.483 [pool-3-thread-1] INFO  com.rs.mv.mvvs.client.catalog.from.config.DirsConfigReader - [client:400206]parse dir config information
2024-12-09 16:37:21.484 [pool-3-thread-1] INFO  com.rs.mv.mvvs.client.catalog.from.config.MappingConfigReader - [client:400207]parse mapping config information
2024-12-09 16:37:21.485 [pool-3-thread-1] INFO  com.rs.mv.mvvs.client.catalog.manager.U2CatalogManager - [client:400202]start a schedule task to get global/local catalog for filesystemcopy, its period 5s 
2024-12-09 16:37:21.486 [pool-3-thread-1] INFO  com.rs.mv.mvvs.client.catalog.manager.U2CatalogManager - [client:400203]cache file auto update thread launch in withSubfolders account
2024-12-09 16:37:21.486 [pool-3-thread-1] INFO  com.rs.mv.mvvs.client.catalog.from.config.DirsConfigReader - [client:400206]parse dir config information
2024-12-09 16:37:21.486 [pool-3-thread-1] INFO  com.rs.mv.mvvs.client.catalog.from.config.MappingConfigReader - [client:400207]parse mapping config information
2024-12-09 16:37:21.487 [pool-3-thread-1] INFO  com.rs.mv.mvvs.client.catalog.manager.U2CatalogManager - [client:400202]start a schedule task to get global/local catalog for withSubfolders, its period 5s 
2024-12-09 16:37:21.488 [pool-3-thread-1] INFO  com.rs.mv.mvvs.client.catalog.manager.U2CatalogManager - [client:400203]cache file auto update thread launch in mpdf account
2024-12-09 16:37:21.488 [pool-3-thread-1] INFO  com.rs.mv.mvvs.client.catalog.from.config.DirsConfigReader - [client:400206]parse dir config information
2024-12-09 16:37:21.488 [pool-3-thread-1] INFO  com.rs.mv.mvvs.client.catalog.from.config.MappingConfigReader - [client:400207]parse mapping config information
2024-12-09 16:37:21.489 [pool-3-thread-1] INFO  com.rs.mv.mvvs.client.catalog.manager.U2CatalogManager - [client:400202]start a schedule task to get global/local catalog for mpdf, its period 5s 
2024-12-09 16:37:21.490 [pool-3-thread-1] INFO  com.rs.mv.mvvs.client.catalog.manager.U2CatalogManager - [client:400203]cache file auto update thread launch in mpdf account
2024-12-09 16:37:21.490 [pool-3-thread-1] INFO  com.rs.mv.mvvs.client.catalog.from.config.DirsConfigReader - [client:400206]parse dir config information
2024-12-09 16:37:21.491 [pool-3-thread-1] INFO  com.rs.mv.mvvs.client.catalog.from.config.MappingConfigReader - [client:400207]parse mapping config information
2024-12-09 16:37:21.492 [pool-3-thread-1] INFO  com.rs.mv.mvvs.client.catalog.manager.U2CatalogManager - [client:400202]start a schedule task to get global/local catalog for mpdf, its period 5s 
2024-12-09 16:37:21.493 [pool-3-thread-1] INFO  com.rs.mv.mvvs.client.catalog.manager.U2CatalogManager - [client:400203]cache file auto update thread launch in .github account
2024-12-09 16:37:21.493 [pool-3-thread-1] INFO  com.rs.mv.mvvs.client.catalog.from.config.DirsConfigReader - [client:400206]parse dir config information
2024-12-09 16:37:21.493 [pool-3-thread-1] INFO  com.rs.mv.mvvs.client.catalog.from.config.MappingConfigReader - [client:400207]parse mapping config information
2024-12-09 16:37:21.494 [pool-3-thread-1] INFO  com.rs.mv.mvvs.client.catalog.manager.U2CatalogManager - [client:400202]start a schedule task to get global/local catalog for .github, its period 5s 
2024-12-09 16:37:21.495 [pool-3-thread-1] INFO  com.rs.mv.mvvs.client.catalog.manager.U2CatalogManager - [client:400203]cache file auto update thread launch in data account
2024-12-09 16:37:21.495 [pool-3-thread-1] INFO  com.rs.mv.mvvs.client.catalog.from.config.DirsConfigReader - [client:400206]parse dir config information
2024-12-09 16:37:21.495 [pool-3-thread-1] INFO  com.rs.mv.mvvs.client.catalog.from.config.MappingConfigReader - [client:400207]parse mapping config information
2024-12-09 16:37:21.496 [pool-3-thread-1] INFO  com.rs.mv.mvvs.client.catalog.manager.U2CatalogManager - [client:400202]start a schedule task to get global/local catalog for data, its period 5s 
2024-12-09 16:37:21.496 [pool-3-thread-1] INFO  com.rs.mv.mvvs.client.catalog.manager.U2CatalogManager - [client:400203]cache file auto update thread launch in src account
2024-12-09 16:37:21.497 [pool-3-thread-1] INFO  com.rs.mv.mvvs.client.catalog.from.config.DirsConfigReader - [client:400206]parse dir config information
2024-12-09 16:37:21.497 [pool-3-thread-1] INFO  com.rs.mv.mvvs.client.catalog.from.config.MappingConfigReader - [client:400207]parse mapping config information
2024-12-09 16:37:21.498 [pool-3-thread-1] INFO  com.rs.mv.mvvs.client.catalog.manager.U2CatalogManager - [client:400202]start a schedule task to get global/local catalog for src, its period 5s 
2024-12-09 16:37:21.498 [pool-3-thread-1] INFO  com.rs.mv.mvvs.client.catalog.manager.U2CatalogManager - [client:400203]cache file auto update thread launch in Http account
2024-12-09 16:37:21.499 [pool-3-thread-1] INFO  com.rs.mv.mvvs.client.catalog.from.config.DirsConfigReader - [client:400206]parse dir config information
2024-12-09 16:37:21.499 [pool-3-thread-1] INFO  com.rs.mv.mvvs.client.catalog.from.config.MappingConfigReader - [client:400207]parse mapping config information
2024-12-09 16:37:21.499 [pool-3-thread-1] INFO  com.rs.mv.mvvs.client.catalog.manager.U2CatalogManager - [client:400202]start a schedule task to get global/local catalog for Http, its period 5s 
2024-12-09 16:37:21.500 [pool-3-thread-1] INFO  com.rs.mv.mvvs.client.catalog.manager.U2CatalogManager - [client:400203]cache file auto update thread launch in Pdf account
2024-12-09 16:37:21.500 [pool-3-thread-1] INFO  com.rs.mv.mvvs.client.catalog.from.config.DirsConfigReader - [client:400206]parse dir config information
2024-12-09 16:37:21.501 [pool-3-thread-1] INFO  com.rs.mv.mvvs.client.catalog.from.config.MappingConfigReader - [client:400207]parse mapping config information
2024-12-09 16:37:21.502 [pool-3-thread-1] INFO  com.rs.mv.mvvs.client.catalog.manager.U2CatalogManager - [client:400202]start a schedule task to get global/local catalog for Pdf, its period 5s 
2024-12-09 16:37:21.502 [pool-3-thread-1] INFO  com.rs.mv.mvvs.client.catalog.manager.U2CatalogManager - [client:400203]cache file auto update thread launch in tmp account
2024-12-09 16:37:21.503 [pool-3-thread-1] INFO  com.rs.mv.mvvs.client.catalog.from.config.DirsConfigReader - [client:400206]parse dir config information
2024-12-09 16:37:21.503 [pool-3-thread-1] INFO  com.rs.mv.mvvs.client.catalog.from.config.MappingConfigReader - [client:400207]parse mapping config information
2024-12-09 16:37:21.503 [pool-3-thread-1] INFO  com.rs.mv.mvvs.client.catalog.manager.U2CatalogManager - [client:400202]start a schedule task to get global/local catalog for tmp, its period 5s 
2024-12-09 16:37:21.504 [pool-3-thread-1] INFO  com.rs.mv.mvvs.client.catalog.manager.U2CatalogManager - [client:400203]cache file auto update thread launch in mpdf account
2024-12-09 16:37:21.504 [pool-3-thread-1] INFO  com.rs.mv.mvvs.client.catalog.from.config.DirsConfigReader - [client:400206]parse dir config information
2024-12-09 16:37:21.505 [pool-3-thread-1] INFO  com.rs.mv.mvvs.client.catalog.from.config.MappingConfigReader - [client:400207]parse mapping config information
2024-12-09 16:37:21.505 [pool-3-thread-1] INFO  com.rs.mv.mvvs.client.catalog.manager.U2CatalogManager - [client:400202]start a schedule task to get global/local catalog for mpdf, its period 5s 
2024-12-09 16:37:21.506 [pool-3-thread-1] INFO  com.rs.mv.mvvs.client.catalog.manager.U2CatalogManager - [client:400203]cache file auto update thread launch in psr-http-message-shim account
2024-12-09 16:37:21.506 [pool-3-thread-1] INFO  com.rs.mv.mvvs.client.catalog.from.config.DirsConfigReader - [client:400206]parse dir config information
2024-12-09 16:37:21.506 [pool-3-thread-1] INFO  com.rs.mv.mvvs.client.catalog.from.config.MappingConfigReader - [client:400207]parse mapping config information
2024-12-09 16:37:21.507 [pool-3-thread-1] INFO  com.rs.mv.mvvs.client.catalog.manager.U2CatalogManager - [client:400202]start a schedule task to get global/local catalog for psr-http-message-shim, its period 5s 
2024-12-09 16:37:21.507 [pool-3-thread-1] INFO  com.rs.mv.mvvs.client.catalog.manager.U2CatalogManager - [client:400203]cache file auto update thread launch in psr-log-aware-trait account
2024-12-09 16:37:21.508 [pool-3-thread-1] INFO  com.rs.mv.mvvs.client.catalog.from.config.DirsConfigReader - [client:400206]parse dir config information
2024-12-09 16:37:21.508 [pool-3-thread-1] INFO  com.rs.mv.mvvs.client.catalog.from.config.MappingConfigReader - [client:400207]parse mapping config information
2024-12-09 16:37:21.508 [pool-3-thread-1] INFO  com.rs.mv.mvvs.client.catalog.manager.U2CatalogManager - [client:400202]start a schedule task to get global/local catalog for psr-log-aware-trait, its period 5s 
2024-12-09 16:37:21.509 [pool-3-thread-1] INFO  com.rs.mv.mvvs.client.catalog.manager.U2CatalogManager - [client:400203]cache file auto update thread launch in myclabs account
2024-12-09 16:37:21.509 [pool-3-thread-1] INFO  com.rs.mv.mvvs.client.catalog.from.config.DirsConfigReader - [client:400206]parse dir config information
2024-12-09 16:37:21.510 [pool-3-thread-1] INFO  com.rs.mv.mvvs.client.catalog.from.config.MappingConfigReader - [client:400207]parse mapping config information
2024-12-09 16:37:21.510 [pool-3-thread-1] INFO  com.rs.mv.mvvs.client.catalog.manager.U2CatalogManager - [client:400202]start a schedule task to get global/local catalog for myclabs, its period 5s 
2024-12-09 16:37:21.511 [pool-3-thread-1] INFO  com.rs.mv.mvvs.client.catalog.manager.U2CatalogManager - [client:400203]cache file auto update thread launch in deep-copy account
2024-12-09 16:37:21.511 [pool-3-thread-1] INFO  com.rs.mv.mvvs.client.catalog.from.config.DirsConfigReader - [client:400206]parse dir config information
2024-12-09 16:37:21.512 [pool-3-thread-1] INFO  com.rs.mv.mvvs.client.catalog.from.config.MappingConfigReader - [client:400207]parse mapping config information
2024-12-09 16:37:21.513 [pool-3-thread-1] INFO  com.rs.mv.mvvs.client.catalog.manager.U2CatalogManager - [client:400202]start a schedule task to get global/local catalog for deep-copy, its period 5s 
2024-12-09 16:37:21.513 [pool-3-thread-1] INFO  com.rs.mv.mvvs.client.catalog.manager.U2CatalogManager - [client:400203]cache file auto update thread launch in src account
2024-12-09 16:37:21.514 [pool-3-thread-1] INFO  com.rs.mv.mvvs.client.catalog.from.config.DirsConfigReader - [client:400206]parse dir config information
2024-12-09 16:37:21.514 [pool-3-thread-1] INFO  com.rs.mv.mvvs.client.catalog.from.config.MappingConfigReader - [client:400207]parse mapping config information
2024-12-09 16:37:21.515 [pool-3-thread-1] INFO  com.rs.mv.mvvs.client.catalog.manager.U2CatalogManager - [client:400202]start a schedule task to get global/local catalog for src, its period 5s 
2024-12-09 16:37:21.516 [pool-3-thread-1] INFO  com.rs.mv.mvvs.client.catalog.manager.U2CatalogManager - [client:400203]cache file auto update thread launch in DeepCopy account
2024-12-09 16:37:21.517 [pool-3-thread-1] INFO  com.rs.mv.mvvs.client.catalog.from.config.DirsConfigReader - [client:400206]parse dir config information
2024-12-09 16:37:21.517 [pool-3-thread-1] INFO  com.rs.mv.mvvs.client.catalog.from.config.MappingConfigReader - [client:400207]parse mapping config information
2024-12-09 16:37:21.518 [pool-3-thread-1] INFO  com.rs.mv.mvvs.client.catalog.manager.U2CatalogManager - [client:400202]start a schedule task to get global/local catalog for DeepCopy, its period 5s 
2024-12-09 16:37:21.519 [pool-3-thread-1] INFO  com.rs.mv.mvvs.client.catalog.manager.U2CatalogManager - [client:400203]cache file auto update thread launch in Filter account
2024-12-09 16:37:21.519 [pool-3-thread-1] INFO  com.rs.mv.mvvs.client.catalog.from.config.DirsConfigReader - [client:400206]parse dir config information
2024-12-09 16:37:21.519 [pool-3-thread-1] INFO  com.rs.mv.mvvs.client.catalog.from.config.MappingConfigReader - [client:400207]parse mapping config information
2024-12-09 16:37:21.520 [pool-3-thread-1] INFO  com.rs.mv.mvvs.client.catalog.manager.U2CatalogManager - [client:400202]start a schedule task to get global/local catalog for Filter, its period 5s 
2024-12-09 16:37:21.520 [pool-3-thread-1] INFO  com.rs.mv.mvvs.client.catalog.manager.U2CatalogManager - [client:400203]cache file auto update thread launch in Matcher account
2024-12-09 16:37:21.520 [pool-3-thread-1] INFO  com.rs.mv.mvvs.client.catalog.from.config.DirsConfigReader - [client:400206]parse dir config information
2024-12-09 16:37:21.521 [pool-3-thread-1] INFO  com.rs.mv.mvvs.client.catalog.from.config.MappingConfigReader - [client:400207]parse mapping config information
2024-12-09 16:37:21.521 [pool-3-thread-1] INFO  com.rs.mv.mvvs.client.catalog.manager.U2CatalogManager - [client:400202]start a schedule task to get global/local catalog for Matcher, its period 5s 
2024-12-09 16:37:21.522 [pool-3-thread-1] INFO  com.rs.mv.mvvs.client.catalog.manager.U2CatalogManager - [client:400203]cache file auto update thread launch in TypeFilter account
2024-12-09 16:37:21.522 [pool-3-thread-1] INFO  com.rs.mv.mvvs.client.catalog.from.config.DirsConfigReader - [client:400206]parse dir config information
2024-12-09 16:37:21.522 [pool-3-thread-1] INFO  com.rs.mv.mvvs.client.catalog.from.config.MappingConfigReader - [client:400207]parse mapping config information
2024-12-09 16:37:21.533 [pool-3-thread-1] INFO  com.rs.mv.mvvs.client.catalog.manager.U2CatalogManager - [client:400202]start a schedule task to get global/local catalog for TypeFilter, its period 5s 
2024-12-09 16:37:21.534 [pool-3-thread-1] INFO  com.rs.mv.mvvs.client.catalog.manager.U2CatalogManager - [client:400203]cache file auto update thread launch in nikic account
2024-12-09 16:37:21.535 [pool-3-thread-1] INFO  com.rs.mv.mvvs.client.catalog.from.config.DirsConfigReader - [client:400206]parse dir config information
2024-12-09 16:37:21.535 [pool-3-thread-1] INFO  com.rs.mv.mvvs.client.catalog.from.config.MappingConfigReader - [client:400207]parse mapping config information
2024-12-09 16:37:21.536 [pool-3-thread-1] INFO  com.rs.mv.mvvs.client.catalog.manager.U2CatalogManager - [client:400202]start a schedule task to get global/local catalog for nikic, its period 5s 
2024-12-09 16:37:21.537 [pool-3-thread-1] INFO  com.rs.mv.mvvs.client.catalog.manager.U2CatalogManager - [client:400203]cache file auto update thread launch in php-parser account
2024-12-09 16:37:21.537 [pool-3-thread-1] INFO  com.rs.mv.mvvs.client.catalog.from.config.DirsConfigReader - [client:400206]parse dir config information
2024-12-09 16:37:21.537 [pool-3-thread-1] INFO  com.rs.mv.mvvs.client.catalog.from.config.MappingConfigReader - [client:400207]parse mapping config information
2024-12-09 16:37:21.538 [pool-3-thread-1] INFO  com.rs.mv.mvvs.client.catalog.manager.U2CatalogManager - [client:400202]start a schedule task to get global/local catalog for php-parser, its period 5s 
2024-12-09 16:37:21.539 [pool-3-thread-1] INFO  com.rs.mv.mvvs.client.catalog.manager.U2CatalogManager - [client:400203]cache file auto update thread launch in lib account
2024-12-09 16:37:21.539 [pool-3-thread-1] INFO  com.rs.mv.mvvs.client.catalog.from.config.DirsConfigReader - [client:400206]parse dir config information
2024-12-09 16:37:21.540 [pool-3-thread-1] INFO  com.rs.mv.mvvs.client.catalog.from.config.MappingConfigReader - [client:400207]parse mapping config information
2024-12-09 16:37:21.540 [pool-3-thread-1] INFO  com.rs.mv.mvvs.client.catalog.manager.U2CatalogManager - [client:400202]start a schedule task to get global/local catalog for lib, its period 5s 
2024-12-09 16:37:21.541 [pool-3-thread-1] INFO  com.rs.mv.mvvs.client.catalog.manager.U2CatalogManager - [client:400203]cache file auto update thread launch in PhpParser account
2024-12-09 16:37:21.541 [pool-3-thread-1] INFO  com.rs.mv.mvvs.client.catalog.from.config.DirsConfigReader - [client:400206]parse dir config information
2024-12-09 16:37:21.541 [pool-3-thread-1] INFO  com.rs.mv.mvvs.client.catalog.from.config.MappingConfigReader - [client:400207]parse mapping config information
2024-12-09 16:37:21.542 [pool-3-thread-1] INFO  com.rs.mv.mvvs.client.catalog.manager.U2CatalogManager - [client:400202]start a schedule task to get global/local catalog for PhpParser, its period 5s 
2024-12-09 16:37:21.543 [pool-3-thread-1] INFO  com.rs.mv.mvvs.client.catalog.manager.U2CatalogManager - [client:400203]cache file auto update thread launch in Lexer account
2024-12-09 16:37:21.543 [pool-3-thread-1] INFO  com.rs.mv.mvvs.client.catalog.from.config.DirsConfigReader - [client:400206]parse dir config information
2024-12-09 16:37:21.544 [pool-3-thread-1] INFO  com.rs.mv.mvvs.client.catalog.from.config.MappingConfigReader - [client:400207]parse mapping config information
2024-12-09 16:37:21.544 [pool-3-thread-1] INFO  com.rs.mv.mvvs.client.catalog.manager.U2CatalogManager - [client:400202]start a schedule task to get global/local catalog for Lexer, its period 5s 
2024-12-09 16:37:21.545 [pool-3-thread-1] INFO  com.rs.mv.mvvs.client.catalog.manager.U2CatalogManager - [client:400203]cache file auto update thread launch in Node account
2024-12-09 16:37:21.546 [pool-3-thread-1] INFO  com.rs.mv.mvvs.client.catalog.from.config.DirsConfigReader - [client:400206]parse dir config information
2024-12-09 16:37:21.546 [pool-3-thread-1] INFO  com.rs.mv.mvvs.client.catalog.from.config.MappingConfigReader - [client:400207]parse mapping config information
2024-12-09 16:37:21.546 [pool-3-thread-1] INFO  com.rs.mv.mvvs.client.catalog.manager.U2CatalogManager - [client:400202]start a schedule task to get global/local catalog for Node, its period 5s 
2024-12-09 16:37:21.547 [pool-3-thread-1] INFO  com.rs.mv.mvvs.client.catalog.manager.U2CatalogManager - [client:400203]cache file auto update thread launch in Expr account
2024-12-09 16:37:21.547 [pool-3-thread-1] INFO  com.rs.mv.mvvs.client.catalog.from.config.DirsConfigReader - [client:400206]parse dir config information
2024-12-09 16:37:21.548 [pool-3-thread-1] INFO  com.rs.mv.mvvs.client.catalog.from.config.MappingConfigReader - [client:400207]parse mapping config information
2024-12-09 16:37:21.548 [pool-3-thread-1] INFO  com.rs.mv.mvvs.client.catalog.manager.U2CatalogManager - [client:400202]start a schedule task to get global/local catalog for Expr, its period 5s 
2024-12-09 16:37:21.549 [pool-3-thread-1] INFO  com.rs.mv.mvvs.client.catalog.manager.U2CatalogManager - [client:400203]cache file auto update thread launch in Scalar account
2024-12-09 16:37:21.549 [pool-3-thread-1] INFO  com.rs.mv.mvvs.client.catalog.from.config.DirsConfigReader - [client:400206]parse dir config information
2024-12-09 16:37:21.549 [pool-3-thread-1] INFO  com.rs.mv.mvvs.client.catalog.from.config.MappingConfigReader - [client:400207]parse mapping config information
2024-12-09 16:37:21.570 [pool-3-thread-1] INFO  com.rs.mv.mvvs.client.catalog.manager.U2CatalogManager - [client:400202]start a schedule task to get global/local catalog for Scalar, its period 5s 
2024-12-09 16:37:21.572 [pool-3-thread-1] INFO  com.rs.mv.mvvs.client.catalog.manager.U2CatalogManager - [client:400203]cache file auto update thread launch in Stmt account
2024-12-09 16:37:21.573 [pool-3-thread-1] INFO  com.rs.mv.mvvs.client.catalog.from.config.DirsConfigReader - [client:400206]parse dir config information
2024-12-09 16:37:21.576 [pool-3-thread-1] INFO  com.rs.mv.mvvs.client.catalog.from.config.MappingConfigReader - [client:400207]parse mapping config information
2024-12-09 16:37:21.577 [pool-3-thread-1] INFO  com.rs.mv.mvvs.client.catalog.manager.U2CatalogManager - [client:400202]start a schedule task to get global/local catalog for Stmt, its period 5s 
2024-12-09 16:37:21.579 [pool-3-thread-1] INFO  com.rs.mv.mvvs.client.catalog.manager.U2CatalogManager - [client:400203]cache file auto update thread launch in paragonie account
2024-12-09 16:37:21.579 [pool-3-thread-1] INFO  com.rs.mv.mvvs.client.catalog.from.config.DirsConfigReader - [client:400206]parse dir config information
2024-12-09 16:37:21.580 [pool-3-thread-1] INFO  com.rs.mv.mvvs.client.catalog.from.config.MappingConfigReader - [client:400207]parse mapping config information
2024-12-09 16:37:21.580 [pool-3-thread-1] INFO  com.rs.mv.mvvs.client.catalog.manager.U2CatalogManager - [client:400202]start a schedule task to get global/local catalog for paragonie, its period 5s 
2024-12-09 16:37:21.581 [pool-3-thread-1] INFO  com.rs.mv.mvvs.client.catalog.manager.U2CatalogManager - [client:400203]cache file auto update thread launch in random_compat account
2024-12-09 16:37:21.581 [pool-3-thread-1] INFO  com.rs.mv.mvvs.client.catalog.from.config.DirsConfigReader - [client:400206]parse dir config information
2024-12-09 16:37:21.581 [pool-3-thread-1] INFO  com.rs.mv.mvvs.client.catalog.from.config.MappingConfigReader - [client:400207]parse mapping config information
2024-12-09 16:37:21.582 [pool-3-thread-1] INFO  com.rs.mv.mvvs.client.catalog.manager.U2CatalogManager - [client:400202]start a schedule task to get global/local catalog for random_compat, its period 5s 
2024-12-09 16:37:21.583 [pool-3-thread-1] INFO  com.rs.mv.mvvs.client.catalog.manager.U2CatalogManager - [client:400203]cache file auto update thread launch in phar-io account
2024-12-09 16:37:21.583 [pool-3-thread-1] INFO  com.rs.mv.mvvs.client.catalog.from.config.DirsConfigReader - [client:400206]parse dir config information
2024-12-09 16:37:21.583 [pool-3-thread-1] INFO  com.rs.mv.mvvs.client.catalog.from.config.MappingConfigReader - [client:400207]parse mapping config information
2024-12-09 16:37:21.584 [pool-3-thread-1] INFO  com.rs.mv.mvvs.client.catalog.manager.U2CatalogManager - [client:400202]start a schedule task to get global/local catalog for phar-io, its period 5s 
2024-12-09 16:37:21.585 [pool-3-thread-1] INFO  com.rs.mv.mvvs.client.catalog.manager.U2CatalogManager - [client:400203]cache file auto update thread launch in manifest account
2024-12-09 16:37:21.585 [pool-3-thread-1] INFO  com.rs.mv.mvvs.client.catalog.from.config.DirsConfigReader - [client:400206]parse dir config information
2024-12-09 16:37:21.585 [pool-3-thread-1] INFO  com.rs.mv.mvvs.client.catalog.from.config.MappingConfigReader - [client:400207]parse mapping config information
2024-12-09 16:37:21.586 [pool-3-thread-1] INFO  com.rs.mv.mvvs.client.catalog.manager.U2CatalogManager - [client:400202]start a schedule task to get global/local catalog for manifest, its period 5s 
2024-12-09 16:37:21.586 [pool-3-thread-1] INFO  com.rs.mv.mvvs.client.catalog.manager.U2CatalogManager - [client:400203]cache file auto update thread launch in .github account
2024-12-09 16:37:21.587 [pool-3-thread-1] INFO  com.rs.mv.mvvs.client.catalog.from.config.DirsConfigReader - [client:400206]parse dir config information
2024-12-09 16:37:21.587 [pool-3-thread-1] INFO  com.rs.mv.mvvs.client.catalog.from.config.MappingConfigReader - [client:400207]parse mapping config information
2024-12-09 16:37:21.588 [pool-3-thread-1] INFO  com.rs.mv.mvvs.client.catalog.manager.U2CatalogManager - [client:400202]start a schedule task to get global/local catalog for .github, its period 5s 
2024-12-09 16:37:21.588 [pool-3-thread-1] INFO  com.rs.mv.mvvs.client.catalog.manager.U2CatalogManager - [client:400203]cache file auto update thread launch in src account
2024-12-09 16:37:21.589 [pool-3-thread-1] INFO  com.rs.mv.mvvs.client.catalog.from.config.DirsConfigReader - [client:400206]parse dir config information
2024-12-09 16:37:21.589 [pool-3-thread-1] INFO  com.rs.mv.mvvs.client.catalog.from.config.MappingConfigReader - [client:400207]parse mapping config information
2024-12-09 16:37:21.589 [pool-3-thread-1] INFO  com.rs.mv.mvvs.client.catalog.manager.U2CatalogManager - [client:400202]start a schedule task to get global/local catalog for src, its period 5s 
2024-12-09 16:37:21.590 [pool-3-thread-1] INFO  com.rs.mv.mvvs.client.catalog.manager.U2CatalogManager - [client:400203]cache file auto update thread launch in tools account
2024-12-09 16:37:21.590 [pool-3-thread-1] INFO  com.rs.mv.mvvs.client.catalog.from.config.DirsConfigReader - [client:400206]parse dir config information
2024-12-09 16:37:21.591 [pool-3-thread-1] INFO  com.rs.mv.mvvs.client.catalog.from.config.MappingConfigReader - [client:400207]parse mapping config information
2024-12-09 16:37:21.591 [pool-3-thread-1] INFO  com.rs.mv.mvvs.client.catalog.manager.U2CatalogManager - [client:400202]start a schedule task to get global/local catalog for tools, its period 5s 
2024-12-09 16:37:21.592 [pool-3-thread-1] INFO  com.rs.mv.mvvs.client.catalog.manager.U2CatalogManager - [client:400203]cache file auto update thread launch in version account
2024-12-09 16:37:21.592 [pool-3-thread-1] INFO  com.rs.mv.mvvs.client.catalog.from.config.DirsConfigReader - [client:400206]parse dir config information
2024-12-09 16:37:21.594 [pool-3-thread-1] INFO  com.rs.mv.mvvs.client.catalog.from.config.MappingConfigReader - [client:400207]parse mapping config information
2024-12-09 16:37:21.595 [pool-3-thread-1] INFO  com.rs.mv.mvvs.client.catalog.manager.U2CatalogManager - [client:400202]start a schedule task to get global/local catalog for version, its period 5s 
2024-12-09 16:37:21.596 [pool-3-thread-1] INFO  com.rs.mv.mvvs.client.catalog.manager.U2CatalogManager - [client:400203]cache file auto update thread launch in src account
2024-12-09 16:37:21.596 [pool-3-thread-1] INFO  com.rs.mv.mvvs.client.catalog.from.config.DirsConfigReader - [client:400206]parse dir config information
2024-12-09 16:37:21.596 [pool-3-thread-1] INFO  com.rs.mv.mvvs.client.catalog.from.config.MappingConfigReader - [client:400207]parse mapping config information
2024-12-09 16:37:21.597 [pool-3-thread-1] INFO  com.rs.mv.mvvs.client.catalog.manager.U2CatalogManager - [client:400202]start a schedule task to get global/local catalog for src, its period 5s 
2024-12-09 16:37:21.597 [pool-3-thread-1] INFO  com.rs.mv.mvvs.client.catalog.manager.U2CatalogManager - [client:400203]cache file auto update thread launch in phpunit account
2024-12-09 16:37:21.598 [pool-3-thread-1] INFO  com.rs.mv.mvvs.client.catalog.from.config.DirsConfigReader - [client:400206]parse dir config information
2024-12-09 16:37:21.598 [pool-3-thread-1] INFO  com.rs.mv.mvvs.client.catalog.from.config.MappingConfigReader - [client:400207]parse mapping config information
2024-12-09 16:37:21.598 [pool-3-thread-1] INFO  com.rs.mv.mvvs.client.catalog.manager.U2CatalogManager - [client:400202]start a schedule task to get global/local catalog for phpunit, its period 5s 
2024-12-09 16:37:21.599 [pool-3-thread-1] INFO  com.rs.mv.mvvs.client.catalog.manager.U2CatalogManager - [client:400203]cache file auto update thread launch in php-code-coverage account
2024-12-09 16:37:21.600 [pool-3-thread-1] INFO  com.rs.mv.mvvs.client.catalog.from.config.DirsConfigReader - [client:400206]parse dir config information
2024-12-09 16:37:21.600 [pool-3-thread-1] INFO  com.rs.mv.mvvs.client.catalog.from.config.MappingConfigReader - [client:400207]parse mapping config information
2024-12-09 16:37:21.601 [pool-3-thread-1] INFO  com.rs.mv.mvvs.client.catalog.manager.U2CatalogManager - [client:400202]start a schedule task to get global/local catalog for php-code-coverage, its period 5s 
2024-12-09 16:37:21.601 [pool-3-thread-1] INFO  com.rs.mv.mvvs.client.catalog.manager.U2CatalogManager - [client:400203]cache file auto update thread launch in src account
2024-12-09 16:37:21.602 [pool-3-thread-1] INFO  com.rs.mv.mvvs.client.catalog.from.config.DirsConfigReader - [client:400206]parse dir config information
2024-12-09 16:37:21.602 [pool-3-thread-1] INFO  com.rs.mv.mvvs.client.catalog.from.config.MappingConfigReader - [client:400207]parse mapping config information
2024-12-09 16:37:21.602 [pool-3-thread-1] INFO  com.rs.mv.mvvs.client.catalog.manager.U2CatalogManager - [client:400202]start a schedule task to get global/local catalog for src, its period 5s 
2024-12-09 16:37:21.603 [pool-3-thread-1] INFO  com.rs.mv.mvvs.client.catalog.manager.U2CatalogManager - [client:400203]cache file auto update thread launch in Report account
2024-12-09 16:37:21.604 [pool-3-thread-1] INFO  com.rs.mv.mvvs.client.catalog.from.config.DirsConfigReader - [client:400206]parse dir config information
2024-12-09 16:37:21.604 [pool-3-thread-1] INFO  com.rs.mv.mvvs.client.catalog.from.config.MappingConfigReader - [client:400207]parse mapping config information
2024-12-09 16:37:21.605 [pool-3-thread-1] INFO  com.rs.mv.mvvs.client.catalog.manager.U2CatalogManager - [client:400202]start a schedule task to get global/local catalog for Report, its period 5s 
2024-12-09 16:37:21.605 [pool-3-thread-1] INFO  com.rs.mv.mvvs.client.catalog.manager.U2CatalogManager - [client:400203]cache file auto update thread launch in Html account
2024-12-09 16:37:21.605 [pool-3-thread-1] INFO  com.rs.mv.mvvs.client.catalog.from.config.DirsConfigReader - [client:400206]parse dir config information
2024-12-09 16:37:21.606 [pool-3-thread-1] INFO  com.rs.mv.mvvs.client.catalog.from.config.MappingConfigReader - [client:400207]parse mapping config information
2024-12-09 16:37:21.606 [pool-3-thread-1] INFO  com.rs.mv.mvvs.client.catalog.manager.U2CatalogManager - [client:400202]start a schedule task to get global/local catalog for Html, its period 5s 
2024-12-09 16:37:21.607 [pool-3-thread-1] INFO  com.rs.mv.mvvs.client.catalog.manager.U2CatalogManager - [client:400203]cache file auto update thread launch in Renderer account
2024-12-09 16:37:21.607 [pool-3-thread-1] INFO  com.rs.mv.mvvs.client.catalog.from.config.DirsConfigReader - [client:400206]parse dir config information
2024-12-09 16:37:21.607 [pool-3-thread-1] INFO  com.rs.mv.mvvs.client.catalog.from.config.MappingConfigReader - [client:400207]parse mapping config information
2024-12-09 16:37:21.608 [pool-3-thread-1] INFO  com.rs.mv.mvvs.client.catalog.manager.U2CatalogManager - [client:400202]start a schedule task to get global/local catalog for Renderer, its period 5s 
2024-12-09 16:37:21.608 [pool-3-thread-1] INFO  com.rs.mv.mvvs.client.catalog.manager.U2CatalogManager - [client:400203]cache file auto update thread launch in Template account
2024-12-09 16:37:21.609 [pool-3-thread-1] INFO  com.rs.mv.mvvs.client.catalog.from.config.DirsConfigReader - [client:400206]parse dir config information
2024-12-09 16:37:21.610 [pool-3-thread-1] INFO  com.rs.mv.mvvs.client.catalog.from.config.MappingConfigReader - [client:400207]parse mapping config information
2024-12-09 16:37:21.615 [pool-3-thread-1] INFO  com.rs.mv.mvvs.client.catalog.manager.U2CatalogManager - [client:400202]start a schedule task to get global/local catalog for Template, its period 5s 
2024-12-09 16:37:21.616 [pool-3-thread-1] INFO  com.rs.mv.mvvs.client.catalog.manager.U2CatalogManager - [client:400203]cache file auto update thread launch in php-file-iterator account
2024-12-09 16:37:21.617 [pool-3-thread-1] INFO  com.rs.mv.mvvs.client.catalog.from.config.DirsConfigReader - [client:400206]parse dir config information
2024-12-09 16:37:21.617 [pool-3-thread-1] INFO  com.rs.mv.mvvs.client.catalog.from.config.MappingConfigReader - [client:400207]parse mapping config information
2024-12-09 16:37:21.618 [pool-3-thread-1] INFO  com.rs.mv.mvvs.client.catalog.manager.U2CatalogManager - [client:400202]start a schedule task to get global/local catalog for php-file-iterator, its period 5s 
2024-12-09 16:37:21.619 [pool-3-thread-1] INFO  com.rs.mv.mvvs.client.catalog.manager.U2CatalogManager - [client:400203]cache file auto update thread launch in php-invoker account
2024-12-09 16:37:21.619 [pool-3-thread-1] INFO  com.rs.mv.mvvs.client.catalog.from.config.DirsConfigReader - [client:400206]parse dir config information
2024-12-09 16:37:21.620 [pool-3-thread-1] INFO  com.rs.mv.mvvs.client.catalog.from.config.MappingConfigReader - [client:400207]parse mapping config information
2024-12-09 16:37:21.620 [pool-3-thread-1] INFO  com.rs.mv.mvvs.client.catalog.manager.U2CatalogManager - [client:400202]start a schedule task to get global/local catalog for php-invoker, its period 5s 
2024-12-09 16:37:21.621 [pool-3-thread-1] INFO  com.rs.mv.mvvs.client.catalog.manager.U2CatalogManager - [client:400203]cache file auto update thread launch in src account
2024-12-09 16:37:21.622 [pool-3-thread-1] INFO  com.rs.mv.mvvs.client.catalog.from.config.DirsConfigReader - [client:400206]parse dir config information
2024-12-09 16:37:21.622 [pool-3-thread-1] INFO  com.rs.mv.mvvs.client.catalog.from.config.MappingConfigReader - [client:400207]parse mapping config information
2024-12-09 16:37:21.623 [pool-3-thread-1] INFO  com.rs.mv.mvvs.client.catalog.manager.U2CatalogManager - [client:400202]start a schedule task to get global/local catalog for src, its period 5s 
2024-12-09 16:37:21.624 [pool-3-thread-1] INFO  com.rs.mv.mvvs.client.catalog.manager.U2CatalogManager - [client:400203]cache file auto update thread launch in php-text-template account
2024-12-09 16:37:21.624 [pool-3-thread-1] INFO  com.rs.mv.mvvs.client.catalog.from.config.DirsConfigReader - [client:400206]parse dir config information
2024-12-09 16:37:21.624 [pool-3-thread-1] INFO  com.rs.mv.mvvs.client.catalog.from.config.MappingConfigReader - [client:400207]parse mapping config information
2024-12-09 16:37:21.625 [pool-3-thread-1] INFO  com.rs.mv.mvvs.client.catalog.manager.U2CatalogManager - [client:400202]start a schedule task to get global/local catalog for php-text-template, its period 5s 
2024-12-09 16:37:21.626 [pool-3-thread-1] INFO  com.rs.mv.mvvs.client.catalog.manager.U2CatalogManager - [client:400203]cache file auto update thread launch in src account
2024-12-09 16:37:21.627 [pool-3-thread-1] INFO  com.rs.mv.mvvs.client.catalog.from.config.DirsConfigReader - [client:400206]parse dir config information
2024-12-09 16:37:21.627 [pool-3-thread-1] INFO  com.rs.mv.mvvs.client.catalog.from.config.MappingConfigReader - [client:400207]parse mapping config information
2024-12-09 16:37:21.628 [pool-3-thread-1] INFO  com.rs.mv.mvvs.client.catalog.manager.U2CatalogManager - [client:400202]start a schedule task to get global/local catalog for src, its period 5s 
2024-12-09 16:37:21.629 [pool-3-thread-1] INFO  com.rs.mv.mvvs.client.catalog.manager.U2CatalogManager - [client:400203]cache file auto update thread launch in php-timer account
2024-12-09 16:37:21.633 [pool-3-thread-1] INFO  com.rs.mv.mvvs.client.catalog.from.config.DirsConfigReader - [client:400206]parse dir config information
2024-12-09 16:37:21.633 [pool-3-thread-1] INFO  com.rs.mv.mvvs.client.catalog.from.config.MappingConfigReader - [client:400207]parse mapping config information
2024-12-09 16:37:21.634 [pool-3-thread-1] INFO  com.rs.mv.mvvs.client.catalog.manager.U2CatalogManager - [client:400202]start a schedule task to get global/local catalog for php-timer, its period 5s 
2024-12-09 16:37:21.635 [pool-3-thread-1] INFO  com.rs.mv.mvvs.client.catalog.manager.U2CatalogManager - [client:400203]cache file auto update thread launch in src account
2024-12-09 16:37:21.635 [pool-3-thread-1] INFO  com.rs.mv.mvvs.client.catalog.from.config.DirsConfigReader - [client:400206]parse dir config information
2024-12-09 16:37:21.636 [pool-3-thread-1] INFO  com.rs.mv.mvvs.client.catalog.from.config.MappingConfigReader - [client:400207]parse mapping config information
2024-12-09 16:37:21.637 [pool-3-thread-1] INFO  com.rs.mv.mvvs.client.catalog.manager.U2CatalogManager - [client:400202]start a schedule task to get global/local catalog for src, its period 5s 
2024-12-09 16:37:21.637 [pool-3-thread-1] INFO  com.rs.mv.mvvs.client.catalog.manager.U2CatalogManager - [client:400203]cache file auto update thread launch in phpunit account
2024-12-09 16:37:21.638 [pool-3-thread-1] INFO  com.rs.mv.mvvs.client.catalog.from.config.DirsConfigReader - [client:400206]parse dir config information
2024-12-09 16:37:21.638 [pool-3-thread-1] INFO  com.rs.mv.mvvs.client.catalog.from.config.MappingConfigReader - [client:400207]parse mapping config information
2024-12-09 16:37:21.639 [pool-3-thread-1] INFO  com.rs.mv.mvvs.client.catalog.manager.U2CatalogManager - [client:400202]start a schedule task to get global/local catalog for phpunit, its period 5s 
2024-12-09 16:37:21.641 [pool-3-thread-1] INFO  com.rs.mv.mvvs.client.catalog.manager.U2CatalogManager - [client:400203]cache file auto update thread launch in src account
2024-12-09 16:37:21.641 [pool-3-thread-1] INFO  com.rs.mv.mvvs.client.catalog.from.config.DirsConfigReader - [client:400206]parse dir config information
2024-12-09 16:37:21.642 [pool-3-thread-1] INFO  com.rs.mv.mvvs.client.catalog.from.config.MappingConfigReader - [client:400207]parse mapping config information
2024-12-09 16:37:21.642 [pool-3-thread-1] INFO  com.rs.mv.mvvs.client.catalog.manager.U2CatalogManager - [client:400202]start a schedule task to get global/local catalog for src, its period 5s 
2024-12-09 16:37:21.644 [pool-3-thread-1] INFO  com.rs.mv.mvvs.client.catalog.manager.U2CatalogManager - [client:400203]cache file auto update thread launch in Event account
2024-12-09 16:37:21.644 [pool-3-thread-1] INFO  com.rs.mv.mvvs.client.catalog.from.config.DirsConfigReader - [client:400206]parse dir config information
2024-12-09 16:37:21.644 [pool-3-thread-1] INFO  com.rs.mv.mvvs.client.catalog.from.config.MappingConfigReader - [client:400207]parse mapping config information
2024-12-09 16:37:21.645 [pool-3-thread-1] INFO  com.rs.mv.mvvs.client.catalog.manager.U2CatalogManager - [client:400202]start a schedule task to get global/local catalog for Event, its period 5s 
2024-12-09 16:37:21.646 [pool-3-thread-1] INFO  com.rs.mv.mvvs.client.catalog.manager.U2CatalogManager - [client:400203]cache file auto update thread launch in Events account
2024-12-09 16:37:21.647 [pool-3-thread-1] INFO  com.rs.mv.mvvs.client.catalog.from.config.DirsConfigReader - [client:400206]parse dir config information
2024-12-09 16:37:21.647 [pool-3-thread-1] INFO  com.rs.mv.mvvs.client.catalog.from.config.MappingConfigReader - [client:400207]parse mapping config information
2024-12-09 16:37:21.647 [pool-3-thread-1] INFO  com.rs.mv.mvvs.client.catalog.manager.U2CatalogManager - [client:400202]start a schedule task to get global/local catalog for Events, its period 5s 
2024-12-09 16:37:21.649 [pool-3-thread-1] INFO  com.rs.mv.mvvs.client.catalog.manager.U2CatalogManager - [client:400203]cache file auto update thread launch in Test account
2024-12-09 16:37:21.649 [pool-3-thread-1] INFO  com.rs.mv.mvvs.client.catalog.from.config.DirsConfigReader - [client:400206]parse dir config information
2024-12-09 16:37:21.650 [pool-3-thread-1] INFO  com.rs.mv.mvvs.client.catalog.from.config.MappingConfigReader - [client:400207]parse mapping config information
2024-12-09 16:37:21.651 [pool-3-thread-1] INFO  com.rs.mv.mvvs.client.catalog.manager.U2CatalogManager - [client:400202]start a schedule task to get global/local catalog for Test, its period 5s 
2024-12-09 16:37:21.652 [pool-3-thread-1] INFO  com.rs.mv.mvvs.client.catalog.manager.U2CatalogManager - [client:400203]cache file auto update thread launch in Value account
2024-12-09 16:37:21.652 [pool-3-thread-1] INFO  com.rs.mv.mvvs.client.catalog.from.config.DirsConfigReader - [client:400206]parse dir config information
2024-12-09 16:37:21.653 [pool-3-thread-1] INFO  com.rs.mv.mvvs.client.catalog.from.config.MappingConfigReader - [client:400207]parse mapping config information
2024-12-09 16:37:21.654 [pool-3-thread-1] INFO  com.rs.mv.mvvs.client.catalog.manager.U2CatalogManager - [client:400202]start a schedule task to get global/local catalog for Value, its period 5s 
2024-12-09 16:37:21.655 [pool-3-thread-1] INFO  com.rs.mv.mvvs.client.catalog.manager.U2CatalogManager - [client:400203]cache file auto update thread launch in Test account
2024-12-09 16:37:21.656 [pool-3-thread-1] INFO  com.rs.mv.mvvs.client.catalog.from.config.DirsConfigReader - [client:400206]parse dir config information
2024-12-09 16:37:21.656 [pool-3-thread-1] INFO  com.rs.mv.mvvs.client.catalog.from.config.MappingConfigReader - [client:400207]parse mapping config information
2024-12-09 16:37:21.657 [pool-3-thread-1] INFO  com.rs.mv.mvvs.client.catalog.manager.U2CatalogManager - [client:400202]start a schedule task to get global/local catalog for Test, its period 5s 
2024-12-09 16:37:21.658 [pool-3-thread-1] INFO  com.rs.mv.mvvs.client.catalog.manager.U2CatalogManager - [client:400203]cache file auto update thread launch in Framework account
2024-12-09 16:37:21.658 [pool-3-thread-1] INFO  com.rs.mv.mvvs.client.catalog.from.config.DirsConfigReader - [client:400206]parse dir config information
2024-12-09 16:37:21.659 [pool-3-thread-1] INFO  com.rs.mv.mvvs.client.catalog.from.config.MappingConfigReader - [client:400207]parse mapping config information
2024-12-09 16:37:21.660 [pool-3-thread-1] INFO  com.rs.mv.mvvs.client.catalog.manager.U2CatalogManager - [client:400202]start a schedule task to get global/local catalog for Framework, its period 5s 
2024-12-09 16:37:21.661 [pool-3-thread-1] INFO  com.rs.mv.mvvs.client.catalog.manager.U2CatalogManager - [client:400203]cache file auto update thread launch in Constraint account
2024-12-09 16:37:21.661 [pool-3-thread-1] INFO  com.rs.mv.mvvs.client.catalog.from.config.DirsConfigReader - [client:400206]parse dir config information
2024-12-09 16:37:21.662 [pool-3-thread-1] INFO  com.rs.mv.mvvs.client.catalog.from.config.MappingConfigReader - [client:400207]parse mapping config information
2024-12-09 16:37:21.679 [pool-3-thread-1] INFO  com.rs.mv.mvvs.client.catalog.manager.U2CatalogManager - [client:400202]start a schedule task to get global/local catalog for Constraint, its period 5s 
2024-12-09 16:37:21.681 [pool-3-thread-1] INFO  com.rs.mv.mvvs.client.catalog.manager.U2CatalogManager - [client:400203]cache file auto update thread launch in Exception account
2024-12-09 16:37:21.681 [pool-3-thread-1] INFO  com.rs.mv.mvvs.client.catalog.from.config.DirsConfigReader - [client:400206]parse dir config information
2024-12-09 16:37:21.682 [pool-3-thread-1] INFO  com.rs.mv.mvvs.client.catalog.from.config.MappingConfigReader - [client:400207]parse mapping config information
2024-12-09 16:37:21.682 [pool-3-thread-1] INFO  com.rs.mv.mvvs.client.catalog.manager.U2CatalogManager - [client:400202]start a schedule task to get global/local catalog for Exception, its period 5s 
2024-12-09 16:37:21.684 [pool-3-thread-1] INFO  com.rs.mv.mvvs.client.catalog.manager.U2CatalogManager - [client:400203]cache file auto update thread launch in MockObject account
2024-12-09 16:37:21.684 [pool-3-thread-1] INFO  com.rs.mv.mvvs.client.catalog.from.config.DirsConfigReader - [client:400206]parse dir config information
2024-12-09 16:37:21.684 [pool-3-thread-1] INFO  com.rs.mv.mvvs.client.catalog.from.config.MappingConfigReader - [client:400207]parse mapping config information
2024-12-09 16:37:21.685 [pool-3-thread-1] INFO  com.rs.mv.mvvs.client.catalog.manager.U2CatalogManager - [client:400202]start a schedule task to get global/local catalog for MockObject, its period 5s 
2024-12-09 16:37:21.690 [pool-3-thread-1] INFO  com.rs.mv.mvvs.client.catalog.manager.U2CatalogManager - [client:400203]cache file auto update thread launch in Generator account
2024-12-09 16:37:21.690 [pool-3-thread-1] INFO  com.rs.mv.mvvs.client.catalog.from.config.DirsConfigReader - [client:400206]parse dir config information
2024-12-09 16:37:21.691 [pool-3-thread-1] INFO  com.rs.mv.mvvs.client.catalog.from.config.MappingConfigReader - [client:400207]parse mapping config information
2024-12-09 16:37:21.691 [pool-3-thread-1] INFO  com.rs.mv.mvvs.client.catalog.manager.U2CatalogManager - [client:400202]start a schedule task to get global/local catalog for Generator, its period 5s 
2024-12-09 16:37:21.692 [pool-3-thread-1] INFO  com.rs.mv.mvvs.client.catalog.manager.U2CatalogManager - [client:400203]cache file auto update thread launch in Runtime account
2024-12-09 16:37:21.692 [pool-3-thread-1] INFO  com.rs.mv.mvvs.client.catalog.from.config.DirsConfigReader - [client:400206]parse dir config information
2024-12-09 16:37:21.693 [pool-3-thread-1] INFO  com.rs.mv.mvvs.client.catalog.from.config.MappingConfigReader - [client:400207]parse mapping config information
2024-12-09 16:37:21.693 [pool-3-thread-1] INFO  com.rs.mv.mvvs.client.catalog.manager.U2CatalogManager - [client:400202]start a schedule task to get global/local catalog for Runtime, its period 5s 
2024-12-09 16:37:21.694 [pool-3-thread-1] INFO  com.rs.mv.mvvs.client.catalog.manager.U2CatalogManager - [client:400203]cache file auto update thread launch in Logging account
2024-12-09 16:37:21.695 [pool-3-thread-1] INFO  com.rs.mv.mvvs.client.catalog.from.config.DirsConfigReader - [client:400206]parse dir config information
2024-12-09 16:37:21.696 [pool-3-thread-1] INFO  com.rs.mv.mvvs.client.catalog.from.config.MappingConfigReader - [client:400207]parse mapping config information
2024-12-09 16:37:21.696 [pool-3-thread-1] INFO  com.rs.mv.mvvs.client.catalog.manager.U2CatalogManager - [client:400202]start a schedule task to get global/local catalog for Logging, its period 5s 
2024-12-09 16:37:21.697 [pool-3-thread-1] INFO  com.rs.mv.mvvs.client.catalog.manager.U2CatalogManager - [client:400203]cache file auto update thread launch in JUnit account
2024-12-09 16:37:21.698 [pool-3-thread-1] INFO  com.rs.mv.mvvs.client.catalog.from.config.DirsConfigReader - [client:400206]parse dir config information
2024-12-09 16:37:21.698 [pool-3-thread-1] INFO  com.rs.mv.mvvs.client.catalog.from.config.MappingConfigReader - [client:400207]parse mapping config information
2024-12-09 16:37:21.703 [pool-3-thread-1] INFO  com.rs.mv.mvvs.client.catalog.manager.U2CatalogManager - [client:400202]start a schedule task to get global/local catalog for JUnit, its period 5s 
2024-12-09 16:37:21.705 [pool-3-thread-1] INFO  com.rs.mv.mvvs.client.catalog.manager.U2CatalogManager - [client:400203]cache file auto update thread launch in TeamCity account
2024-12-09 16:37:21.706 [pool-3-thread-1] INFO  com.rs.mv.mvvs.client.catalog.from.config.DirsConfigReader - [client:400206]parse dir config information
2024-12-09 16:37:21.706 [pool-3-thread-1] INFO  com.rs.mv.mvvs.client.catalog.from.config.MappingConfigReader - [client:400207]parse mapping config information
2024-12-09 16:37:21.707 [pool-3-thread-1] INFO  com.rs.mv.mvvs.client.catalog.manager.U2CatalogManager - [client:400202]start a schedule task to get global/local catalog for TeamCity, its period 5s 
2024-12-09 16:37:21.708 [pool-3-thread-1] INFO  com.rs.mv.mvvs.client.catalog.manager.U2CatalogManager - [client:400203]cache file auto update thread launch in TestDox account
2024-12-09 16:37:21.709 [pool-3-thread-1] INFO  com.rs.mv.mvvs.client.catalog.from.config.DirsConfigReader - [client:400206]parse dir config information
2024-12-09 16:37:21.709 [pool-3-thread-1] INFO  com.rs.mv.mvvs.client.catalog.from.config.MappingConfigReader - [client:400207]parse mapping config information
2024-12-09 16:37:21.709 [pool-3-thread-1] INFO  com.rs.mv.mvvs.client.catalog.manager.U2CatalogManager - [client:400202]start a schedule task to get global/local catalog for TestDox, its period 5s 
2024-12-09 16:37:21.710 [pool-3-thread-1] INFO  com.rs.mv.mvvs.client.catalog.manager.U2CatalogManager - [client:400203]cache file auto update thread launch in TestResult account
2024-12-09 16:37:21.710 [pool-3-thread-1] INFO  com.rs.mv.mvvs.client.catalog.from.config.DirsConfigReader - [client:400206]parse dir config information
2024-12-09 16:37:21.711 [pool-3-thread-1] INFO  com.rs.mv.mvvs.client.catalog.from.config.MappingConfigReader - [client:400207]parse mapping config information
2024-12-09 16:37:21.711 [pool-3-thread-1] INFO  com.rs.mv.mvvs.client.catalog.manager.U2CatalogManager - [client:400202]start a schedule task to get global/local catalog for TestResult, its period 5s 
2024-12-09 16:37:21.712 [pool-3-thread-1] INFO  com.rs.mv.mvvs.client.catalog.manager.U2CatalogManager - [client:400203]cache file auto update thread launch in Metadata account
2024-12-09 16:37:21.712 [pool-3-thread-1] INFO  com.rs.mv.mvvs.client.catalog.from.config.DirsConfigReader - [client:400206]parse dir config information
2024-12-09 16:37:21.712 [pool-3-thread-1] INFO  com.rs.mv.mvvs.client.catalog.from.config.MappingConfigReader - [client:400207]parse mapping config information
2024-12-09 16:37:21.713 [pool-3-thread-1] INFO  com.rs.mv.mvvs.client.catalog.manager.U2CatalogManager - [client:400202]start a schedule task to get global/local catalog for Metadata, its period 5s 
2024-12-09 16:37:21.714 [pool-3-thread-1] INFO  com.rs.mv.mvvs.client.catalog.manager.U2CatalogManager - [client:400203]cache file auto update thread launch in Parser account
2024-12-09 16:37:21.714 [pool-3-thread-1] INFO  com.rs.mv.mvvs.client.catalog.from.config.DirsConfigReader - [client:400206]parse dir config information
2024-12-09 16:37:21.715 [pool-3-thread-1] INFO  com.rs.mv.mvvs.client.catalog.from.config.MappingConfigReader - [client:400207]parse mapping config information
2024-12-09 16:37:21.715 [pool-3-thread-1] INFO  com.rs.mv.mvvs.client.catalog.manager.U2CatalogManager - [client:400202]start a schedule task to get global/local catalog for Parser, its period 5s 
2024-12-09 16:37:21.716 [pool-3-thread-1] INFO  com.rs.mv.mvvs.client.catalog.manager.U2CatalogManager - [client:400203]cache file auto update thread launch in Runner account
2024-12-09 16:37:21.716 [pool-3-thread-1] INFO  com.rs.mv.mvvs.client.catalog.from.config.DirsConfigReader - [client:400206]parse dir config information
2024-12-09 16:37:21.716 [pool-3-thread-1] INFO  com.rs.mv.mvvs.client.catalog.from.config.MappingConfigReader - [client:400207]parse mapping config information
2024-12-09 16:37:21.717 [pool-3-thread-1] INFO  com.rs.mv.mvvs.client.catalog.manager.U2CatalogManager - [client:400202]start a schedule task to get global/local catalog for Runner, its period 5s 
2024-12-09 16:37:21.718 [pool-3-thread-1] INFO  com.rs.mv.mvvs.client.catalog.manager.U2CatalogManager - [client:400203]cache file auto update thread launch in Baseline account
2024-12-09 16:37:21.718 [pool-3-thread-1] INFO  com.rs.mv.mvvs.client.catalog.from.config.DirsConfigReader - [client:400206]parse dir config information
2024-12-09 16:37:21.718 [pool-3-thread-1] INFO  com.rs.mv.mvvs.client.catalog.from.config.MappingConfigReader - [client:400207]parse mapping config information
2024-12-09 16:37:21.719 [pool-3-thread-1] INFO  com.rs.mv.mvvs.client.catalog.manager.U2CatalogManager - [client:400202]start a schedule task to get global/local catalog for Baseline, its period 5s 
2024-12-09 16:37:21.719 [pool-3-thread-1] INFO  com.rs.mv.mvvs.client.catalog.manager.U2CatalogManager - [client:400203]cache file auto update thread launch in GarbageCollection account
2024-12-09 16:37:21.720 [pool-3-thread-1] INFO  com.rs.mv.mvvs.client.catalog.from.config.DirsConfigReader - [client:400206]parse dir config information
2024-12-09 16:37:21.720 [pool-3-thread-1] INFO  com.rs.mv.mvvs.client.catalog.from.config.MappingConfigReader - [client:400207]parse mapping config information
2024-12-09 16:37:21.720 [pool-3-thread-1] INFO  com.rs.mv.mvvs.client.catalog.manager.U2CatalogManager - [client:400202]start a schedule task to get global/local catalog for GarbageCollection, its period 5s 
2024-12-09 16:37:21.721 [pool-3-thread-1] INFO  com.rs.mv.mvvs.client.catalog.manager.U2CatalogManager - [client:400203]cache file auto update thread launch in ResultCache account
2024-12-09 16:37:21.721 [pool-3-thread-1] INFO  com.rs.mv.mvvs.client.catalog.from.config.DirsConfigReader - [client:400206]parse dir config information
2024-12-09 16:37:21.721 [pool-3-thread-1] INFO  com.rs.mv.mvvs.client.catalog.from.config.MappingConfigReader - [client:400207]parse mapping config information
2024-12-09 16:37:21.722 [pool-3-thread-1] INFO  com.rs.mv.mvvs.client.catalog.manager.U2CatalogManager - [client:400202]start a schedule task to get global/local catalog for ResultCache, its period 5s 
2024-12-09 16:37:21.722 [pool-3-thread-1] INFO  com.rs.mv.mvvs.client.catalog.manager.U2CatalogManager - [client:400203]cache file auto update thread launch in TestResult account
2024-12-09 16:37:21.723 [pool-3-thread-1] INFO  com.rs.mv.mvvs.client.catalog.from.config.DirsConfigReader - [client:400206]parse dir config information
2024-12-09 16:37:21.723 [pool-3-thread-1] INFO  com.rs.mv.mvvs.client.catalog.from.config.MappingConfigReader - [client:400207]parse mapping config information
2024-12-09 16:37:21.723 [pool-3-thread-1] INFO  com.rs.mv.mvvs.client.catalog.manager.U2CatalogManager - [client:400202]start a schedule task to get global/local catalog for TestResult, its period 5s 
2024-12-09 16:37:21.724 [pool-3-thread-1] INFO  com.rs.mv.mvvs.client.catalog.manager.U2CatalogManager - [client:400203]cache file auto update thread launch in TextUI account
2024-12-09 16:37:21.724 [pool-3-thread-1] INFO  com.rs.mv.mvvs.client.catalog.from.config.DirsConfigReader - [client:400206]parse dir config information
2024-12-09 16:37:21.724 [pool-3-thread-1] INFO  com.rs.mv.mvvs.client.catalog.from.config.MappingConfigReader - [client:400207]parse mapping config information
2024-12-09 16:37:21.740 [pool-3-thread-1] INFO  com.rs.mv.mvvs.client.catalog.manager.U2CatalogManager - [client:400202]start a schedule task to get global/local catalog for TextUI, its period 5s 
2024-12-09 16:37:21.741 [pool-3-thread-1] INFO  com.rs.mv.mvvs.client.catalog.manager.U2CatalogManager - [client:400203]cache file auto update thread launch in Command account
2024-12-09 16:37:21.741 [pool-3-thread-1] INFO  com.rs.mv.mvvs.client.catalog.from.config.DirsConfigReader - [client:400206]parse dir config information
2024-12-09 16:37:21.742 [pool-3-thread-1] INFO  com.rs.mv.mvvs.client.catalog.from.config.MappingConfigReader - [client:400207]parse mapping config information
2024-12-09 16:37:21.744 [pool-3-thread-1] INFO  com.rs.mv.mvvs.client.catalog.manager.U2CatalogManager - [client:400202]start a schedule task to get global/local catalog for Command, its period 5s 
2024-12-09 16:37:21.762 [pool-3-thread-1] INFO  com.rs.mv.mvvs.client.catalog.manager.U2CatalogManager - [client:400203]cache file auto update thread launch in Configuration account
2024-12-09 16:37:21.763 [pool-3-thread-1] INFO  com.rs.mv.mvvs.client.catalog.from.config.DirsConfigReader - [client:400206]parse dir config information
2024-12-09 16:37:21.763 [pool-3-thread-1] INFO  com.rs.mv.mvvs.client.catalog.from.config.MappingConfigReader - [client:400207]parse mapping config information
2024-12-09 16:37:21.764 [pool-3-thread-1] INFO  com.rs.mv.mvvs.client.catalog.manager.U2CatalogManager - [client:400202]start a schedule task to get global/local catalog for Configuration, its period 5s 
2024-12-09 16:37:21.765 [pool-3-thread-1] INFO  com.rs.mv.mvvs.client.catalog.manager.U2CatalogManager - [client:400203]cache file auto update thread launch in Xml account
2024-12-09 16:37:21.766 [pool-3-thread-1] INFO  com.rs.mv.mvvs.client.catalog.from.config.DirsConfigReader - [client:400206]parse dir config information
2024-12-09 16:37:21.766 [pool-3-thread-1] INFO  com.rs.mv.mvvs.client.catalog.from.config.MappingConfigReader - [client:400207]parse mapping config information
2024-12-09 16:37:21.767 [pool-3-thread-1] INFO  com.rs.mv.mvvs.client.catalog.manager.U2CatalogManager - [client:400202]start a schedule task to get global/local catalog for Xml, its period 5s 
2024-12-09 16:37:21.768 [pool-3-thread-1] INFO  com.rs.mv.mvvs.client.catalog.manager.U2CatalogManager - [client:400203]cache file auto update thread launch in CodeCoverage account
2024-12-09 16:37:21.768 [pool-3-thread-1] INFO  com.rs.mv.mvvs.client.catalog.from.config.DirsConfigReader - [client:400206]parse dir config information
2024-12-09 16:37:21.769 [pool-3-thread-1] INFO  com.rs.mv.mvvs.client.catalog.from.config.MappingConfigReader - [client:400207]parse mapping config information
2024-12-09 16:37:21.769 [pool-3-thread-1] INFO  com.rs.mv.mvvs.client.catalog.manager.U2CatalogManager - [client:400202]start a schedule task to get global/local catalog for CodeCoverage, its period 5s 
2024-12-09 16:37:21.770 [pool-3-thread-1] INFO  com.rs.mv.mvvs.client.catalog.manager.U2CatalogManager - [client:400203]cache file auto update thread launch in Logging account
2024-12-09 16:37:21.770 [pool-3-thread-1] INFO  com.rs.mv.mvvs.client.catalog.from.config.DirsConfigReader - [client:400206]parse dir config information
2024-12-09 16:37:21.770 [pool-3-thread-1] INFO  com.rs.mv.mvvs.client.catalog.from.config.MappingConfigReader - [client:400207]parse mapping config information
2024-12-09 16:37:21.771 [pool-3-thread-1] INFO  com.rs.mv.mvvs.client.catalog.manager.U2CatalogManager - [client:400202]start a schedule task to get global/local catalog for Logging, its period 5s 
2024-12-09 16:37:21.772 [pool-3-thread-1] INFO  com.rs.mv.mvvs.client.catalog.manager.U2CatalogManager - [client:400203]cache file auto update thread launch in Migration account
2024-12-09 16:37:21.772 [pool-3-thread-1] INFO  com.rs.mv.mvvs.client.catalog.from.config.DirsConfigReader - [client:400206]parse dir config information
2024-12-09 16:37:21.772 [pool-3-thread-1] INFO  com.rs.mv.mvvs.client.catalog.from.config.MappingConfigReader - [client:400207]parse mapping config information
2024-12-09 16:37:21.773 [pool-3-thread-1] INFO  com.rs.mv.mvvs.client.catalog.manager.U2CatalogManager - [client:400202]start a schedule task to get global/local catalog for Migration, its period 5s 
2024-12-09 16:37:21.774 [pool-3-thread-1] INFO  com.rs.mv.mvvs.client.catalog.manager.U2CatalogManager - [client:400203]cache file auto update thread launch in Output account
2024-12-09 16:37:21.775 [pool-3-thread-1] INFO  com.rs.mv.mvvs.client.catalog.from.config.DirsConfigReader - [client:400206]parse dir config information
2024-12-09 16:37:21.775 [pool-3-thread-1] INFO  com.rs.mv.mvvs.client.catalog.from.config.MappingConfigReader - [client:400207]parse mapping config information
2024-12-09 16:37:21.776 [pool-3-thread-1] INFO  com.rs.mv.mvvs.client.catalog.manager.U2CatalogManager - [client:400202]start a schedule task to get global/local catalog for Output, its period 5s 
2024-12-09 16:37:21.776 [pool-3-thread-1] INFO  com.rs.mv.mvvs.client.catalog.manager.U2CatalogManager - [client:400203]cache file auto update thread launch in Default account
2024-12-09 16:37:21.777 [pool-3-thread-1] INFO  com.rs.mv.mvvs.client.catalog.from.config.DirsConfigReader - [client:400206]parse dir config information
2024-12-09 16:37:21.777 [pool-3-thread-1] INFO  com.rs.mv.mvvs.client.catalog.from.config.MappingConfigReader - [client:400207]parse mapping config information
2024-12-09 16:37:21.778 [pool-3-thread-1] INFO  com.rs.mv.mvvs.client.catalog.manager.U2CatalogManager - [client:400202]start a schedule task to get global/local catalog for Default, its period 5s 
2024-12-09 16:37:21.778 [pool-3-thread-1] INFO  com.rs.mv.mvvs.client.catalog.manager.U2CatalogManager - [client:400203]cache file auto update thread launch in ProgressPrinter account
2024-12-09 16:37:21.780 [pool-3-thread-1] INFO  com.rs.mv.mvvs.client.catalog.from.config.DirsConfigReader - [client:400206]parse dir config information
2024-12-09 16:37:21.787 [pool-3-thread-1] INFO  com.rs.mv.mvvs.client.catalog.from.config.MappingConfigReader - [client:400207]parse mapping config information
2024-12-09 16:37:21.787 [pool-3-thread-1] INFO  com.rs.mv.mvvs.client.catalog.manager.U2CatalogManager - [client:400202]start a schedule task to get global/local catalog for ProgressPrinter, its period 5s 
2024-12-09 16:37:21.788 [pool-3-thread-1] INFO  com.rs.mv.mvvs.client.catalog.manager.U2CatalogManager - [client:400203]cache file auto update thread launch in Util account
2024-12-09 16:37:21.788 [pool-3-thread-1] INFO  com.rs.mv.mvvs.client.catalog.from.config.DirsConfigReader - [client:400206]parse dir config information
2024-12-09 16:37:21.789 [pool-3-thread-1] INFO  com.rs.mv.mvvs.client.catalog.from.config.MappingConfigReader - [client:400207]parse mapping config information
2024-12-09 16:37:21.789 [pool-3-thread-1] INFO  com.rs.mv.mvvs.client.catalog.manager.U2CatalogManager - [client:400202]start a schedule task to get global/local catalog for Util, its period 5s 
2024-12-09 16:37:21.790 [pool-3-thread-1] INFO  com.rs.mv.mvvs.client.catalog.manager.U2CatalogManager - [client:400203]cache file auto update thread launch in PHP account
2024-12-09 16:37:21.791 [pool-3-thread-1] INFO  com.rs.mv.mvvs.client.catalog.from.config.DirsConfigReader - [client:400206]parse dir config information
2024-12-09 16:37:21.791 [pool-3-thread-1] INFO  com.rs.mv.mvvs.client.catalog.from.config.MappingConfigReader - [client:400207]parse mapping config information
2024-12-09 16:37:21.792 [pool-3-thread-1] INFO  com.rs.mv.mvvs.client.catalog.manager.U2CatalogManager - [client:400202]start a schedule task to get global/local catalog for PHP, its period 5s 
2024-12-09 16:37:21.793 [pool-3-thread-1] INFO  com.rs.mv.mvvs.client.catalog.manager.U2CatalogManager - [client:400203]cache file auto update thread launch in psr account
2024-12-09 16:37:21.793 [pool-3-thread-1] INFO  com.rs.mv.mvvs.client.catalog.from.config.DirsConfigReader - [client:400206]parse dir config information
2024-12-09 16:37:21.794 [pool-3-thread-1] INFO  com.rs.mv.mvvs.client.catalog.from.config.MappingConfigReader - [client:400207]parse mapping config information
2024-12-09 16:37:21.795 [pool-3-thread-1] INFO  com.rs.mv.mvvs.client.catalog.manager.U2CatalogManager - [client:400202]start a schedule task to get global/local catalog for psr, its period 5s 
2024-12-09 16:37:21.797 [pool-3-thread-1] INFO  com.rs.mv.mvvs.client.catalog.manager.U2CatalogManager - [client:400203]cache file auto update thread launch in container account
2024-12-09 16:37:21.797 [pool-3-thread-1] INFO  com.rs.mv.mvvs.client.catalog.from.config.DirsConfigReader - [client:400206]parse dir config information
2024-12-09 16:37:21.798 [pool-3-thread-1] INFO  com.rs.mv.mvvs.client.catalog.from.config.MappingConfigReader - [client:400207]parse mapping config information
2024-12-09 16:37:21.798 [pool-3-thread-1] INFO  com.rs.mv.mvvs.client.catalog.manager.U2CatalogManager - [client:400202]start a schedule task to get global/local catalog for container, its period 5s 
2024-12-09 16:37:21.799 [pool-3-thread-1] INFO  com.rs.mv.mvvs.client.catalog.manager.U2CatalogManager - [client:400203]cache file auto update thread launch in http-message account
2024-12-09 16:37:21.800 [pool-3-thread-1] INFO  com.rs.mv.mvvs.client.catalog.from.config.DirsConfigReader - [client:400206]parse dir config information
2024-12-09 16:37:21.800 [pool-3-thread-1] INFO  com.rs.mv.mvvs.client.catalog.from.config.MappingConfigReader - [client:400207]parse mapping config information
2024-12-09 16:37:21.801 [pool-3-thread-1] INFO  com.rs.mv.mvvs.client.catalog.manager.U2CatalogManager - [client:400202]start a schedule task to get global/local catalog for http-message, its period 5s 
2024-12-09 16:37:21.802 [pool-3-thread-1] INFO  com.rs.mv.mvvs.client.catalog.manager.U2CatalogManager - [client:400203]cache file auto update thread launch in log account
2024-12-09 16:37:21.802 [pool-3-thread-1] INFO  com.rs.mv.mvvs.client.catalog.from.config.DirsConfigReader - [client:400206]parse dir config information
2024-12-09 16:37:21.803 [pool-3-thread-1] INFO  com.rs.mv.mvvs.client.catalog.from.config.MappingConfigReader - [client:400207]parse mapping config information
2024-12-09 16:37:21.803 [pool-3-thread-1] INFO  com.rs.mv.mvvs.client.catalog.manager.U2CatalogManager - [client:400202]start a schedule task to get global/local catalog for log, its period 5s 
2024-12-09 16:37:21.812 [pool-3-thread-1] INFO  com.rs.mv.mvvs.client.catalog.manager.U2CatalogManager - [client:400203]cache file auto update thread launch in sabberworm account
2024-12-09 16:37:21.815 [pool-3-thread-1] INFO  com.rs.mv.mvvs.client.catalog.from.config.DirsConfigReader - [client:400206]parse dir config information
2024-12-09 16:37:21.816 [pool-3-thread-1] INFO  com.rs.mv.mvvs.client.catalog.from.config.MappingConfigReader - [client:400207]parse mapping config information
2024-12-09 16:37:21.817 [pool-3-thread-1] INFO  com.rs.mv.mvvs.client.catalog.manager.U2CatalogManager - [client:400202]start a schedule task to get global/local catalog for sabberworm, its period 5s 
2024-12-09 16:37:21.818 [pool-3-thread-1] INFO  com.rs.mv.mvvs.client.catalog.manager.U2CatalogManager - [client:400203]cache file auto update thread launch in php-css-parser account
2024-12-09 16:37:21.819 [pool-3-thread-1] INFO  com.rs.mv.mvvs.client.catalog.from.config.DirsConfigReader - [client:400206]parse dir config information
2024-12-09 16:37:21.819 [pool-3-thread-1] INFO  com.rs.mv.mvvs.client.catalog.from.config.MappingConfigReader - [client:400207]parse mapping config information
2024-12-09 16:37:21.822 [pool-3-thread-1] INFO  com.rs.mv.mvvs.client.catalog.manager.U2CatalogManager - [client:400202]start a schedule task to get global/local catalog for php-css-parser, its period 5s 
2024-12-09 16:37:21.823 [pool-3-thread-1] INFO  com.rs.mv.mvvs.client.catalog.manager.U2CatalogManager - [client:400203]cache file auto update thread launch in src account
2024-12-09 16:37:21.824 [pool-3-thread-1] INFO  com.rs.mv.mvvs.client.catalog.from.config.DirsConfigReader - [client:400206]parse dir config information
2024-12-09 16:37:21.824 [pool-3-thread-1] INFO  com.rs.mv.mvvs.client.catalog.from.config.MappingConfigReader - [client:400207]parse mapping config information
2024-12-09 16:37:21.824 [pool-3-thread-1] INFO  com.rs.mv.mvvs.client.catalog.manager.U2CatalogManager - [client:400202]start a schedule task to get global/local catalog for src, its period 5s 
2024-12-09 16:37:21.825 [pool-3-thread-1] INFO  com.rs.mv.mvvs.client.catalog.manager.U2CatalogManager - [client:400203]cache file auto update thread launch in sebastian account
2024-12-09 16:37:21.826 [pool-3-thread-1] INFO  com.rs.mv.mvvs.client.catalog.from.config.DirsConfigReader - [client:400206]parse dir config information
2024-12-09 16:37:21.826 [pool-3-thread-1] INFO  com.rs.mv.mvvs.client.catalog.from.config.MappingConfigReader - [client:400207]parse mapping config information
2024-12-09 16:37:21.828 [pool-3-thread-1] INFO  com.rs.mv.mvvs.client.catalog.manager.U2CatalogManager - [client:400202]start a schedule task to get global/local catalog for sebastian, its period 5s 
2024-12-09 16:37:21.828 [pool-3-thread-1] INFO  com.rs.mv.mvvs.client.catalog.manager.U2CatalogManager - [client:400203]cache file auto update thread launch in cli-parser account
2024-12-09 16:37:21.829 [pool-3-thread-1] INFO  com.rs.mv.mvvs.client.catalog.from.config.DirsConfigReader - [client:400206]parse dir config information
2024-12-09 16:37:21.829 [pool-3-thread-1] INFO  com.rs.mv.mvvs.client.catalog.from.config.MappingConfigReader - [client:400207]parse mapping config information
2024-12-09 16:37:21.830 [pool-3-thread-1] INFO  com.rs.mv.mvvs.client.catalog.manager.U2CatalogManager - [client:400202]start a schedule task to get global/local catalog for cli-parser, its period 5s 
2024-12-09 16:37:21.831 [pool-3-thread-1] INFO  com.rs.mv.mvvs.client.catalog.manager.U2CatalogManager - [client:400203]cache file auto update thread launch in src account
2024-12-09 16:37:21.837 [pool-3-thread-1] INFO  com.rs.mv.mvvs.client.catalog.from.config.DirsConfigReader - [client:400206]parse dir config information
2024-12-09 16:37:21.837 [pool-3-thread-1] INFO  com.rs.mv.mvvs.client.catalog.from.config.MappingConfigReader - [client:400207]parse mapping config information
2024-12-09 16:37:21.840 [pool-3-thread-1] INFO  com.rs.mv.mvvs.client.catalog.manager.U2CatalogManager - [client:400202]start a schedule task to get global/local catalog for src, its period 5s 
2024-12-09 16:37:21.841 [pool-3-thread-1] INFO  com.rs.mv.mvvs.client.catalog.manager.U2CatalogManager - [client:400203]cache file auto update thread launch in code-unit account
2024-12-09 16:37:21.841 [pool-3-thread-1] INFO  com.rs.mv.mvvs.client.catalog.from.config.DirsConfigReader - [client:400206]parse dir config information
2024-12-09 16:37:21.853 [pool-3-thread-1] INFO  com.rs.mv.mvvs.client.catalog.from.config.MappingConfigReader - [client:400207]parse mapping config information
2024-12-09 16:37:21.854 [pool-3-thread-1] INFO  com.rs.mv.mvvs.client.catalog.manager.U2CatalogManager - [client:400202]start a schedule task to get global/local catalog for code-unit, its period 5s 
2024-12-09 16:37:21.855 [pool-3-thread-1] INFO  com.rs.mv.mvvs.client.catalog.manager.U2CatalogManager - [client:400203]cache file auto update thread launch in src account
2024-12-09 16:37:21.855 [pool-3-thread-1] INFO  com.rs.mv.mvvs.client.catalog.from.config.DirsConfigReader - [client:400206]parse dir config information
2024-12-09 16:37:21.856 [pool-3-thread-1] INFO  com.rs.mv.mvvs.client.catalog.from.config.MappingConfigReader - [client:400207]parse mapping config information
2024-12-09 16:37:21.857 [pool-3-thread-1] INFO  com.rs.mv.mvvs.client.catalog.manager.U2CatalogManager - [client:400202]start a schedule task to get global/local catalog for src, its period 5s 
2024-12-09 16:37:21.857 [pool-3-thread-1] INFO  com.rs.mv.mvvs.client.catalog.manager.U2CatalogManager - [client:400203]cache file auto update thread launch in code-unit-reverse-lookup account
2024-12-09 16:37:21.858 [pool-3-thread-1] INFO  com.rs.mv.mvvs.client.catalog.from.config.DirsConfigReader - [client:400206]parse dir config information
2024-12-09 16:37:21.858 [pool-3-thread-1] INFO  com.rs.mv.mvvs.client.catalog.from.config.MappingConfigReader - [client:400207]parse mapping config information
2024-12-09 16:37:21.859 [pool-3-thread-1] INFO  com.rs.mv.mvvs.client.catalog.manager.U2CatalogManager - [client:400202]start a schedule task to get global/local catalog for code-unit-reverse-lookup, its period 5s 
2024-12-09 16:37:21.860 [pool-3-thread-1] INFO  com.rs.mv.mvvs.client.catalog.manager.U2CatalogManager - [client:400203]cache file auto update thread launch in comparator account
2024-12-09 16:37:21.860 [pool-3-thread-1] INFO  com.rs.mv.mvvs.client.catalog.from.config.DirsConfigReader - [client:400206]parse dir config information
2024-12-09 16:37:21.861 [pool-3-thread-1] INFO  com.rs.mv.mvvs.client.catalog.from.config.MappingConfigReader - [client:400207]parse mapping config information
2024-12-09 16:37:21.862 [pool-3-thread-1] INFO  com.rs.mv.mvvs.client.catalog.manager.U2CatalogManager - [client:400202]start a schedule task to get global/local catalog for comparator, its period 5s 
2024-12-09 16:37:21.863 [pool-3-thread-1] INFO  com.rs.mv.mvvs.client.catalog.manager.U2CatalogManager - [client:400203]cache file auto update thread launch in src account
2024-12-09 16:37:21.863 [pool-3-thread-1] INFO  com.rs.mv.mvvs.client.catalog.from.config.DirsConfigReader - [client:400206]parse dir config information
2024-12-09 16:37:21.864 [pool-3-thread-1] INFO  com.rs.mv.mvvs.client.catalog.from.config.MappingConfigReader - [client:400207]parse mapping config information
2024-12-09 16:37:21.864 [pool-3-thread-1] INFO  com.rs.mv.mvvs.client.catalog.manager.U2CatalogManager - [client:400202]start a schedule task to get global/local catalog for src, its period 5s 
2024-12-09 16:37:21.865 [pool-3-thread-1] INFO  com.rs.mv.mvvs.client.catalog.manager.U2CatalogManager - [client:400203]cache file auto update thread launch in complexity account
2024-12-09 16:37:21.865 [pool-3-thread-1] INFO  com.rs.mv.mvvs.client.catalog.from.config.DirsConfigReader - [client:400206]parse dir config information
2024-12-09 16:37:21.866 [pool-3-thread-1] INFO  com.rs.mv.mvvs.client.catalog.from.config.MappingConfigReader - [client:400207]parse mapping config information
2024-12-09 16:37:21.866 [pool-3-thread-1] INFO  com.rs.mv.mvvs.client.catalog.manager.U2CatalogManager - [client:400202]start a schedule task to get global/local catalog for complexity, its period 5s 
2024-12-09 16:37:21.867 [pool-3-thread-1] INFO  com.rs.mv.mvvs.client.catalog.manager.U2CatalogManager - [client:400203]cache file auto update thread launch in src account
2024-12-09 16:37:21.867 [pool-3-thread-1] INFO  com.rs.mv.mvvs.client.catalog.from.config.DirsConfigReader - [client:400206]parse dir config information
2024-12-09 16:37:21.867 [pool-3-thread-1] INFO  com.rs.mv.mvvs.client.catalog.from.config.MappingConfigReader - [client:400207]parse mapping config information
2024-12-09 16:37:21.868 [pool-3-thread-1] INFO  com.rs.mv.mvvs.client.catalog.manager.U2CatalogManager - [client:400202]start a schedule task to get global/local catalog for src, its period 5s 
2024-12-09 16:37:21.869 [pool-3-thread-1] INFO  com.rs.mv.mvvs.client.catalog.manager.U2CatalogManager - [client:400203]cache file auto update thread launch in diff account
2024-12-09 16:37:21.869 [pool-3-thread-1] INFO  com.rs.mv.mvvs.client.catalog.from.config.DirsConfigReader - [client:400206]parse dir config information
2024-12-09 16:37:21.870 [pool-3-thread-1] INFO  com.rs.mv.mvvs.client.catalog.from.config.MappingConfigReader - [client:400207]parse mapping config information
2024-12-09 16:37:21.870 [pool-3-thread-1] INFO  com.rs.mv.mvvs.client.catalog.manager.U2CatalogManager - [client:400202]start a schedule task to get global/local catalog for diff, its period 5s 
2024-12-09 16:37:21.871 [pool-3-thread-1] INFO  com.rs.mv.mvvs.client.catalog.manager.U2CatalogManager - [client:400203]cache file auto update thread launch in src account
2024-12-09 16:37:21.871 [pool-3-thread-1] INFO  com.rs.mv.mvvs.client.catalog.from.config.DirsConfigReader - [client:400206]parse dir config information
2024-12-09 16:37:21.871 [pool-3-thread-1] INFO  com.rs.mv.mvvs.client.catalog.from.config.MappingConfigReader - [client:400207]parse mapping config information
2024-12-09 16:37:21.872 [pool-3-thread-1] INFO  com.rs.mv.mvvs.client.catalog.manager.U2CatalogManager - [client:400202]start a schedule task to get global/local catalog for src, its period 5s 
2024-12-09 16:37:21.872 [pool-3-thread-1] INFO  com.rs.mv.mvvs.client.catalog.manager.U2CatalogManager - [client:400203]cache file auto update thread launch in environment account
2024-12-09 16:37:21.873 [pool-3-thread-1] INFO  com.rs.mv.mvvs.client.catalog.from.config.DirsConfigReader - [client:400206]parse dir config information
2024-12-09 16:37:21.873 [pool-3-thread-1] INFO  com.rs.mv.mvvs.client.catalog.from.config.MappingConfigReader - [client:400207]parse mapping config information
2024-12-09 16:37:21.874 [pool-3-thread-1] INFO  com.rs.mv.mvvs.client.catalog.manager.U2CatalogManager - [client:400202]start a schedule task to get global/local catalog for environment, its period 5s 
2024-12-09 16:37:21.874 [pool-3-thread-1] INFO  com.rs.mv.mvvs.client.catalog.manager.U2CatalogManager - [client:400203]cache file auto update thread launch in exporter account
2024-12-09 16:37:21.875 [pool-3-thread-1] INFO  com.rs.mv.mvvs.client.catalog.from.config.DirsConfigReader - [client:400206]parse dir config information
2024-12-09 16:37:21.875 [pool-3-thread-1] INFO  com.rs.mv.mvvs.client.catalog.from.config.MappingConfigReader - [client:400207]parse mapping config information
2024-12-09 16:37:21.877 [pool-3-thread-1] INFO  com.rs.mv.mvvs.client.catalog.manager.U2CatalogManager - [client:400202]start a schedule task to get global/local catalog for exporter, its period 5s 
2024-12-09 16:37:21.878 [pool-3-thread-1] INFO  com.rs.mv.mvvs.client.catalog.manager.U2CatalogManager - [client:400203]cache file auto update thread launch in global-state account
2024-12-09 16:37:21.878 [pool-3-thread-1] INFO  com.rs.mv.mvvs.client.catalog.from.config.DirsConfigReader - [client:400206]parse dir config information
2024-12-09 16:37:21.879 [pool-3-thread-1] INFO  com.rs.mv.mvvs.client.catalog.from.config.MappingConfigReader - [client:400207]parse mapping config information
2024-12-09 16:37:21.879 [pool-3-thread-1] INFO  com.rs.mv.mvvs.client.catalog.manager.U2CatalogManager - [client:400202]start a schedule task to get global/local catalog for global-state, its period 5s 
2024-12-09 16:37:21.880 [pool-3-thread-1] INFO  com.rs.mv.mvvs.client.catalog.manager.U2CatalogManager - [client:400203]cache file auto update thread launch in src account
2024-12-09 16:37:21.880 [pool-3-thread-1] INFO  com.rs.mv.mvvs.client.catalog.from.config.DirsConfigReader - [client:400206]parse dir config information
2024-12-09 16:37:21.881 [pool-3-thread-1] INFO  com.rs.mv.mvvs.client.catalog.from.config.MappingConfigReader - [client:400207]parse mapping config information
2024-12-09 16:37:21.881 [pool-3-thread-1] INFO  com.rs.mv.mvvs.client.catalog.manager.U2CatalogManager - [client:400202]start a schedule task to get global/local catalog for src, its period 5s 
2024-12-09 16:37:21.882 [pool-3-thread-1] INFO  com.rs.mv.mvvs.client.catalog.manager.U2CatalogManager - [client:400203]cache file auto update thread launch in lines-of-code account
2024-12-09 16:37:21.882 [pool-3-thread-1] INFO  com.rs.mv.mvvs.client.catalog.from.config.DirsConfigReader - [client:400206]parse dir config information
2024-12-09 16:37:21.883 [pool-3-thread-1] INFO  com.rs.mv.mvvs.client.catalog.from.config.MappingConfigReader - [client:400207]parse mapping config information
2024-12-09 16:37:21.883 [pool-3-thread-1] INFO  com.rs.mv.mvvs.client.catalog.manager.U2CatalogManager - [client:400202]start a schedule task to get global/local catalog for lines-of-code, its period 5s 
2024-12-09 16:37:21.884 [pool-3-thread-1] INFO  com.rs.mv.mvvs.client.catalog.manager.U2CatalogManager - [client:400203]cache file auto update thread launch in src account
2024-12-09 16:37:21.884 [pool-3-thread-1] INFO  com.rs.mv.mvvs.client.catalog.from.config.DirsConfigReader - [client:400206]parse dir config information
2024-12-09 16:37:21.884 [pool-3-thread-1] INFO  com.rs.mv.mvvs.client.catalog.from.config.MappingConfigReader - [client:400207]parse mapping config information
2024-12-09 16:37:21.885 [pool-3-thread-1] INFO  com.rs.mv.mvvs.client.catalog.manager.U2CatalogManager - [client:400202]start a schedule task to get global/local catalog for src, its period 5s 
2024-12-09 16:37:21.886 [pool-3-thread-1] INFO  com.rs.mv.mvvs.client.catalog.manager.U2CatalogManager - [client:400203]cache file auto update thread launch in object-enumerator account
2024-12-09 16:37:21.886 [pool-3-thread-1] INFO  com.rs.mv.mvvs.client.catalog.from.config.DirsConfigReader - [client:400206]parse dir config information
2024-12-09 16:37:21.887 [pool-3-thread-1] INFO  com.rs.mv.mvvs.client.catalog.from.config.MappingConfigReader - [client:400207]parse mapping config information
2024-12-09 16:37:21.888 [pool-3-thread-1] INFO  com.rs.mv.mvvs.client.catalog.manager.U2CatalogManager - [client:400202]start a schedule task to get global/local catalog for object-enumerator, its period 5s 
2024-12-09 16:37:21.889 [pool-3-thread-1] INFO  com.rs.mv.mvvs.client.catalog.manager.U2CatalogManager - [client:400203]cache file auto update thread launch in object-reflector account
2024-12-09 16:37:21.889 [pool-3-thread-1] INFO  com.rs.mv.mvvs.client.catalog.from.config.DirsConfigReader - [client:400206]parse dir config information
2024-12-09 16:37:21.890 [pool-3-thread-1] INFO  com.rs.mv.mvvs.client.catalog.from.config.MappingConfigReader - [client:400207]parse mapping config information
2024-12-09 16:37:21.890 [pool-3-thread-1] INFO  com.rs.mv.mvvs.client.catalog.manager.U2CatalogManager - [client:400202]start a schedule task to get global/local catalog for object-reflector, its period 5s 
2024-12-09 16:37:21.891 [pool-3-thread-1] INFO  com.rs.mv.mvvs.client.catalog.manager.U2CatalogManager - [client:400203]cache file auto update thread launch in recursion-context account
2024-12-09 16:37:21.891 [pool-3-thread-1] INFO  com.rs.mv.mvvs.client.catalog.from.config.DirsConfigReader - [client:400206]parse dir config information
2024-12-09 16:37:21.892 [pool-3-thread-1] INFO  com.rs.mv.mvvs.client.catalog.from.config.MappingConfigReader - [client:400207]parse mapping config information
2024-12-09 16:37:21.892 [pool-3-thread-1] INFO  com.rs.mv.mvvs.client.catalog.manager.U2CatalogManager - [client:400202]start a schedule task to get global/local catalog for recursion-context, its period 5s 
2024-12-09 16:37:21.893 [pool-3-thread-1] INFO  com.rs.mv.mvvs.client.catalog.manager.U2CatalogManager - [client:400203]cache file auto update thread launch in type account
2024-12-09 16:37:21.893 [pool-3-thread-1] INFO  com.rs.mv.mvvs.client.catalog.from.config.DirsConfigReader - [client:400206]parse dir config information
2024-12-09 16:37:21.894 [pool-3-thread-1] INFO  com.rs.mv.mvvs.client.catalog.from.config.MappingConfigReader - [client:400207]parse mapping config information
2024-12-09 16:37:21.894 [pool-3-thread-1] INFO  com.rs.mv.mvvs.client.catalog.manager.U2CatalogManager - [client:400202]start a schedule task to get global/local catalog for type, its period 5s 
2024-12-09 16:37:21.895 [pool-3-thread-1] INFO  com.rs.mv.mvvs.client.catalog.manager.U2CatalogManager - [client:400203]cache file auto update thread launch in src account
2024-12-09 16:37:21.895 [pool-3-thread-1] INFO  com.rs.mv.mvvs.client.catalog.from.config.DirsConfigReader - [client:400206]parse dir config information
2024-12-09 16:37:21.895 [pool-3-thread-1] INFO  com.rs.mv.mvvs.client.catalog.from.config.MappingConfigReader - [client:400207]parse mapping config information
2024-12-09 16:37:21.896 [pool-3-thread-1] INFO  com.rs.mv.mvvs.client.catalog.manager.U2CatalogManager - [client:400202]start a schedule task to get global/local catalog for src, its period 5s 
2024-12-09 16:37:21.896 [pool-3-thread-1] INFO  com.rs.mv.mvvs.client.catalog.manager.U2CatalogManager - [client:400203]cache file auto update thread launch in version account
2024-12-09 16:37:21.897 [pool-3-thread-1] INFO  com.rs.mv.mvvs.client.catalog.from.config.DirsConfigReader - [client:400206]parse dir config information
2024-12-09 16:37:21.897 [pool-3-thread-1] INFO  com.rs.mv.mvvs.client.catalog.from.config.MappingConfigReader - [client:400207]parse mapping config information
2024-12-09 16:37:21.898 [pool-3-thread-1] INFO  com.rs.mv.mvvs.client.catalog.manager.U2CatalogManager - [client:400202]start a schedule task to get global/local catalog for version, its period 5s 
2024-12-09 16:37:21.898 [pool-3-thread-1] INFO  com.rs.mv.mvvs.client.catalog.manager.U2CatalogManager - [client:400203]cache file auto update thread launch in setasign account
2024-12-09 16:37:21.898 [pool-3-thread-1] INFO  com.rs.mv.mvvs.client.catalog.from.config.DirsConfigReader - [client:400206]parse dir config information
2024-12-09 16:37:21.899 [pool-3-thread-1] INFO  com.rs.mv.mvvs.client.catalog.from.config.MappingConfigReader - [client:400207]parse mapping config information
2024-12-09 16:37:21.899 [pool-3-thread-1] INFO  com.rs.mv.mvvs.client.catalog.manager.U2CatalogManager - [client:400202]start a schedule task to get global/local catalog for setasign, its period 5s 
2024-12-09 16:37:21.900 [pool-3-thread-1] INFO  com.rs.mv.mvvs.client.catalog.manager.U2CatalogManager - [client:400203]cache file auto update thread launch in fpdi account
2024-12-09 16:37:21.900 [pool-3-thread-1] INFO  com.rs.mv.mvvs.client.catalog.from.config.DirsConfigReader - [client:400206]parse dir config information
2024-12-09 16:37:21.901 [pool-3-thread-1] INFO  com.rs.mv.mvvs.client.catalog.from.config.MappingConfigReader - [client:400207]parse mapping config information
2024-12-09 16:37:21.901 [pool-3-thread-1] INFO  com.rs.mv.mvvs.client.catalog.manager.U2CatalogManager - [client:400202]start a schedule task to get global/local catalog for fpdi, its period 5s 
2024-12-09 16:37:21.902 [pool-3-thread-1] INFO  com.rs.mv.mvvs.client.catalog.manager.U2CatalogManager - [client:400203]cache file auto update thread launch in src account
2024-12-09 16:37:21.902 [pool-3-thread-1] INFO  com.rs.mv.mvvs.client.catalog.from.config.DirsConfigReader - [client:400206]parse dir config information
2024-12-09 16:37:21.903 [pool-3-thread-1] INFO  com.rs.mv.mvvs.client.catalog.from.config.MappingConfigReader - [client:400207]parse mapping config information
2024-12-09 16:37:21.903 [pool-3-thread-1] INFO  com.rs.mv.mvvs.client.catalog.manager.U2CatalogManager - [client:400202]start a schedule task to get global/local catalog for src, its period 5s 
2024-12-09 16:37:21.904 [pool-3-thread-1] INFO  com.rs.mv.mvvs.client.catalog.manager.U2CatalogManager - [client:400203]cache file auto update thread launch in PdfParser account
2024-12-09 16:37:21.904 [pool-3-thread-1] INFO  com.rs.mv.mvvs.client.catalog.from.config.DirsConfigReader - [client:400206]parse dir config information
2024-12-09 16:37:21.904 [pool-3-thread-1] INFO  com.rs.mv.mvvs.client.catalog.from.config.MappingConfigReader - [client:400207]parse mapping config information
2024-12-09 16:37:21.905 [pool-3-thread-1] INFO  com.rs.mv.mvvs.client.catalog.manager.U2CatalogManager - [client:400202]start a schedule task to get global/local catalog for PdfParser, its period 5s 
2024-12-09 16:37:21.905 [pool-3-thread-1] INFO  com.rs.mv.mvvs.client.catalog.manager.U2CatalogManager - [client:400203]cache file auto update thread launch in PdfReader account
2024-12-09 16:37:21.906 [pool-3-thread-1] INFO  com.rs.mv.mvvs.client.catalog.from.config.DirsConfigReader - [client:400206]parse dir config information
2024-12-09 16:37:21.906 [pool-3-thread-1] INFO  com.rs.mv.mvvs.client.catalog.from.config.MappingConfigReader - [client:400207]parse mapping config information
2024-12-09 16:37:21.906 [pool-3-thread-1] INFO  com.rs.mv.mvvs.client.catalog.manager.U2CatalogManager - [client:400202]start a schedule task to get global/local catalog for PdfReader, its period 5s 
2024-12-09 16:37:21.907 [pool-3-thread-1] INFO  com.rs.mv.mvvs.client.catalog.manager.U2CatalogManager - [client:400203]cache file auto update thread launch in symfony account
2024-12-09 16:37:21.907 [pool-3-thread-1] INFO  com.rs.mv.mvvs.client.catalog.from.config.DirsConfigReader - [client:400206]parse dir config information
2024-12-09 16:37:21.907 [pool-3-thread-1] INFO  com.rs.mv.mvvs.client.catalog.from.config.MappingConfigReader - [client:400207]parse mapping config information
2024-12-09 16:37:21.908 [pool-3-thread-1] INFO  com.rs.mv.mvvs.client.catalog.manager.U2CatalogManager - [client:400202]start a schedule task to get global/local catalog for symfony, its period 5s 
2024-12-09 16:37:21.908 [pool-3-thread-1] INFO  com.rs.mv.mvvs.client.catalog.manager.U2CatalogManager - [client:400203]cache file auto update thread launch in theseer account
2024-12-09 16:37:21.909 [pool-3-thread-1] INFO  com.rs.mv.mvvs.client.catalog.from.config.DirsConfigReader - [client:400206]parse dir config information
2024-12-09 16:37:21.909 [pool-3-thread-1] INFO  com.rs.mv.mvvs.client.catalog.from.config.MappingConfigReader - [client:400207]parse mapping config information
2024-12-09 16:37:21.909 [pool-3-thread-1] INFO  com.rs.mv.mvvs.client.catalog.manager.U2CatalogManager - [client:400202]start a schedule task to get global/local catalog for theseer, its period 5s 
2024-12-09 16:37:21.910 [pool-3-thread-1] INFO  com.rs.mv.mvvs.client.catalog.manager.U2CatalogManager - [client:400203]cache file auto update thread launch in tokenizer account
2024-12-09 16:37:21.910 [pool-3-thread-1] INFO  com.rs.mv.mvvs.client.catalog.from.config.DirsConfigReader - [client:400206]parse dir config information
2024-12-09 16:37:21.910 [pool-3-thread-1] INFO  com.rs.mv.mvvs.client.catalog.from.config.MappingConfigReader - [client:400207]parse mapping config information
2024-12-09 16:37:21.915 [pool-3-thread-1] INFO  com.rs.mv.mvvs.client.catalog.manager.U2CatalogManager - [client:400202]start a schedule task to get global/local catalog for tokenizer, its period 5s 
2024-12-09 16:37:21.916 [pool-3-thread-1] INFO  com.rs.mv.mvvs.client.catalog.manager.U2CatalogManager - [client:400203]cache file auto update thread launch in writable account
2024-12-09 16:37:21.917 [pool-3-thread-1] INFO  com.rs.mv.mvvs.client.catalog.from.config.DirsConfigReader - [client:400206]parse dir config information
2024-12-09 16:37:21.917 [pool-3-thread-1] INFO  com.rs.mv.mvvs.client.catalog.from.config.MappingConfigReader - [client:400207]parse mapping config information
2024-12-09 16:37:21.918 [pool-3-thread-1] INFO  com.rs.mv.mvvs.client.catalog.manager.U2CatalogManager - [client:400202]start a schedule task to get global/local catalog for writable, its period 5s 
2024-12-09 16:37:21.923 [pool-3-thread-1] INFO  com.rs.mv.mvvs.rmv.documentation.BasicDocumentation - [framework:30020101]documentation load start
2024-12-09 16:37:21.924 [pool-3-thread-1] INFO  com.rs.mv.mvvs.rmv.documentation.reader.SystemDocReader - [framework:30020102]system documentation path: /documentation/UNIVERSE/
2024-12-09 16:37:21.924 [pool-3-thread-1] INFO  com.rs.mv.mvvs.rmv.documentation.reader.ProjectDocReader - [framework:30020103]project documentation brief file: custom.json
2024-12-09 16:37:21.925 [pool-3-thread-1] INFO  com.rs.mv.mvvs.rmv.documentation.reader.UserDocReader - [framework:30020104]user documentation brief file: C:\Users\lenovo\documentation\UNIVERSE\custom.json
2024-12-09 16:37:21.973 [pool-3-thread-1] INFO  com.rs.mv.mvvs.rmv.documentation.BasicDocumentation - [framework:30020105]documentation load end
2024-12-09 16:37:21.983 [pool-3-thread-1] INFO  com.rs.mv.mvvs.common.convertor.ConvertorManager - [framework:30030101]convertors for folder(*) load start
2024-12-09 16:37:21.984 [pool-3-thread-1] INFO  com.rs.mv.mvvs.common.convertor.ConvertorManager - [framework:30030102]comment convertor load finish
2024-12-09 16:37:22.029 [pool-3-thread-1] INFO  com.rs.mv.mvvs.common.convertor.ConvertorManager - [framework:30030103]keyword convertor load finish
2024-12-09 16:37:22.034 [pool-3-thread-1] INFO  com.rs.mv.mvvs.common.convertor.ConvertorManager - [framework:30030104]operator convertor load finish
2024-12-09 16:37:22.034 [pool-3-thread-1] INFO  com.rs.mv.mvvs.common.convertor.ConvertorManager - [framework:30030105]function name convertor load finish
2024-12-09 16:37:22.034 [pool-3-thread-1] INFO  com.rs.mv.mvvs.common.convertor.ConvertorManager - [framework:30030106]atVariable convertor load finish
2024-12-09 16:37:22.035 [pool-3-thread-1] INFO  com.rs.mv.mvvs.common.convertor.ConvertorManager - [framework:30030107]convertors for folder(*) load end
2024-12-09 16:37:22.035 [pool-3-thread-1] INFO  com.rs.mv.mvvs.client.catalog.manager.U2CatalogManager - [client:400203]cache file auto update thread launch in ... account
2024-12-09 16:37:22.035 [pool-3-thread-1] INFO  com.rs.mv.mvvs.client.catalog.from.config.DirsConfigReader - [client:400206]parse dir config information
2024-12-09 16:37:22.036 [pool-3-thread-1] INFO  com.rs.mv.mvvs.client.catalog.from.config.MappingConfigReader - [client:400207]parse mapping config information
2024-12-09 16:37:22.036 [pool-3-thread-1] INFO  com.rs.mv.mvvs.client.catalog.manager.U2CatalogManager - [client:400202]start a schedule task to get global/local catalog for ..., its period 5s 
2024-12-09 16:37:22.047 [pool-3-thread-1] INFO  com.rs.mv.mvvs.client.account.handler.ServerAccountHandler - [client:40010104]load server account: Account{name=jiti, path=C:/xampp/htdocs/Web_Denamique_TPs/Projet_Pharmcie/node_modules/jiti, type=PREDICT}
Account{name=fs.scandir, path=C:/xampp/htdocs/Web_Denamique_TPs/Projet_Pharmcie/node_modules/@nodelib/fs.scandir, type=PREDICT}
Account{name=Honeypot, path=C:/xampp/htdocs/Web_Denamique_TPs/Projet_Pharmcie/vendor/codeigniter4/framework/system/Honeypot, type=PREDICT}
Account{name=mpdf, path=C:/xampp/htdocs/Web_Denamique_TPs/Projet_Pharmcie/vendor/mpdf/mpdf, type=PREDICT}
Account{name=errors, path=C:/xampp/htdocs/Web_Denamique_TPs/Projet_Pharmcie/vendor/codeigniter4/framework/app/Views/errors, type=PREDICT}
Account{name=TestDox, path=C:/xampp/htdocs/Web_Denamique_TPs/Projet_Pharmcie/vendor/phpunit/phpunit/src/Logging/TestDox, type=PREDICT}
Account{name=JUnit, path=C:/xampp/htdocs/Web_Denamique_TPs/Projet_Pharmcie/vendor/phpunit/phpunit/src/Logging/JUnit, type=PREDICT}
Account{name=ymodules, path=C:/xampp/htdocs/Web_Denamique_TPs/Projet_Pharmcie/node_modules/resolve/test/module_dir/ymodules, type=PREDICT}
Account{name=fakerphp, path=C:/xampp/htdocs/Web_Denamique_TPs/Projet_Pharmcie/vendor/fakerphp, type=PREDICT}
Account{name=src, path=C:/xampp/htdocs/Web_Denamique_TPs/Projet_Pharmcie/vendor/sebastian/complexity/src, type=PREDICT}
Account{name=src, path=C:/xampp/htdocs/Web_Denamique_TPs/Projet_Pharmcie/vendor/sebastian/code-unit/src, type=PREDICT}
Account{name=TeamCity, path=C:/xampp/htdocs/Web_Denamique_TPs/Projet_Pharmcie/vendor/phpunit/phpunit/src/Logging/TeamCity, type=PREDICT}
Account{name=ResultCache, path=C:/xampp/htdocs/Web_Denamique_TPs/Projet_Pharmcie/vendor/phpunit/phpunit/src/Runner/ResultCache, type=PREDICT}
Account{name=isexe, path=C:/xampp/htdocs/Web_Denamique_TPs/Projet_Pharmcie/node_modules/isexe, type=PREDICT}
Account{name=quux, path=C:/xampp/htdocs/Web_Denamique_TPs/Projet_Pharmcie/node_modules/resolve/test/resolver/quux, type=PREDICT}
Account{name=esm, path=C:/xampp/htdocs/Web_Denamique_TPs/Projet_Pharmcie/node_modules/sucrase/dist/esm, type=PREDICT}
Account{name=resolver, path=C:/xampp/htdocs/Web_Denamique_TPs/Projet_Pharmcie/node_modules/resolve/test/resolver, type=PREDICT}
Account{name=lib, path=C:/xampp/htdocs/Web_Denamique_TPs/Projet_Pharmcie/vendor/nikic/php-parser/lib, type=PREDICT}
Account{name=picomatch, path=C:/xampp/htdocs/Web_Denamique_TPs/Projet_Pharmcie/node_modules/picomatch, type=PREDICT}
Account{name=refs, path=C:/xampp/htdocs/Web_Denamique_TPs/Projet_Pharmcie/.git/logs/refs, type=PREDICT}
Account{name=..., path=..., type=PREDICT}
2024-12-09 16:37:22.048 [pool-3-thread-1] INFO  com.rs.mv.mvvs.client.account.AccountManager - [client:40010105]load account manager finish
2024-12-09 16:37:22.050 [pool-3-thread-1] INFO  com.rs.mv.mvvs.instance.userspace.UserspaceManager - [framework:30010402]config file(C:\Users\lenovo/.rmv/config) watcher launch successful
2024-12-09 16:38:02.977 [pool-3-thread-1] INFO  com.rs.mv.mvvs.client.catalog.from.scan.CurrentPathScanner - [client:400205]scan file in current open file directory(C:/xampp/htdocs/Web_Denamique_TPs/Projet_Pharmcie/app/Config)
2024-12-09 16:38:04.001 [pool-3-thread-1] INFO  com.rs.mv.mvvs.client.catalog.from.scan.CurrentPathScanner - [client:400205]scan file in current open file directory(C:/xampp/htdocs/Web_Denamique_TPs/Projet_Pharmcie/app/Views/Ventes)
2024-12-09 16:38:16.613 [pool-3-thread-1] INFO  com.rs.mv.mvvs.client.catalog.from.scan.CurrentPathScanner - [client:400205]scan file in current open file directory(C:/xampp/htdocs/Web_Denamique_TPs/Projet_Pharmcie/app/Views/Ventes)
2024-12-09 16:38:20.316 [pool-3-thread-1] INFO  com.rs.mv.mvvs.client.catalog.from.scan.CurrentPathScanner - [client:400205]scan file in current open file directory(C:/xampp/htdocs/Web_Denamique_TPs/Projet_Pharmcie/app/Views/Ventes)
2024-12-09 16:38:25.416 [pool-3-thread-1] INFO  com.rs.mv.mvvs.client.catalog.from.scan.CurrentPathScanner - [client:400205]scan file in current open file directory(C:/xampp/htdocs/Web_Denamique_TPs/Projet_Pharmcie/app/Views/Ventes)
2024-12-09 17:06:35.185 [pool-3-thread-1] INFO  com.rs.mv.mvvs.client.catalog.from.scan.CurrentPathScanner - [client:400205]scan file in current open file directory(C:/xampp/htdocs/Web_Denamique_TPs/Projet_Pharmcie/app/Config)
2024-12-09 17:06:45.073 [pool-3-thread-1] INFO  com.rs.mv.mvvs.client.catalog.from.scan.CurrentPathScanner - [client:400205]scan file in current open file directory(C:/xampp/htdocs/Web_Denamique_TPs/Projet_Pharmcie/app/Views/Ventes)
2024-12-09 17:06:55.890 [pool-3-thread-1] INFO  com.rs.mv.mvvs.client.catalog.from.scan.CurrentPathScanner - [client:400205]scan file in current open file directory(C:/xampp/htdocs/Web_Denamique_TPs/Projet_Pharmcie/app/Views/login)
2024-12-09 17:07:03.263 [pool-3-thread-1] INFO  com.rs.mv.mvvs.client.catalog.from.scan.CurrentPathScanner - [client:400205]scan file in current open file directory(C:/xampp/htdocs/Web_Denamique_TPs/Projet_Pharmcie/app/Views/login)
2024-12-09 17:07:32.758 [pool-3-thread-1] INFO  com.rs.mv.mvvs.client.catalog.from.scan.CurrentPathScanner - [client:400205]scan file in current open file directory(C:/xampp/htdocs/Web_Denamique_TPs/Projet_Pharmcie/app/Views/login)
2024-12-09 17:16:19.443 [pool-3-thread-1] INFO  com.rs.mv.mvvs.client.catalog.from.scan.CurrentPathScanner - [client:400205]scan file in current open file directory(C:/xampp/htdocs/Web_Denamique_TPs/Projet_Pharmcie/app/Views/login)
2024-12-09 21:41:20.094 [pool-3-thread-1] INFO  com.rs.mv.mvvs.client.catalog.from.scan.CurrentPathScanner - [client:400205]scan file in current open file directory(C:/xampp/htdocs/Web_Denamique_TPs/Projet_Pharmcie/app/Views/Ventes)
2024-12-09 21:41:21.199 [pool-3-thread-1] INFO  com.rs.mv.mvvs.client.catalog.from.scan.CurrentPathScanner - [client:400205]scan file in current open file directory(C:/xampp/htdocs/Web_Denamique_TPs/Projet_Pharmcie/app/Views/login)
2024-12-09 21:41:23.895 [pool-3-thread-1] INFO  com.rs.mv.mvvs.client.catalog.from.scan.CurrentPathScanner - [client:400205]scan file in current open file directory(C:/xampp/htdocs/Web_Denamique_TPs/Projet_Pharmcie/app/Views/Ventes)
2024-12-09 21:41:26.277 [pool-3-thread-1] INFO  com.rs.mv.mvvs.client.catalog.from.scan.CurrentPathScanner - [client:400205]scan file in current open file directory(C:/xampp/htdocs/Web_Denamique_TPs/Projet_Pharmcie/app/Views/login)
2024-12-09 21:41:27.309 [pool-3-thread-1] INFO  com.rs.mv.mvvs.client.catalog.from.scan.CurrentPathScanner - [client:400205]scan file in current open file directory(C:/xampp/htdocs/Web_Denamique_TPs/Projet_Pharmcie/app/Views/login)
2024-12-09 21:41:28.394 [pool-3-thread-1] INFO  com.rs.mv.mvvs.client.catalog.from.scan.CurrentPathScanner - [client:400205]scan file in current open file directory(C:/xampp/htdocs/Web_Denamique_TPs/Projet_Pharmcie/app/Config)
2024-12-09 21:42:03.256 [pool-3-thread-1] INFO  com.rs.mv.mvvs.client.catalog.from.scan.CurrentPathScanner - [client:400205]scan file in current open file directory(C:/xampp/htdocs/Web_Denamique_TPs/Projet_Pharmcie/app/Controllers)
2024-12-09 21:43:10.929 [main] WARN  com.rs.mv.mvvs.Startup - [LSP:100104]ROCKET MV BASIC EXTENSION exited
2024-12-09 21:49:25.267 [main] INFO  com.rs.mv.mvvs.Startup - [LSP:100101]ROCKET MV BASIC EXTENSION to start
2024-12-09 21:49:25.361 [main] INFO  com.rs.mv.mvvs.lsp.server.BasicLanguageServerLauncher - [LSP:100102]start pip server
2024-12-09 21:49:25.996 [main] INFO  com.rs.mv.mvvs.lsp.server.BasicLanguageServerLauncher - [LSP:100103]ROCKET MV BASIC EXTENSION start successful
2024-12-09 21:49:26.614 [pool-3-thread-1] INFO  com.rs.mv.mvvs.instance.workspace.WorkspaceManager - [workspace:200101]load all workspace folders start
2024-12-09 21:49:26.616 [pool-3-thread-1] INFO  com.rs.mv.mvvs.instance.workspace.WorkspaceManager - [workspace:20010201]root uri: file:///c%3A/xampp/htdocs/Web_Denamique_TPs/Projet_Pharmcie
2024-12-09 21:49:26.700 [pool-3-thread-1] INFO  com.rs.mv.mvvs.instance.workspace.handler.FolderHandler - [workspace:200103]workspace contains workspace folder: file:///c%3A/xampp/htdocs/Web_Denamique_TPs/Projet_Pharmcie
2024-12-09 21:49:26.834 [pool-3-thread-1] INFO  com.rs.mv.mvvs.instance.workspace.handler.FolderHandler - [workspace:200104]workspace folder will be cached: file:///c%3A/xampp/htdocs/Web_Denamique_TPs/Projet_Pharmcie
2024-12-09 21:49:26.837 [pool-3-thread-1] INFO  com.rs.mv.mvvs.rmv.config.Config - [framework:30010101]config load start
2024-12-09 21:49:26.841 [pool-3-thread-1] INFO  com.rs.mv.mvvs.rmv.config.Config - [framework:30010102]project config path is : C:/xampp/htdocs/Web_Denamique_TPs/Projet_Pharmcie/.rmv/config
2024-12-09 21:49:26.843 [pool-3-thread-1] INFO  com.rs.mv.mvvs.rmv.config.Config - [framework:30010103]resource config path is : /
2024-12-09 21:49:26.844 [pool-3-thread-1] INFO  com.rs.mv.mvvs.rmv.config.Config - [framework:30010104]user config path is : C:/Users/lenovo
2024-12-09 21:49:26.949 [pool-3-thread-1] INFO  com.rs.mv.mvvs.rmv.config.Config - [framework:30010105]config load end
2024-12-09 21:49:26.952 [pool-3-thread-1] INFO  com.rs.mv.mvvs.rmv.documentation.BasicDocumentation - [framework:30020101]documentation load start
2024-12-09 21:49:26.954 [pool-3-thread-1] INFO  com.rs.mv.mvvs.rmv.documentation.reader.SystemDocReader - [framework:30020102]system documentation path: /documentation/UNIVERSE/
2024-12-09 21:49:26.964 [pool-3-thread-1] INFO  com.rs.mv.mvvs.rmv.documentation.reader.ProjectDocReader - [framework:30020103]project documentation brief file: C:\xampp\htdocs\Web_Denamique_TPs\Projet_Pharmcie\.rmv\documentation\UNIVERSE\custom.json
2024-12-09 21:49:26.966 [pool-3-thread-1] INFO  com.rs.mv.mvvs.rmv.documentation.reader.UserDocReader - [framework:30020104]user documentation brief file: C:\Users\lenovo\documentation\UNIVERSE\custom.json
2024-12-09 21:49:27.604 [pool-3-thread-1] INFO  com.rs.mv.mvvs.rmv.documentation.BasicDocumentation - [framework:30020105]documentation load end
2024-12-09 21:49:27.635 [pool-3-thread-1] INFO  com.rs.mv.mvvs.common.convertor.ConvertorManager - [framework:30030101]convertors for folder(C:/xampp/htdocs/Web_Denamique_TPs/Projet_Pharmcie) load start
2024-12-09 21:49:27.651 [pool-3-thread-1] INFO  com.rs.mv.mvvs.common.convertor.ConvertorManager - [framework:30030102]comment convertor load finish
2024-12-09 21:49:28.751 [pool-3-thread-1] INFO  com.rs.mv.mvvs.common.convertor.ConvertorManager - [framework:30030103]keyword convertor load finish
2024-12-09 21:49:28.766 [pool-3-thread-1] INFO  com.rs.mv.mvvs.common.convertor.ConvertorManager - [framework:30030104]operator convertor load finish
2024-12-09 21:49:28.766 [pool-3-thread-1] INFO  com.rs.mv.mvvs.common.convertor.ConvertorManager - [framework:30030105]function name convertor load finish
2024-12-09 21:49:28.766 [pool-3-thread-1] INFO  com.rs.mv.mvvs.common.convertor.ConvertorManager - [framework:30030106]atVariable convertor load finish
2024-12-09 21:49:28.766 [pool-3-thread-1] INFO  com.rs.mv.mvvs.common.convertor.ConvertorManager - [framework:30030107]convertors for folder(C:/xampp/htdocs/Web_Denamique_TPs/Projet_Pharmcie) load end
2024-12-09 21:49:28.766 [pool-3-thread-1] INFO  com.rs.mv.mvvs.rmv.config.CapabilityConfig - [framework:30010301]capabilities file(C:/xampp/htdocs/Web_Denamique_TPs/Projet_Pharmcie/config/capability) doesn't exist or read error, default config will take effect
2024-12-09 21:49:28.766 [pool-3-thread-1] INFO  com.rs.mv.mvvs.instance.workspace.WorkspaceManager - [workspace:200105]load all workspace folders successful
2024-12-09 21:49:28.766 [pool-3-thread-1] INFO  com.rs.mv.mvvs.client.account.AccountManager - [client:40010101]load account manager start
2024-12-09 21:49:28.813 [pool-3-thread-1] INFO  com.rs.mv.mvvs.client.account.handler.CacheAccountHandler - [client:40010102]load cache account: 
2024-12-09 21:49:28.829 [pool-3-thread-1] INFO  com.rs.mv.mvvs.client.account.handler.ExternalAccountHandler - [client:40010103]load external account: 
2024-12-09 21:49:34.399 [pool-3-thread-1] INFO  com.rs.mv.mvvs.client.catalog.manager.U2CatalogManager - [client:400203]cache file auto update thread launch in Projet_Pharmcie account
2024-12-09 21:49:34.422 [pool-3-thread-1] INFO  com.rs.mv.mvvs.client.catalog.from.config.DirsConfigReader - [client:400206]parse dir config information
2024-12-09 21:49:34.432 [pool-3-thread-1] INFO  com.rs.mv.mvvs.client.catalog.from.config.MappingConfigReader - [client:400207]parse mapping config information
2024-12-09 21:49:34.435 [pool-3-thread-1] INFO  com.rs.mv.mvvs.client.catalog.manager.U2CatalogManager - [client:400202]start a schedule task to get global/local catalog for Projet_Pharmcie, its period 5s 
2024-12-09 21:49:34.437 [pool-3-thread-1] INFO  com.rs.mv.mvvs.client.catalog.manager.U2CatalogManager - [client:400203]cache file auto update thread launch in .git account
2024-12-09 21:49:34.437 [pool-3-thread-1] INFO  com.rs.mv.mvvs.client.catalog.from.config.DirsConfigReader - [client:400206]parse dir config information
2024-12-09 21:49:34.438 [pool-3-thread-1] INFO  com.rs.mv.mvvs.client.catalog.from.config.MappingConfigReader - [client:400207]parse mapping config information
2024-12-09 21:49:34.439 [pool-3-thread-1] INFO  com.rs.mv.mvvs.client.catalog.manager.U2CatalogManager - [client:400202]start a schedule task to get global/local catalog for .git, its period 5s 
2024-12-09 21:49:34.441 [pool-3-thread-1] INFO  com.rs.mv.mvvs.client.catalog.manager.U2CatalogManager - [client:400203]cache file auto update thread launch in logs account
2024-12-09 21:49:34.442 [pool-3-thread-1] INFO  com.rs.mv.mvvs.client.catalog.from.config.DirsConfigReader - [client:400206]parse dir config information
2024-12-09 21:49:34.443 [pool-3-thread-1] INFO  com.rs.mv.mvvs.client.catalog.from.config.MappingConfigReader - [client:400207]parse mapping config information
2024-12-09 21:49:34.446 [pool-3-thread-1] INFO  com.rs.mv.mvvs.client.catalog.manager.U2CatalogManager - [client:400202]start a schedule task to get global/local catalog for logs, its period 5s 
2024-12-09 21:49:34.447 [pool-3-thread-1] INFO  com.rs.mv.mvvs.client.catalog.manager.U2CatalogManager - [client:400203]cache file auto update thread launch in refs account
2024-12-09 21:49:34.449 [pool-3-thread-1] INFO  com.rs.mv.mvvs.client.catalog.from.config.DirsConfigReader - [client:400206]parse dir config information
2024-12-09 21:49:34.451 [pool-3-thread-1] INFO  com.rs.mv.mvvs.client.catalog.from.config.MappingConfigReader - [client:400207]parse mapping config information
2024-12-09 21:49:34.452 [pool-3-thread-1] INFO  com.rs.mv.mvvs.client.catalog.manager.U2CatalogManager - [client:400202]start a schedule task to get global/local catalog for refs, its period 5s 
2024-12-09 21:49:34.453 [pool-3-thread-1] INFO  com.rs.mv.mvvs.client.catalog.manager.U2CatalogManager - [client:400203]cache file auto update thread launch in remotes account
2024-12-09 21:49:34.454 [pool-3-thread-1] INFO  com.rs.mv.mvvs.client.catalog.from.config.DirsConfigReader - [client:400206]parse dir config information
2024-12-09 21:49:34.468 [pool-3-thread-1] INFO  com.rs.mv.mvvs.client.catalog.from.config.MappingConfigReader - [client:400207]parse mapping config information
2024-12-09 21:49:34.469 [pool-3-thread-1] INFO  com.rs.mv.mvvs.client.catalog.manager.U2CatalogManager - [client:400202]start a schedule task to get global/local catalog for remotes, its period 5s 
2024-12-09 21:49:34.470 [pool-3-thread-1] INFO  com.rs.mv.mvvs.client.catalog.manager.U2CatalogManager - [client:400203]cache file auto update thread launch in objects account
2024-12-09 21:49:34.471 [pool-3-thread-1] INFO  com.rs.mv.mvvs.client.catalog.from.config.DirsConfigReader - [client:400206]parse dir config information
2024-12-09 21:49:34.472 [pool-3-thread-1] INFO  com.rs.mv.mvvs.client.catalog.from.config.MappingConfigReader - [client:400207]parse mapping config information
2024-12-09 21:49:34.473 [pool-3-thread-1] INFO  com.rs.mv.mvvs.client.catalog.manager.U2CatalogManager - [client:400202]start a schedule task to get global/local catalog for objects, its period 5s 
2024-12-09 21:49:34.477 [pool-3-thread-1] INFO  com.rs.mv.mvvs.client.catalog.manager.U2CatalogManager - [client:400203]cache file auto update thread launch in refs account
2024-12-09 21:49:34.478 [pool-3-thread-1] INFO  com.rs.mv.mvvs.client.catalog.from.config.DirsConfigReader - [client:400206]parse dir config information
2024-12-09 21:49:34.479 [pool-3-thread-1] INFO  com.rs.mv.mvvs.client.catalog.from.config.MappingConfigReader - [client:400207]parse mapping config information
2024-12-09 21:49:34.480 [pool-3-thread-1] INFO  com.rs.mv.mvvs.client.catalog.manager.U2CatalogManager - [client:400202]start a schedule task to get global/local catalog for refs, its period 5s 
2024-12-09 21:49:34.482 [pool-3-thread-1] INFO  com.rs.mv.mvvs.client.catalog.manager.U2CatalogManager - [client:400203]cache file auto update thread launch in remotes account
2024-12-09 21:49:34.483 [pool-3-thread-1] INFO  com.rs.mv.mvvs.client.catalog.from.config.DirsConfigReader - [client:400206]parse dir config information
2024-12-09 21:49:34.483 [pool-3-thread-1] INFO  com.rs.mv.mvvs.client.catalog.from.config.MappingConfigReader - [client:400207]parse mapping config information
2024-12-09 21:49:34.484 [pool-3-thread-1] INFO  com.rs.mv.mvvs.client.catalog.manager.U2CatalogManager - [client:400202]start a schedule task to get global/local catalog for remotes, its period 5s 
2024-12-09 21:49:34.485 [pool-3-thread-1] INFO  com.rs.mv.mvvs.client.catalog.manager.U2CatalogManager - [client:400203]cache file auto update thread launch in app account
2024-12-09 21:49:34.486 [pool-3-thread-1] INFO  com.rs.mv.mvvs.client.catalog.from.config.DirsConfigReader - [client:400206]parse dir config information
2024-12-09 21:49:34.487 [pool-3-thread-1] INFO  com.rs.mv.mvvs.client.catalog.from.config.MappingConfigReader - [client:400207]parse mapping config information
2024-12-09 21:49:34.488 [pool-3-thread-1] INFO  com.rs.mv.mvvs.client.catalog.manager.U2CatalogManager - [client:400202]start a schedule task to get global/local catalog for app, its period 5s 
2024-12-09 21:49:34.489 [pool-3-thread-1] INFO  com.rs.mv.mvvs.client.catalog.manager.U2CatalogManager - [client:400203]cache file auto update thread launch in Config account
2024-12-09 21:49:34.490 [pool-3-thread-1] INFO  com.rs.mv.mvvs.client.catalog.from.config.DirsConfigReader - [client:400206]parse dir config information
2024-12-09 21:49:34.492 [pool-3-thread-1] INFO  com.rs.mv.mvvs.client.catalog.from.config.MappingConfigReader - [client:400207]parse mapping config information
2024-12-09 21:49:34.493 [pool-3-thread-1] INFO  com.rs.mv.mvvs.client.catalog.manager.U2CatalogManager - [client:400202]start a schedule task to get global/local catalog for Config, its period 5s 
2024-12-09 21:49:34.497 [pool-3-thread-1] INFO  com.rs.mv.mvvs.client.catalog.manager.U2CatalogManager - [client:400203]cache file auto update thread launch in Database account
2024-12-09 21:49:34.497 [pool-3-thread-1] INFO  com.rs.mv.mvvs.client.catalog.from.config.DirsConfigReader - [client:400206]parse dir config information
2024-12-09 21:49:34.498 [pool-3-thread-1] INFO  com.rs.mv.mvvs.client.catalog.from.config.MappingConfigReader - [client:400207]parse mapping config information
2024-12-09 21:49:34.499 [pool-3-thread-1] INFO  com.rs.mv.mvvs.client.catalog.manager.U2CatalogManager - [client:400202]start a schedule task to get global/local catalog for Database, its period 5s 
2024-12-09 21:49:34.500 [pool-3-thread-1] INFO  com.rs.mv.mvvs.client.catalog.manager.U2CatalogManager - [client:400203]cache file auto update thread launch in Language account
2024-12-09 21:49:34.501 [pool-3-thread-1] INFO  com.rs.mv.mvvs.client.catalog.from.config.DirsConfigReader - [client:400206]parse dir config information
2024-12-09 21:49:34.502 [pool-3-thread-1] INFO  com.rs.mv.mvvs.client.catalog.from.config.MappingConfigReader - [client:400207]parse mapping config information
2024-12-09 21:49:34.503 [pool-3-thread-1] INFO  com.rs.mv.mvvs.client.catalog.manager.U2CatalogManager - [client:400202]start a schedule task to get global/local catalog for Language, its period 5s 
2024-12-09 21:49:34.505 [pool-3-thread-1] INFO  com.rs.mv.mvvs.client.catalog.manager.U2CatalogManager - [client:400203]cache file auto update thread launch in Views account
2024-12-09 21:49:34.506 [pool-3-thread-1] INFO  com.rs.mv.mvvs.client.catalog.from.config.DirsConfigReader - [client:400206]parse dir config information
2024-12-09 21:49:34.506 [pool-3-thread-1] INFO  com.rs.mv.mvvs.client.catalog.from.config.MappingConfigReader - [client:400207]parse mapping config information
2024-12-09 21:49:34.507 [pool-3-thread-1] INFO  com.rs.mv.mvvs.client.catalog.manager.U2CatalogManager - [client:400202]start a schedule task to get global/local catalog for Views, its period 5s 
2024-12-09 21:49:34.524 [pool-3-thread-1] INFO  com.rs.mv.mvvs.client.catalog.manager.U2CatalogManager - [client:400203]cache file auto update thread launch in errors account
2024-12-09 21:49:34.534 [pool-3-thread-1] INFO  com.rs.mv.mvvs.client.catalog.from.config.DirsConfigReader - [client:400206]parse dir config information
2024-12-09 21:49:34.536 [pool-3-thread-1] INFO  com.rs.mv.mvvs.client.catalog.from.config.MappingConfigReader - [client:400207]parse mapping config information
2024-12-09 21:49:34.537 [pool-3-thread-1] INFO  com.rs.mv.mvvs.client.catalog.manager.U2CatalogManager - [client:400202]start a schedule task to get global/local catalog for errors, its period 5s 
2024-12-09 21:49:34.542 [pool-3-thread-1] INFO  com.rs.mv.mvvs.client.catalog.manager.U2CatalogManager - [client:400203]cache file auto update thread launch in node_modules account
2024-12-09 21:49:34.544 [pool-3-thread-1] INFO  com.rs.mv.mvvs.client.catalog.from.config.DirsConfigReader - [client:400206]parse dir config information
2024-12-09 21:49:34.544 [pool-3-thread-1] INFO  com.rs.mv.mvvs.client.catalog.from.config.MappingConfigReader - [client:400207]parse mapping config information
2024-12-09 21:49:34.545 [pool-3-thread-1] INFO  com.rs.mv.mvvs.client.catalog.manager.U2CatalogManager - [client:400202]start a schedule task to get global/local catalog for node_modules, its period 5s 
2024-12-09 21:49:34.546 [pool-3-thread-1] INFO  com.rs.mv.mvvs.client.catalog.manager.U2CatalogManager - [client:400203]cache file auto update thread launch in @alloc account
2024-12-09 21:49:34.547 [pool-3-thread-1] INFO  com.rs.mv.mvvs.client.catalog.from.config.DirsConfigReader - [client:400206]parse dir config information
2024-12-09 21:49:34.548 [pool-3-thread-1] INFO  com.rs.mv.mvvs.client.catalog.from.config.MappingConfigReader - [client:400207]parse mapping config information
2024-12-09 21:49:34.549 [pool-3-thread-1] INFO  com.rs.mv.mvvs.client.catalog.manager.U2CatalogManager - [client:400202]start a schedule task to get global/local catalog for @alloc, its period 5s 
2024-12-09 21:49:34.550 [pool-3-thread-1] INFO  com.rs.mv.mvvs.client.catalog.manager.U2CatalogManager - [client:400203]cache file auto update thread launch in @isaacs account
2024-12-09 21:49:34.550 [pool-3-thread-1] INFO  com.rs.mv.mvvs.client.catalog.from.config.DirsConfigReader - [client:400206]parse dir config information
2024-12-09 21:49:34.551 [pool-3-thread-1] INFO  com.rs.mv.mvvs.client.catalog.from.config.MappingConfigReader - [client:400207]parse mapping config information
2024-12-09 21:49:34.552 [pool-3-thread-1] INFO  com.rs.mv.mvvs.client.catalog.manager.U2CatalogManager - [client:400202]start a schedule task to get global/local catalog for @isaacs, its period 5s 
2024-12-09 21:49:34.553 [pool-3-thread-1] INFO  com.rs.mv.mvvs.client.catalog.manager.U2CatalogManager - [client:400203]cache file auto update thread launch in cliui account
2024-12-09 21:49:34.553 [pool-3-thread-1] INFO  com.rs.mv.mvvs.client.catalog.from.config.DirsConfigReader - [client:400206]parse dir config information
2024-12-09 21:49:34.554 [pool-3-thread-1] INFO  com.rs.mv.mvvs.client.catalog.from.config.MappingConfigReader - [client:400207]parse mapping config information
2024-12-09 21:49:34.555 [pool-3-thread-1] INFO  com.rs.mv.mvvs.client.catalog.manager.U2CatalogManager - [client:400202]start a schedule task to get global/local catalog for cliui, its period 5s 
2024-12-09 21:49:34.556 [pool-3-thread-1] INFO  com.rs.mv.mvvs.client.catalog.manager.U2CatalogManager - [client:400203]cache file auto update thread launch in build account
2024-12-09 21:49:34.557 [pool-3-thread-1] INFO  com.rs.mv.mvvs.client.catalog.from.config.DirsConfigReader - [client:400206]parse dir config information
2024-12-09 21:49:34.558 [pool-3-thread-1] INFO  com.rs.mv.mvvs.client.catalog.from.config.MappingConfigReader - [client:400207]parse mapping config information
2024-12-09 21:49:34.560 [pool-3-thread-1] INFO  com.rs.mv.mvvs.client.catalog.manager.U2CatalogManager - [client:400202]start a schedule task to get global/local catalog for build, its period 5s 
2024-12-09 21:49:34.562 [pool-3-thread-1] INFO  com.rs.mv.mvvs.client.catalog.manager.U2CatalogManager - [client:400203]cache file auto update thread launch in @jridgewell account
2024-12-09 21:49:34.562 [pool-3-thread-1] INFO  com.rs.mv.mvvs.client.catalog.from.config.DirsConfigReader - [client:400206]parse dir config information
2024-12-09 21:49:34.563 [pool-3-thread-1] INFO  com.rs.mv.mvvs.client.catalog.from.config.MappingConfigReader - [client:400207]parse mapping config information
2024-12-09 21:49:34.564 [pool-3-thread-1] INFO  com.rs.mv.mvvs.client.catalog.manager.U2CatalogManager - [client:400202]start a schedule task to get global/local catalog for @jridgewell, its period 5s 
2024-12-09 21:49:34.565 [pool-3-thread-1] INFO  com.rs.mv.mvvs.client.catalog.manager.U2CatalogManager - [client:400203]cache file auto update thread launch in gen-mapping account
2024-12-09 21:49:34.565 [pool-3-thread-1] INFO  com.rs.mv.mvvs.client.catalog.from.config.DirsConfigReader - [client:400206]parse dir config information
2024-12-09 21:49:34.566 [pool-3-thread-1] INFO  com.rs.mv.mvvs.client.catalog.from.config.MappingConfigReader - [client:400207]parse mapping config information
2024-12-09 21:49:34.567 [pool-3-thread-1] INFO  com.rs.mv.mvvs.client.catalog.manager.U2CatalogManager - [client:400202]start a schedule task to get global/local catalog for gen-mapping, its period 5s 
2024-12-09 21:49:34.568 [pool-3-thread-1] INFO  com.rs.mv.mvvs.client.catalog.manager.U2CatalogManager - [client:400203]cache file auto update thread launch in dist account
2024-12-09 21:49:34.569 [pool-3-thread-1] INFO  com.rs.mv.mvvs.client.catalog.from.config.DirsConfigReader - [client:400206]parse dir config information
2024-12-09 21:49:34.569 [pool-3-thread-1] INFO  com.rs.mv.mvvs.client.catalog.from.config.MappingConfigReader - [client:400207]parse mapping config information
2024-12-09 21:49:34.570 [pool-3-thread-1] INFO  com.rs.mv.mvvs.client.catalog.manager.U2CatalogManager - [client:400202]start a schedule task to get global/local catalog for dist, its period 5s 
2024-12-09 21:49:34.596 [pool-3-thread-1] INFO  com.rs.mv.mvvs.client.catalog.manager.U2CatalogManager - [client:400203]cache file auto update thread launch in resolve-uri account
2024-12-09 21:49:34.599 [pool-3-thread-1] INFO  com.rs.mv.mvvs.client.catalog.from.config.DirsConfigReader - [client:400206]parse dir config information
2024-12-09 21:49:34.600 [pool-3-thread-1] INFO  com.rs.mv.mvvs.client.catalog.from.config.MappingConfigReader - [client:400207]parse mapping config information
2024-12-09 21:49:34.601 [pool-3-thread-1] INFO  com.rs.mv.mvvs.client.catalog.manager.U2CatalogManager - [client:400202]start a schedule task to get global/local catalog for resolve-uri, its period 5s 
2024-12-09 21:49:34.603 [pool-3-thread-1] INFO  com.rs.mv.mvvs.client.catalog.manager.U2CatalogManager - [client:400203]cache file auto update thread launch in dist account
2024-12-09 21:49:34.603 [pool-3-thread-1] INFO  com.rs.mv.mvvs.client.catalog.from.config.DirsConfigReader - [client:400206]parse dir config information
2024-12-09 21:49:34.604 [pool-3-thread-1] INFO  com.rs.mv.mvvs.client.catalog.from.config.MappingConfigReader - [client:400207]parse mapping config information
2024-12-09 21:49:34.606 [pool-3-thread-1] INFO  com.rs.mv.mvvs.client.catalog.manager.U2CatalogManager - [client:400202]start a schedule task to get global/local catalog for dist, its period 5s 
2024-12-09 21:49:34.607 [pool-3-thread-1] INFO  com.rs.mv.mvvs.client.catalog.manager.U2CatalogManager - [client:400203]cache file auto update thread launch in set-array account
2024-12-09 21:49:34.612 [pool-3-thread-1] INFO  com.rs.mv.mvvs.client.catalog.from.config.DirsConfigReader - [client:400206]parse dir config information
2024-12-09 21:49:34.614 [pool-3-thread-1] INFO  com.rs.mv.mvvs.client.catalog.from.config.MappingConfigReader - [client:400207]parse mapping config information
2024-12-09 21:49:34.620 [pool-3-thread-1] INFO  com.rs.mv.mvvs.client.catalog.manager.U2CatalogManager - [client:400202]start a schedule task to get global/local catalog for set-array, its period 5s 
2024-12-09 21:49:34.622 [pool-3-thread-1] INFO  com.rs.mv.mvvs.client.catalog.manager.U2CatalogManager - [client:400203]cache file auto update thread launch in dist account
2024-12-09 21:49:34.623 [pool-3-thread-1] INFO  com.rs.mv.mvvs.client.catalog.from.config.DirsConfigReader - [client:400206]parse dir config information
2024-12-09 21:49:34.624 [pool-3-thread-1] INFO  com.rs.mv.mvvs.client.catalog.from.config.MappingConfigReader - [client:400207]parse mapping config information
2024-12-09 21:49:34.624 [pool-3-thread-1] INFO  com.rs.mv.mvvs.client.catalog.manager.U2CatalogManager - [client:400202]start a schedule task to get global/local catalog for dist, its period 5s 
2024-12-09 21:49:34.625 [pool-3-thread-1] INFO  com.rs.mv.mvvs.client.catalog.manager.U2CatalogManager - [client:400203]cache file auto update thread launch in sourcemap-codec account
2024-12-09 21:49:34.626 [pool-3-thread-1] INFO  com.rs.mv.mvvs.client.catalog.from.config.DirsConfigReader - [client:400206]parse dir config information
2024-12-09 21:49:34.627 [pool-3-thread-1] INFO  com.rs.mv.mvvs.client.catalog.from.config.MappingConfigReader - [client:400207]parse mapping config information
2024-12-09 21:49:34.628 [pool-3-thread-1] INFO  com.rs.mv.mvvs.client.catalog.manager.U2CatalogManager - [client:400202]start a schedule task to get global/local catalog for sourcemap-codec, its period 5s 
2024-12-09 21:49:34.629 [pool-3-thread-1] INFO  com.rs.mv.mvvs.client.catalog.manager.U2CatalogManager - [client:400203]cache file auto update thread launch in dist account
2024-12-09 21:49:34.630 [pool-3-thread-1] INFO  com.rs.mv.mvvs.client.catalog.from.config.DirsConfigReader - [client:400206]parse dir config information
2024-12-09 21:49:34.630 [pool-3-thread-1] INFO  com.rs.mv.mvvs.client.catalog.from.config.MappingConfigReader - [client:400207]parse mapping config information
2024-12-09 21:49:34.631 [pool-3-thread-1] INFO  com.rs.mv.mvvs.client.catalog.manager.U2CatalogManager - [client:400202]start a schedule task to get global/local catalog for dist, its period 5s 
2024-12-09 21:49:34.632 [pool-3-thread-1] INFO  com.rs.mv.mvvs.client.catalog.manager.U2CatalogManager - [client:400203]cache file auto update thread launch in trace-mapping account
2024-12-09 21:49:34.633 [pool-3-thread-1] INFO  com.rs.mv.mvvs.client.catalog.from.config.DirsConfigReader - [client:400206]parse dir config information
2024-12-09 21:49:34.635 [pool-3-thread-1] INFO  com.rs.mv.mvvs.client.catalog.from.config.MappingConfigReader - [client:400207]parse mapping config information
2024-12-09 21:49:34.636 [pool-3-thread-1] INFO  com.rs.mv.mvvs.client.catalog.manager.U2CatalogManager - [client:400202]start a schedule task to get global/local catalog for trace-mapping, its period 5s 
2024-12-09 21:49:34.638 [pool-3-thread-1] INFO  com.rs.mv.mvvs.client.catalog.manager.U2CatalogManager - [client:400203]cache file auto update thread launch in dist account
2024-12-09 21:49:34.638 [pool-3-thread-1] INFO  com.rs.mv.mvvs.client.catalog.from.config.DirsConfigReader - [client:400206]parse dir config information
2024-12-09 21:49:34.639 [pool-3-thread-1] INFO  com.rs.mv.mvvs.client.catalog.from.config.MappingConfigReader - [client:400207]parse mapping config information
2024-12-09 21:49:34.640 [pool-3-thread-1] INFO  com.rs.mv.mvvs.client.catalog.manager.U2CatalogManager - [client:400202]start a schedule task to get global/local catalog for dist, its period 5s 
2024-12-09 21:49:34.641 [pool-3-thread-1] INFO  com.rs.mv.mvvs.client.catalog.manager.U2CatalogManager - [client:400203]cache file auto update thread launch in @nodelib account
2024-12-09 21:49:34.642 [pool-3-thread-1] INFO  com.rs.mv.mvvs.client.catalog.from.config.DirsConfigReader - [client:400206]parse dir config information
2024-12-09 21:49:34.642 [pool-3-thread-1] INFO  com.rs.mv.mvvs.client.catalog.from.config.MappingConfigReader - [client:400207]parse mapping config information
2024-12-09 21:49:34.644 [pool-3-thread-1] INFO  com.rs.mv.mvvs.client.catalog.manager.U2CatalogManager - [client:400202]start a schedule task to get global/local catalog for @nodelib, its period 5s 
2024-12-09 21:49:34.645 [pool-3-thread-1] INFO  com.rs.mv.mvvs.client.catalog.manager.U2CatalogManager - [client:400203]cache file auto update thread launch in fs.scandir account
2024-12-09 21:49:34.646 [pool-3-thread-1] INFO  com.rs.mv.mvvs.client.catalog.from.config.DirsConfigReader - [client:400206]parse dir config information
2024-12-09 21:49:34.650 [pool-3-thread-1] INFO  com.rs.mv.mvvs.client.catalog.from.config.MappingConfigReader - [client:400207]parse mapping config information
2024-12-09 21:49:34.653 [pool-3-thread-1] INFO  com.rs.mv.mvvs.client.catalog.manager.U2CatalogManager - [client:400202]start a schedule task to get global/local catalog for fs.scandir, its period 5s 
2024-12-09 21:49:34.655 [pool-3-thread-1] INFO  com.rs.mv.mvvs.client.catalog.manager.U2CatalogManager - [client:400203]cache file auto update thread launch in out account
2024-12-09 21:49:34.656 [pool-3-thread-1] INFO  com.rs.mv.mvvs.client.catalog.from.config.DirsConfigReader - [client:400206]parse dir config information
2024-12-09 21:49:34.656 [pool-3-thread-1] INFO  com.rs.mv.mvvs.client.catalog.from.config.MappingConfigReader - [client:400207]parse mapping config information
2024-12-09 21:49:34.657 [pool-3-thread-1] INFO  com.rs.mv.mvvs.client.catalog.manager.U2CatalogManager - [client:400202]start a schedule task to get global/local catalog for out, its period 5s 
2024-12-09 21:49:34.658 [pool-3-thread-1] INFO  com.rs.mv.mvvs.client.catalog.manager.U2CatalogManager - [client:400203]cache file auto update thread launch in fs.stat account
2024-12-09 21:49:34.659 [pool-3-thread-1] INFO  com.rs.mv.mvvs.client.catalog.from.config.DirsConfigReader - [client:400206]parse dir config information
2024-12-09 21:49:34.660 [pool-3-thread-1] INFO  com.rs.mv.mvvs.client.catalog.from.config.MappingConfigReader - [client:400207]parse mapping config information
2024-12-09 21:49:34.661 [pool-3-thread-1] INFO  com.rs.mv.mvvs.client.catalog.manager.U2CatalogManager - [client:400202]start a schedule task to get global/local catalog for fs.stat, its period 5s 
2024-12-09 21:49:34.661 [pool-3-thread-1] INFO  com.rs.mv.mvvs.client.catalog.manager.U2CatalogManager - [client:400203]cache file auto update thread launch in out account
2024-12-09 21:49:34.662 [pool-3-thread-1] INFO  com.rs.mv.mvvs.client.catalog.from.config.DirsConfigReader - [client:400206]parse dir config information
2024-12-09 21:49:34.663 [pool-3-thread-1] INFO  com.rs.mv.mvvs.client.catalog.from.config.MappingConfigReader - [client:400207]parse mapping config information
2024-12-09 21:49:34.665 [pool-3-thread-1] INFO  com.rs.mv.mvvs.client.catalog.manager.U2CatalogManager - [client:400202]start a schedule task to get global/local catalog for out, its period 5s 
2024-12-09 21:49:34.668 [pool-3-thread-1] INFO  com.rs.mv.mvvs.client.catalog.manager.U2CatalogManager - [client:400203]cache file auto update thread launch in fs.walk account
2024-12-09 21:49:34.668 [pool-3-thread-1] INFO  com.rs.mv.mvvs.client.catalog.from.config.DirsConfigReader - [client:400206]parse dir config information
2024-12-09 21:49:34.669 [pool-3-thread-1] INFO  com.rs.mv.mvvs.client.catalog.from.config.MappingConfigReader - [client:400207]parse mapping config information
2024-12-09 21:49:34.670 [pool-3-thread-1] INFO  com.rs.mv.mvvs.client.catalog.manager.U2CatalogManager - [client:400202]start a schedule task to get global/local catalog for fs.walk, its period 5s 
2024-12-09 21:49:34.672 [pool-3-thread-1] INFO  com.rs.mv.mvvs.client.catalog.manager.U2CatalogManager - [client:400203]cache file auto update thread launch in out account
2024-12-09 21:49:34.672 [pool-3-thread-1] INFO  com.rs.mv.mvvs.client.catalog.from.config.DirsConfigReader - [client:400206]parse dir config information
2024-12-09 21:49:34.673 [pool-3-thread-1] INFO  com.rs.mv.mvvs.client.catalog.from.config.MappingConfigReader - [client:400207]parse mapping config information
2024-12-09 21:49:34.674 [pool-3-thread-1] INFO  com.rs.mv.mvvs.client.catalog.manager.U2CatalogManager - [client:400202]start a schedule task to get global/local catalog for out, its period 5s 
2024-12-09 21:49:34.676 [pool-3-thread-1] INFO  com.rs.mv.mvvs.client.catalog.manager.U2CatalogManager - [client:400203]cache file auto update thread launch in @pkgjs account
2024-12-09 21:49:34.681 [pool-3-thread-1] INFO  com.rs.mv.mvvs.client.catalog.from.config.DirsConfigReader - [client:400206]parse dir config information
2024-12-09 21:49:34.682 [pool-3-thread-1] INFO  com.rs.mv.mvvs.client.catalog.from.config.MappingConfigReader - [client:400207]parse mapping config information
2024-12-09 21:49:34.683 [pool-3-thread-1] INFO  com.rs.mv.mvvs.client.catalog.manager.U2CatalogManager - [client:400202]start a schedule task to get global/local catalog for @pkgjs, its period 5s 
2024-12-09 21:49:34.684 [pool-3-thread-1] INFO  com.rs.mv.mvvs.client.catalog.manager.U2CatalogManager - [client:400203]cache file auto update thread launch in parseargs account
2024-12-09 21:49:34.684 [pool-3-thread-1] INFO  com.rs.mv.mvvs.client.catalog.from.config.DirsConfigReader - [client:400206]parse dir config information
2024-12-09 21:49:34.685 [pool-3-thread-1] INFO  com.rs.mv.mvvs.client.catalog.from.config.MappingConfigReader - [client:400207]parse mapping config information
2024-12-09 21:49:34.686 [pool-3-thread-1] INFO  com.rs.mv.mvvs.client.catalog.manager.U2CatalogManager - [client:400202]start a schedule task to get global/local catalog for parseargs, its period 5s 
2024-12-09 21:49:34.687 [pool-3-thread-1] INFO  com.rs.mv.mvvs.client.catalog.manager.U2CatalogManager - [client:400203]cache file auto update thread launch in any-promise account
2024-12-09 21:49:34.687 [pool-3-thread-1] INFO  com.rs.mv.mvvs.client.catalog.from.config.DirsConfigReader - [client:400206]parse dir config information
2024-12-09 21:49:34.688 [pool-3-thread-1] INFO  com.rs.mv.mvvs.client.catalog.from.config.MappingConfigReader - [client:400207]parse mapping config information
2024-12-09 21:49:34.689 [pool-3-thread-1] INFO  com.rs.mv.mvvs.client.catalog.manager.U2CatalogManager - [client:400202]start a schedule task to get global/local catalog for any-promise, its period 5s 
2024-12-09 21:49:34.690 [pool-3-thread-1] INFO  com.rs.mv.mvvs.client.catalog.manager.U2CatalogManager - [client:400203]cache file auto update thread launch in balanced-match account
2024-12-09 21:49:34.691 [pool-3-thread-1] INFO  com.rs.mv.mvvs.client.catalog.from.config.DirsConfigReader - [client:400206]parse dir config information
2024-12-09 21:49:34.691 [pool-3-thread-1] INFO  com.rs.mv.mvvs.client.catalog.from.config.MappingConfigReader - [client:400207]parse mapping config information
2024-12-09 21:49:34.692 [pool-3-thread-1] INFO  com.rs.mv.mvvs.client.catalog.manager.U2CatalogManager - [client:400202]start a schedule task to get global/local catalog for balanced-match, its period 5s 
2024-12-09 21:49:34.693 [pool-3-thread-1] INFO  com.rs.mv.mvvs.client.catalog.manager.U2CatalogManager - [client:400203]cache file auto update thread launch in brace-expansion account
2024-12-09 21:49:34.694 [pool-3-thread-1] INFO  com.rs.mv.mvvs.client.catalog.from.config.DirsConfigReader - [client:400206]parse dir config information
2024-12-09 21:49:34.695 [pool-3-thread-1] INFO  com.rs.mv.mvvs.client.catalog.from.config.MappingConfigReader - [client:400207]parse mapping config information
2024-12-09 21:49:34.696 [pool-3-thread-1] INFO  com.rs.mv.mvvs.client.catalog.manager.U2CatalogManager - [client:400202]start a schedule task to get global/local catalog for brace-expansion, its period 5s 
2024-12-09 21:49:34.697 [pool-3-thread-1] INFO  com.rs.mv.mvvs.client.catalog.manager.U2CatalogManager - [client:400203]cache file auto update thread launch in braces account
2024-12-09 21:49:34.697 [pool-3-thread-1] INFO  com.rs.mv.mvvs.client.catalog.from.config.DirsConfigReader - [client:400206]parse dir config information
2024-12-09 21:49:34.698 [pool-3-thread-1] INFO  com.rs.mv.mvvs.client.catalog.from.config.MappingConfigReader - [client:400207]parse mapping config information
2024-12-09 21:49:34.698 [pool-3-thread-1] INFO  com.rs.mv.mvvs.client.catalog.manager.U2CatalogManager - [client:400202]start a schedule task to get global/local catalog for braces, its period 5s 
2024-12-09 21:49:34.699 [pool-3-thread-1] INFO  com.rs.mv.mvvs.client.catalog.manager.U2CatalogManager - [client:400203]cache file auto update thread launch in chokidar account
2024-12-09 21:49:34.700 [pool-3-thread-1] INFO  com.rs.mv.mvvs.client.catalog.from.config.DirsConfigReader - [client:400206]parse dir config information
2024-12-09 21:49:34.700 [pool-3-thread-1] INFO  com.rs.mv.mvvs.client.catalog.from.config.MappingConfigReader - [client:400207]parse mapping config information
2024-12-09 21:49:34.702 [pool-3-thread-1] INFO  com.rs.mv.mvvs.client.catalog.manager.U2CatalogManager - [client:400202]start a schedule task to get global/local catalog for chokidar, its period 5s 
2024-12-09 21:49:34.703 [pool-3-thread-1] INFO  com.rs.mv.mvvs.client.catalog.manager.U2CatalogManager - [client:400203]cache file auto update thread launch in node_modules account
2024-12-09 21:49:34.703 [pool-3-thread-1] INFO  com.rs.mv.mvvs.client.catalog.from.config.DirsConfigReader - [client:400206]parse dir config information
2024-12-09 21:49:34.704 [pool-3-thread-1] INFO  com.rs.mv.mvvs.client.catalog.from.config.MappingConfigReader - [client:400207]parse mapping config information
2024-12-09 21:49:34.705 [pool-3-thread-1] INFO  com.rs.mv.mvvs.client.catalog.manager.U2CatalogManager - [client:400202]start a schedule task to get global/local catalog for node_modules, its period 5s 
2024-12-09 21:49:34.706 [pool-3-thread-1] INFO  com.rs.mv.mvvs.client.catalog.manager.U2CatalogManager - [client:400203]cache file auto update thread launch in commander account
2024-12-09 21:49:34.706 [pool-3-thread-1] INFO  com.rs.mv.mvvs.client.catalog.from.config.DirsConfigReader - [client:400206]parse dir config information
2024-12-09 21:49:34.707 [pool-3-thread-1] INFO  com.rs.mv.mvvs.client.catalog.from.config.MappingConfigReader - [client:400207]parse mapping config information
2024-12-09 21:49:34.708 [pool-3-thread-1] INFO  com.rs.mv.mvvs.client.catalog.manager.U2CatalogManager - [client:400202]start a schedule task to get global/local catalog for commander, its period 5s 
2024-12-09 21:49:34.709 [pool-3-thread-1] INFO  com.rs.mv.mvvs.client.catalog.manager.U2CatalogManager - [client:400203]cache file auto update thread launch in cross-spawn account
2024-12-09 21:49:34.710 [pool-3-thread-1] INFO  com.rs.mv.mvvs.client.catalog.from.config.DirsConfigReader - [client:400206]parse dir config information
2024-12-09 21:49:34.710 [pool-3-thread-1] INFO  com.rs.mv.mvvs.client.catalog.from.config.MappingConfigReader - [client:400207]parse mapping config information
2024-12-09 21:49:34.710 [pool-3-thread-1] INFO  com.rs.mv.mvvs.client.catalog.manager.U2CatalogManager - [client:400202]start a schedule task to get global/local catalog for cross-spawn, its period 5s 
2024-12-09 21:49:34.711 [pool-3-thread-1] INFO  com.rs.mv.mvvs.client.catalog.manager.U2CatalogManager - [client:400203]cache file auto update thread launch in lib account
2024-12-09 21:49:34.712 [pool-3-thread-1] INFO  com.rs.mv.mvvs.client.catalog.from.config.DirsConfigReader - [client:400206]parse dir config information
2024-12-09 21:49:34.712 [pool-3-thread-1] INFO  com.rs.mv.mvvs.client.catalog.from.config.MappingConfigReader - [client:400207]parse mapping config information
2024-12-09 21:49:34.713 [pool-3-thread-1] INFO  com.rs.mv.mvvs.client.catalog.manager.U2CatalogManager - [client:400202]start a schedule task to get global/local catalog for lib, its period 5s 
2024-12-09 21:49:34.714 [pool-3-thread-1] INFO  com.rs.mv.mvvs.client.catalog.manager.U2CatalogManager - [client:400203]cache file auto update thread launch in cssesc account
2024-12-09 21:49:34.716 [pool-3-thread-1] INFO  com.rs.mv.mvvs.client.catalog.from.config.DirsConfigReader - [client:400206]parse dir config information
2024-12-09 21:49:34.717 [pool-3-thread-1] INFO  com.rs.mv.mvvs.client.catalog.from.config.MappingConfigReader - [client:400207]parse mapping config information
2024-12-09 21:49:34.718 [pool-3-thread-1] INFO  com.rs.mv.mvvs.client.catalog.manager.U2CatalogManager - [client:400202]start a schedule task to get global/local catalog for cssesc, its period 5s 
2024-12-09 21:49:34.722 [pool-3-thread-1] INFO  com.rs.mv.mvvs.client.catalog.manager.U2CatalogManager - [client:400203]cache file auto update thread launch in dlv account
2024-12-09 21:49:34.723 [pool-3-thread-1] INFO  com.rs.mv.mvvs.client.catalog.from.config.DirsConfigReader - [client:400206]parse dir config information
2024-12-09 21:49:34.723 [pool-3-thread-1] INFO  com.rs.mv.mvvs.client.catalog.from.config.MappingConfigReader - [client:400207]parse mapping config information
2024-12-09 21:49:34.726 [pool-3-thread-1] INFO  com.rs.mv.mvvs.client.catalog.manager.U2CatalogManager - [client:400202]start a schedule task to get global/local catalog for dlv, its period 5s 
2024-12-09 21:49:34.727 [pool-3-thread-1] INFO  com.rs.mv.mvvs.client.catalog.manager.U2CatalogManager - [client:400203]cache file auto update thread launch in emoji-regex account
2024-12-09 21:49:34.737 [pool-3-thread-1] INFO  com.rs.mv.mvvs.client.catalog.from.config.DirsConfigReader - [client:400206]parse dir config information
2024-12-09 21:49:34.738 [pool-3-thread-1] INFO  com.rs.mv.mvvs.client.catalog.from.config.MappingConfigReader - [client:400207]parse mapping config information
2024-12-09 21:49:34.738 [pool-3-thread-1] INFO  com.rs.mv.mvvs.client.catalog.manager.U2CatalogManager - [client:400202]start a schedule task to get global/local catalog for emoji-regex, its period 5s 
2024-12-09 21:49:34.739 [pool-3-thread-1] INFO  com.rs.mv.mvvs.client.catalog.manager.U2CatalogManager - [client:400203]cache file auto update thread launch in fast-glob account
2024-12-09 21:49:34.741 [pool-3-thread-1] INFO  com.rs.mv.mvvs.client.catalog.from.config.DirsConfigReader - [client:400206]parse dir config information
2024-12-09 21:49:34.741 [pool-3-thread-1] INFO  com.rs.mv.mvvs.client.catalog.from.config.MappingConfigReader - [client:400207]parse mapping config information
2024-12-09 21:49:34.742 [pool-3-thread-1] INFO  com.rs.mv.mvvs.client.catalog.manager.U2CatalogManager - [client:400202]start a schedule task to get global/local catalog for fast-glob, its period 5s 
2024-12-09 21:49:34.743 [pool-3-thread-1] INFO  com.rs.mv.mvvs.client.catalog.manager.U2CatalogManager - [client:400203]cache file auto update thread launch in node_modules account
2024-12-09 21:49:34.744 [pool-3-thread-1] INFO  com.rs.mv.mvvs.client.catalog.from.config.DirsConfigReader - [client:400206]parse dir config information
2024-12-09 21:49:34.752 [pool-3-thread-1] INFO  com.rs.mv.mvvs.client.catalog.from.config.MappingConfigReader - [client:400207]parse mapping config information
2024-12-09 21:49:34.753 [pool-3-thread-1] INFO  com.rs.mv.mvvs.client.catalog.manager.U2CatalogManager - [client:400202]start a schedule task to get global/local catalog for node_modules, its period 5s 
2024-12-09 21:49:34.755 [pool-3-thread-1] INFO  com.rs.mv.mvvs.client.catalog.manager.U2CatalogManager - [client:400203]cache file auto update thread launch in out account
2024-12-09 21:49:34.758 [pool-3-thread-1] INFO  com.rs.mv.mvvs.client.catalog.from.config.DirsConfigReader - [client:400206]parse dir config information
2024-12-09 21:49:34.758 [pool-3-thread-1] INFO  com.rs.mv.mvvs.client.catalog.from.config.MappingConfigReader - [client:400207]parse mapping config information
2024-12-09 21:49:34.759 [pool-3-thread-1] INFO  com.rs.mv.mvvs.client.catalog.manager.U2CatalogManager - [client:400202]start a schedule task to get global/local catalog for out, its period 5s 
2024-12-09 21:49:34.760 [pool-3-thread-1] INFO  com.rs.mv.mvvs.client.catalog.manager.U2CatalogManager - [client:400203]cache file auto update thread launch in providers account
2024-12-09 21:49:34.761 [pool-3-thread-1] INFO  com.rs.mv.mvvs.client.catalog.from.config.DirsConfigReader - [client:400206]parse dir config information
2024-12-09 21:49:34.761 [pool-3-thread-1] INFO  com.rs.mv.mvvs.client.catalog.from.config.MappingConfigReader - [client:400207]parse mapping config information
2024-12-09 21:49:34.762 [pool-3-thread-1] INFO  com.rs.mv.mvvs.client.catalog.manager.U2CatalogManager - [client:400202]start a schedule task to get global/local catalog for providers, its period 5s 
2024-12-09 21:49:34.763 [pool-3-thread-1] INFO  com.rs.mv.mvvs.client.catalog.manager.U2CatalogManager - [client:400203]cache file auto update thread launch in fastq account
2024-12-09 21:49:34.764 [pool-3-thread-1] INFO  com.rs.mv.mvvs.client.catalog.from.config.DirsConfigReader - [client:400206]parse dir config information
2024-12-09 21:49:34.765 [pool-3-thread-1] INFO  com.rs.mv.mvvs.client.catalog.from.config.MappingConfigReader - [client:400207]parse mapping config information
2024-12-09 21:49:34.766 [pool-3-thread-1] INFO  com.rs.mv.mvvs.client.catalog.manager.U2CatalogManager - [client:400202]start a schedule task to get global/local catalog for fastq, its period 5s 
2024-12-09 21:49:34.769 [pool-3-thread-1] INFO  com.rs.mv.mvvs.client.catalog.manager.U2CatalogManager - [client:400203]cache file auto update thread launch in .github account
2024-12-09 21:49:34.770 [pool-3-thread-1] INFO  com.rs.mv.mvvs.client.catalog.from.config.DirsConfigReader - [client:400206]parse dir config information
2024-12-09 21:49:34.786 [pool-3-thread-1] INFO  com.rs.mv.mvvs.client.catalog.from.config.MappingConfigReader - [client:400207]parse mapping config information
2024-12-09 21:49:34.790 [pool-3-thread-1] INFO  com.rs.mv.mvvs.client.catalog.manager.U2CatalogManager - [client:400202]start a schedule task to get global/local catalog for .github, its period 5s 
2024-12-09 21:49:34.791 [pool-3-thread-1] INFO  com.rs.mv.mvvs.client.catalog.manager.U2CatalogManager - [client:400203]cache file auto update thread launch in foreground-child account
2024-12-09 21:49:34.791 [pool-3-thread-1] INFO  com.rs.mv.mvvs.client.catalog.from.config.DirsConfigReader - [client:400206]parse dir config information
2024-12-09 21:49:34.792 [pool-3-thread-1] INFO  com.rs.mv.mvvs.client.catalog.from.config.MappingConfigReader - [client:400207]parse mapping config information
2024-12-09 21:49:34.793 [pool-3-thread-1] INFO  com.rs.mv.mvvs.client.catalog.manager.U2CatalogManager - [client:400202]start a schedule task to get global/local catalog for foreground-child, its period 5s 
2024-12-09 21:49:34.793 [pool-3-thread-1] INFO  com.rs.mv.mvvs.client.catalog.manager.U2CatalogManager - [client:400203]cache file auto update thread launch in dist account
2024-12-09 21:49:34.810 [pool-3-thread-1] INFO  com.rs.mv.mvvs.client.catalog.from.config.DirsConfigReader - [client:400206]parse dir config information
2024-12-09 21:49:34.811 [pool-3-thread-1] INFO  com.rs.mv.mvvs.client.catalog.from.config.MappingConfigReader - [client:400207]parse mapping config information
2024-12-09 21:49:34.813 [pool-3-thread-1] INFO  com.rs.mv.mvvs.client.catalog.manager.U2CatalogManager - [client:400202]start a schedule task to get global/local catalog for dist, its period 5s 
2024-12-09 21:49:34.813 [pool-3-thread-1] INFO  com.rs.mv.mvvs.client.catalog.manager.U2CatalogManager - [client:400203]cache file auto update thread launch in function-bind account
2024-12-09 21:49:34.814 [pool-3-thread-1] INFO  com.rs.mv.mvvs.client.catalog.from.config.DirsConfigReader - [client:400206]parse dir config information
2024-12-09 21:49:34.816 [pool-3-thread-1] INFO  com.rs.mv.mvvs.client.catalog.from.config.MappingConfigReader - [client:400207]parse mapping config information
2024-12-09 21:49:34.816 [pool-3-thread-1] INFO  com.rs.mv.mvvs.client.catalog.manager.U2CatalogManager - [client:400202]start a schedule task to get global/local catalog for function-bind, its period 5s 
2024-12-09 21:49:34.819 [pool-3-thread-1] INFO  com.rs.mv.mvvs.client.catalog.manager.U2CatalogManager - [client:400203]cache file auto update thread launch in glob account
2024-12-09 21:49:34.819 [pool-3-thread-1] INFO  com.rs.mv.mvvs.client.catalog.from.config.DirsConfigReader - [client:400206]parse dir config information
2024-12-09 21:49:34.820 [pool-3-thread-1] INFO  com.rs.mv.mvvs.client.catalog.from.config.MappingConfigReader - [client:400207]parse mapping config information
2024-12-09 21:49:34.820 [pool-3-thread-1] INFO  com.rs.mv.mvvs.client.catalog.manager.U2CatalogManager - [client:400202]start a schedule task to get global/local catalog for glob, its period 5s 
2024-12-09 21:49:34.821 [pool-3-thread-1] INFO  com.rs.mv.mvvs.client.catalog.manager.U2CatalogManager - [client:400203]cache file auto update thread launch in dist account
2024-12-09 21:49:34.824 [pool-3-thread-1] INFO  com.rs.mv.mvvs.client.catalog.from.config.DirsConfigReader - [client:400206]parse dir config information
2024-12-09 21:49:34.825 [pool-3-thread-1] INFO  com.rs.mv.mvvs.client.catalog.from.config.MappingConfigReader - [client:400207]parse mapping config information
2024-12-09 21:49:34.826 [pool-3-thread-1] INFO  com.rs.mv.mvvs.client.catalog.manager.U2CatalogManager - [client:400202]start a schedule task to get global/local catalog for dist, its period 5s 
2024-12-09 21:49:34.827 [pool-3-thread-1] INFO  com.rs.mv.mvvs.client.catalog.manager.U2CatalogManager - [client:400203]cache file auto update thread launch in hasown account
2024-12-09 21:49:34.828 [pool-3-thread-1] INFO  com.rs.mv.mvvs.client.catalog.from.config.DirsConfigReader - [client:400206]parse dir config information
2024-12-09 21:49:34.846 [pool-3-thread-1] INFO  com.rs.mv.mvvs.client.catalog.from.config.MappingConfigReader - [client:400207]parse mapping config information
2024-12-09 21:49:34.847 [pool-3-thread-1] INFO  com.rs.mv.mvvs.client.catalog.manager.U2CatalogManager - [client:400202]start a schedule task to get global/local catalog for hasown, its period 5s 
2024-12-09 21:49:34.851 [pool-3-thread-1] INFO  com.rs.mv.mvvs.client.catalog.manager.U2CatalogManager - [client:400203]cache file auto update thread launch in is-core-module account
2024-12-09 21:49:34.853 [pool-3-thread-1] INFO  com.rs.mv.mvvs.client.catalog.from.config.DirsConfigReader - [client:400206]parse dir config information
2024-12-09 21:49:34.854 [pool-3-thread-1] INFO  com.rs.mv.mvvs.client.catalog.from.config.MappingConfigReader - [client:400207]parse mapping config information
2024-12-09 21:49:34.856 [pool-3-thread-1] INFO  com.rs.mv.mvvs.client.catalog.manager.U2CatalogManager - [client:400202]start a schedule task to get global/local catalog for is-core-module, its period 5s 
2024-12-09 21:49:34.857 [pool-3-thread-1] INFO  com.rs.mv.mvvs.client.catalog.manager.U2CatalogManager - [client:400203]cache file auto update thread launch in isexe account
2024-12-09 21:49:34.857 [pool-3-thread-1] INFO  com.rs.mv.mvvs.client.catalog.from.config.DirsConfigReader - [client:400206]parse dir config information
2024-12-09 21:49:34.858 [pool-3-thread-1] INFO  com.rs.mv.mvvs.client.catalog.from.config.MappingConfigReader - [client:400207]parse mapping config information
2024-12-09 21:49:34.858 [pool-3-thread-1] INFO  com.rs.mv.mvvs.client.catalog.manager.U2CatalogManager - [client:400202]start a schedule task to get global/local catalog for isexe, its period 5s 
2024-12-09 21:49:34.859 [pool-3-thread-1] INFO  com.rs.mv.mvvs.client.catalog.manager.U2CatalogManager - [client:400203]cache file auto update thread launch in jackspeak account
2024-12-09 21:49:34.860 [pool-3-thread-1] INFO  com.rs.mv.mvvs.client.catalog.from.config.DirsConfigReader - [client:400206]parse dir config information
2024-12-09 21:49:34.862 [pool-3-thread-1] INFO  com.rs.mv.mvvs.client.catalog.from.config.MappingConfigReader - [client:400207]parse mapping config information
2024-12-09 21:49:34.862 [pool-3-thread-1] INFO  com.rs.mv.mvvs.client.catalog.manager.U2CatalogManager - [client:400202]start a schedule task to get global/local catalog for jackspeak, its period 5s 
2024-12-09 21:49:34.863 [pool-3-thread-1] INFO  com.rs.mv.mvvs.client.catalog.manager.U2CatalogManager - [client:400203]cache file auto update thread launch in dist account
2024-12-09 21:49:34.864 [pool-3-thread-1] INFO  com.rs.mv.mvvs.client.catalog.from.config.DirsConfigReader - [client:400206]parse dir config information
2024-12-09 21:49:34.866 [pool-3-thread-1] INFO  com.rs.mv.mvvs.client.catalog.from.config.MappingConfigReader - [client:400207]parse mapping config information
2024-12-09 21:49:34.867 [pool-3-thread-1] INFO  com.rs.mv.mvvs.client.catalog.manager.U2CatalogManager - [client:400202]start a schedule task to get global/local catalog for dist, its period 5s 
2024-12-09 21:49:34.867 [pool-3-thread-1] INFO  com.rs.mv.mvvs.client.catalog.manager.U2CatalogManager - [client:400203]cache file auto update thread launch in jiti account
2024-12-09 21:49:34.868 [pool-3-thread-1] INFO  com.rs.mv.mvvs.client.catalog.from.config.DirsConfigReader - [client:400206]parse dir config information
2024-12-09 21:49:34.868 [pool-3-thread-1] INFO  com.rs.mv.mvvs.client.catalog.from.config.MappingConfigReader - [client:400207]parse mapping config information
2024-12-09 21:49:34.869 [pool-3-thread-1] INFO  com.rs.mv.mvvs.client.catalog.manager.U2CatalogManager - [client:400202]start a schedule task to get global/local catalog for jiti, its period 5s 
2024-12-09 21:49:34.870 [pool-3-thread-1] INFO  com.rs.mv.mvvs.client.catalog.manager.U2CatalogManager - [client:400203]cache file auto update thread launch in dist account
2024-12-09 21:49:34.870 [pool-3-thread-1] INFO  com.rs.mv.mvvs.client.catalog.from.config.DirsConfigReader - [client:400206]parse dir config information
2024-12-09 21:49:34.871 [pool-3-thread-1] INFO  com.rs.mv.mvvs.client.catalog.from.config.MappingConfigReader - [client:400207]parse mapping config information
2024-12-09 21:49:34.871 [pool-3-thread-1] INFO  com.rs.mv.mvvs.client.catalog.manager.U2CatalogManager - [client:400202]start a schedule task to get global/local catalog for dist, its period 5s 
2024-12-09 21:49:34.872 [pool-3-thread-1] INFO  com.rs.mv.mvvs.client.catalog.manager.U2CatalogManager - [client:400203]cache file auto update thread launch in lilconfig account
2024-12-09 21:49:34.872 [pool-3-thread-1] INFO  com.rs.mv.mvvs.client.catalog.from.config.DirsConfigReader - [client:400206]parse dir config information
2024-12-09 21:49:34.873 [pool-3-thread-1] INFO  com.rs.mv.mvvs.client.catalog.from.config.MappingConfigReader - [client:400207]parse mapping config information
2024-12-09 21:49:34.876 [pool-3-thread-1] INFO  com.rs.mv.mvvs.client.catalog.manager.U2CatalogManager - [client:400202]start a schedule task to get global/local catalog for lilconfig, its period 5s 
2024-12-09 21:49:34.877 [pool-3-thread-1] INFO  com.rs.mv.mvvs.client.catalog.manager.U2CatalogManager - [client:400203]cache file auto update thread launch in lines-and-columns account
2024-12-09 21:49:34.878 [pool-3-thread-1] INFO  com.rs.mv.mvvs.client.catalog.from.config.DirsConfigReader - [client:400206]parse dir config information
2024-12-09 21:49:34.879 [pool-3-thread-1] INFO  com.rs.mv.mvvs.client.catalog.from.config.MappingConfigReader - [client:400207]parse mapping config information
2024-12-09 21:49:34.881 [pool-3-thread-1] INFO  com.rs.mv.mvvs.client.catalog.manager.U2CatalogManager - [client:400202]start a schedule task to get global/local catalog for lines-and-columns, its period 5s 
2024-12-09 21:49:34.883 [pool-3-thread-1] INFO  com.rs.mv.mvvs.client.catalog.manager.U2CatalogManager - [client:400203]cache file auto update thread launch in lru-cache account
2024-12-09 21:49:34.883 [pool-3-thread-1] INFO  com.rs.mv.mvvs.client.catalog.from.config.DirsConfigReader - [client:400206]parse dir config information
2024-12-09 21:49:34.884 [pool-3-thread-1] INFO  com.rs.mv.mvvs.client.catalog.from.config.MappingConfigReader - [client:400207]parse mapping config information
2024-12-09 21:49:34.885 [pool-3-thread-1] INFO  com.rs.mv.mvvs.client.catalog.manager.U2CatalogManager - [client:400202]start a schedule task to get global/local catalog for lru-cache, its period 5s 
2024-12-09 21:49:34.887 [pool-3-thread-1] INFO  com.rs.mv.mvvs.client.catalog.manager.U2CatalogManager - [client:400203]cache file auto update thread launch in dist account
2024-12-09 21:49:34.887 [pool-3-thread-1] INFO  com.rs.mv.mvvs.client.catalog.from.config.DirsConfigReader - [client:400206]parse dir config information
2024-12-09 21:49:34.888 [pool-3-thread-1] INFO  com.rs.mv.mvvs.client.catalog.from.config.MappingConfigReader - [client:400207]parse mapping config information
2024-12-09 21:49:34.891 [pool-3-thread-1] INFO  com.rs.mv.mvvs.client.catalog.manager.U2CatalogManager - [client:400202]start a schedule task to get global/local catalog for dist, its period 5s 
2024-12-09 21:49:34.892 [pool-3-thread-1] INFO  com.rs.mv.mvvs.client.catalog.manager.U2CatalogManager - [client:400203]cache file auto update thread launch in minimatch account
2024-12-09 21:49:34.892 [pool-3-thread-1] INFO  com.rs.mv.mvvs.client.catalog.from.config.DirsConfigReader - [client:400206]parse dir config information
2024-12-09 21:49:34.893 [pool-3-thread-1] INFO  com.rs.mv.mvvs.client.catalog.from.config.MappingConfigReader - [client:400207]parse mapping config information
2024-12-09 21:49:34.893 [pool-3-thread-1] INFO  com.rs.mv.mvvs.client.catalog.manager.U2CatalogManager - [client:400202]start a schedule task to get global/local catalog for minimatch, its period 5s 
2024-12-09 21:49:34.894 [pool-3-thread-1] INFO  com.rs.mv.mvvs.client.catalog.manager.U2CatalogManager - [client:400203]cache file auto update thread launch in dist account
2024-12-09 21:49:34.894 [pool-3-thread-1] INFO  com.rs.mv.mvvs.client.catalog.from.config.DirsConfigReader - [client:400206]parse dir config information
2024-12-09 21:49:34.902 [pool-3-thread-1] INFO  com.rs.mv.mvvs.client.catalog.from.config.MappingConfigReader - [client:400207]parse mapping config information
2024-12-09 21:49:34.903 [pool-3-thread-1] INFO  com.rs.mv.mvvs.client.catalog.manager.U2CatalogManager - [client:400202]start a schedule task to get global/local catalog for dist, its period 5s 
2024-12-09 21:49:34.904 [pool-3-thread-1] INFO  com.rs.mv.mvvs.client.catalog.manager.U2CatalogManager - [client:400203]cache file auto update thread launch in minipass account
2024-12-09 21:49:34.906 [pool-3-thread-1] INFO  com.rs.mv.mvvs.client.catalog.from.config.DirsConfigReader - [client:400206]parse dir config information
2024-12-09 21:49:34.906 [pool-3-thread-1] INFO  com.rs.mv.mvvs.client.catalog.from.config.MappingConfigReader - [client:400207]parse mapping config information
2024-12-09 21:49:34.907 [pool-3-thread-1] INFO  com.rs.mv.mvvs.client.catalog.manager.U2CatalogManager - [client:400202]start a schedule task to get global/local catalog for minipass, its period 5s 
2024-12-09 21:49:34.908 [pool-3-thread-1] INFO  com.rs.mv.mvvs.client.catalog.manager.U2CatalogManager - [client:400203]cache file auto update thread launch in dist account
2024-12-09 21:49:34.908 [pool-3-thread-1] INFO  com.rs.mv.mvvs.client.catalog.from.config.DirsConfigReader - [client:400206]parse dir config information
2024-12-09 21:49:34.909 [pool-3-thread-1] INFO  com.rs.mv.mvvs.client.catalog.from.config.MappingConfigReader - [client:400207]parse mapping config information
2024-12-09 21:49:34.909 [pool-3-thread-1] INFO  com.rs.mv.mvvs.client.catalog.manager.U2CatalogManager - [client:400202]start a schedule task to get global/local catalog for dist, its period 5s 
2024-12-09 21:49:34.910 [pool-3-thread-1] INFO  com.rs.mv.mvvs.client.catalog.manager.U2CatalogManager - [client:400203]cache file auto update thread launch in nanoid account
2024-12-09 21:49:34.910 [pool-3-thread-1] INFO  com.rs.mv.mvvs.client.catalog.from.config.DirsConfigReader - [client:400206]parse dir config information
2024-12-09 21:49:34.920 [pool-3-thread-1] INFO  com.rs.mv.mvvs.client.catalog.from.config.MappingConfigReader - [client:400207]parse mapping config information
2024-12-09 21:49:34.921 [pool-3-thread-1] INFO  com.rs.mv.mvvs.client.catalog.manager.U2CatalogManager - [client:400202]start a schedule task to get global/local catalog for nanoid, its period 5s 
2024-12-09 21:49:34.923 [pool-3-thread-1] INFO  com.rs.mv.mvvs.client.catalog.manager.U2CatalogManager - [client:400203]cache file auto update thread launch in object-hash account
2024-12-09 21:49:34.924 [pool-3-thread-1] INFO  com.rs.mv.mvvs.client.catalog.from.config.DirsConfigReader - [client:400206]parse dir config information
2024-12-09 21:49:34.925 [pool-3-thread-1] INFO  com.rs.mv.mvvs.client.catalog.from.config.MappingConfigReader - [client:400207]parse mapping config information
2024-12-09 21:49:34.925 [pool-3-thread-1] INFO  com.rs.mv.mvvs.client.catalog.manager.U2CatalogManager - [client:400202]start a schedule task to get global/local catalog for object-hash, its period 5s 
2024-12-09 21:49:34.926 [pool-3-thread-1] INFO  com.rs.mv.mvvs.client.catalog.manager.U2CatalogManager - [client:400203]cache file auto update thread launch in package-json-from-dist account
2024-12-09 21:49:34.927 [pool-3-thread-1] INFO  com.rs.mv.mvvs.client.catalog.from.config.DirsConfigReader - [client:400206]parse dir config information
2024-12-09 21:49:34.928 [pool-3-thread-1] INFO  com.rs.mv.mvvs.client.catalog.from.config.MappingConfigReader - [client:400207]parse mapping config information
2024-12-09 21:49:34.928 [pool-3-thread-1] INFO  com.rs.mv.mvvs.client.catalog.manager.U2CatalogManager - [client:400202]start a schedule task to get global/local catalog for package-json-from-dist, its period 5s 
2024-12-09 21:49:34.929 [pool-3-thread-1] INFO  com.rs.mv.mvvs.client.catalog.manager.U2CatalogManager - [client:400203]cache file auto update thread launch in dist account
2024-12-09 21:49:34.929 [pool-3-thread-1] INFO  com.rs.mv.mvvs.client.catalog.from.config.DirsConfigReader - [client:400206]parse dir config information
2024-12-09 21:49:34.930 [pool-3-thread-1] INFO  com.rs.mv.mvvs.client.catalog.from.config.MappingConfigReader - [client:400207]parse mapping config information
2024-12-09 21:49:34.931 [pool-3-thread-1] INFO  com.rs.mv.mvvs.client.catalog.manager.U2CatalogManager - [client:400202]start a schedule task to get global/local catalog for dist, its period 5s 
2024-12-09 21:49:34.932 [pool-3-thread-1] INFO  com.rs.mv.mvvs.client.catalog.manager.U2CatalogManager - [client:400203]cache file auto update thread launch in path-scurry account
2024-12-09 21:49:34.932 [pool-3-thread-1] INFO  com.rs.mv.mvvs.client.catalog.from.config.DirsConfigReader - [client:400206]parse dir config information
2024-12-09 21:49:34.933 [pool-3-thread-1] INFO  com.rs.mv.mvvs.client.catalog.from.config.MappingConfigReader - [client:400207]parse mapping config information
2024-12-09 21:49:34.933 [pool-3-thread-1] INFO  com.rs.mv.mvvs.client.catalog.manager.U2CatalogManager - [client:400202]start a schedule task to get global/local catalog for path-scurry, its period 5s 
2024-12-09 21:49:34.934 [pool-3-thread-1] INFO  com.rs.mv.mvvs.client.catalog.manager.U2CatalogManager - [client:400203]cache file auto update thread launch in dist account
2024-12-09 21:49:34.935 [pool-3-thread-1] INFO  com.rs.mv.mvvs.client.catalog.from.config.DirsConfigReader - [client:400206]parse dir config information
2024-12-09 21:49:34.935 [pool-3-thread-1] INFO  com.rs.mv.mvvs.client.catalog.from.config.MappingConfigReader - [client:400207]parse mapping config information
2024-12-09 21:49:34.937 [pool-3-thread-1] INFO  com.rs.mv.mvvs.client.catalog.manager.U2CatalogManager - [client:400202]start a schedule task to get global/local catalog for dist, its period 5s 
2024-12-09 21:49:34.938 [pool-3-thread-1] INFO  com.rs.mv.mvvs.client.catalog.manager.U2CatalogManager - [client:400203]cache file auto update thread launch in picomatch account
2024-12-09 21:49:34.938 [pool-3-thread-1] INFO  com.rs.mv.mvvs.client.catalog.from.config.DirsConfigReader - [client:400206]parse dir config information
2024-12-09 21:49:34.939 [pool-3-thread-1] INFO  com.rs.mv.mvvs.client.catalog.from.config.MappingConfigReader - [client:400207]parse mapping config information
2024-12-09 21:49:34.940 [pool-3-thread-1] INFO  com.rs.mv.mvvs.client.catalog.manager.U2CatalogManager - [client:400202]start a schedule task to get global/local catalog for picomatch, its period 5s 
2024-12-09 21:49:34.940 [pool-3-thread-1] INFO  com.rs.mv.mvvs.client.catalog.manager.U2CatalogManager - [client:400203]cache file auto update thread launch in pirates account
2024-12-09 21:49:34.941 [pool-3-thread-1] INFO  com.rs.mv.mvvs.client.catalog.from.config.DirsConfigReader - [client:400206]parse dir config information
2024-12-09 21:49:34.941 [pool-3-thread-1] INFO  com.rs.mv.mvvs.client.catalog.from.config.MappingConfigReader - [client:400207]parse mapping config information
2024-12-09 21:49:34.942 [pool-3-thread-1] INFO  com.rs.mv.mvvs.client.catalog.manager.U2CatalogManager - [client:400202]start a schedule task to get global/local catalog for pirates, its period 5s 
2024-12-09 21:49:34.943 [pool-3-thread-1] INFO  com.rs.mv.mvvs.client.catalog.manager.U2CatalogManager - [client:400203]cache file auto update thread launch in postcss account
2024-12-09 21:49:34.945 [pool-3-thread-1] INFO  com.rs.mv.mvvs.client.catalog.from.config.DirsConfigReader - [client:400206]parse dir config information
2024-12-09 21:49:34.946 [pool-3-thread-1] INFO  com.rs.mv.mvvs.client.catalog.from.config.MappingConfigReader - [client:400207]parse mapping config information
2024-12-09 21:49:34.946 [pool-3-thread-1] INFO  com.rs.mv.mvvs.client.catalog.manager.U2CatalogManager - [client:400202]start a schedule task to get global/local catalog for postcss, its period 5s 
2024-12-09 21:49:34.947 [pool-3-thread-1] INFO  com.rs.mv.mvvs.client.catalog.manager.U2CatalogManager - [client:400203]cache file auto update thread launch in postcss-import account
2024-12-09 21:49:34.948 [pool-3-thread-1] INFO  com.rs.mv.mvvs.client.catalog.from.config.DirsConfigReader - [client:400206]parse dir config information
2024-12-09 21:49:34.948 [pool-3-thread-1] INFO  com.rs.mv.mvvs.client.catalog.from.config.MappingConfigReader - [client:400207]parse mapping config information
2024-12-09 21:49:34.974 [pool-3-thread-1] INFO  com.rs.mv.mvvs.client.catalog.manager.U2CatalogManager - [client:400202]start a schedule task to get global/local catalog for postcss-import, its period 5s 
2024-12-09 21:49:34.975 [pool-3-thread-1] INFO  com.rs.mv.mvvs.client.catalog.manager.U2CatalogManager - [client:400203]cache file auto update thread launch in postcss-load-config account
2024-12-09 21:49:34.976 [pool-3-thread-1] INFO  com.rs.mv.mvvs.client.catalog.from.config.DirsConfigReader - [client:400206]parse dir config information
2024-12-09 21:49:34.976 [pool-3-thread-1] INFO  com.rs.mv.mvvs.client.catalog.from.config.MappingConfigReader - [client:400207]parse mapping config information
2024-12-09 21:49:34.977 [pool-3-thread-1] INFO  com.rs.mv.mvvs.client.catalog.manager.U2CatalogManager - [client:400202]start a schedule task to get global/local catalog for postcss-load-config, its period 5s 
2024-12-09 21:49:34.978 [pool-3-thread-1] INFO  com.rs.mv.mvvs.client.catalog.manager.U2CatalogManager - [client:400203]cache file auto update thread launch in node_modules account
2024-12-09 21:49:34.979 [pool-3-thread-1] INFO  com.rs.mv.mvvs.client.catalog.from.config.DirsConfigReader - [client:400206]parse dir config information
2024-12-09 21:49:34.980 [pool-3-thread-1] INFO  com.rs.mv.mvvs.client.catalog.from.config.MappingConfigReader - [client:400207]parse mapping config information
2024-12-09 21:49:34.981 [pool-3-thread-1] INFO  com.rs.mv.mvvs.client.catalog.manager.U2CatalogManager - [client:400202]start a schedule task to get global/local catalog for node_modules, its period 5s 
2024-12-09 21:49:34.981 [pool-3-thread-1] INFO  com.rs.mv.mvvs.client.catalog.manager.U2CatalogManager - [client:400203]cache file auto update thread launch in lilconfig account
2024-12-09 21:49:34.982 [pool-3-thread-1] INFO  com.rs.mv.mvvs.client.catalog.from.config.DirsConfigReader - [client:400206]parse dir config information
2024-12-09 21:49:34.982 [pool-3-thread-1] INFO  com.rs.mv.mvvs.client.catalog.from.config.MappingConfigReader - [client:400207]parse mapping config information
2024-12-09 21:49:34.983 [pool-3-thread-1] INFO  com.rs.mv.mvvs.client.catalog.manager.U2CatalogManager - [client:400202]start a schedule task to get global/local catalog for lilconfig, its period 5s 
2024-12-09 21:49:34.984 [pool-3-thread-1] INFO  com.rs.mv.mvvs.client.catalog.manager.U2CatalogManager - [client:400203]cache file auto update thread launch in postcss-selector-parser account
2024-12-09 21:49:34.984 [pool-3-thread-1] INFO  com.rs.mv.mvvs.client.catalog.from.config.DirsConfigReader - [client:400206]parse dir config information
2024-12-09 21:49:34.985 [pool-3-thread-1] INFO  com.rs.mv.mvvs.client.catalog.from.config.MappingConfigReader - [client:400207]parse mapping config information
2024-12-09 21:49:34.985 [pool-3-thread-1] INFO  com.rs.mv.mvvs.client.catalog.manager.U2CatalogManager - [client:400202]start a schedule task to get global/local catalog for postcss-selector-parser, its period 5s 
2024-12-09 21:49:34.986 [pool-3-thread-1] INFO  com.rs.mv.mvvs.client.catalog.manager.U2CatalogManager - [client:400203]cache file auto update thread launch in dist account
2024-12-09 21:49:34.987 [pool-3-thread-1] INFO  com.rs.mv.mvvs.client.catalog.from.config.DirsConfigReader - [client:400206]parse dir config information
2024-12-09 21:49:34.987 [pool-3-thread-1] INFO  com.rs.mv.mvvs.client.catalog.from.config.MappingConfigReader - [client:400207]parse mapping config information
2024-12-09 21:49:34.988 [pool-3-thread-1] INFO  com.rs.mv.mvvs.client.catalog.manager.U2CatalogManager - [client:400202]start a schedule task to get global/local catalog for dist, its period 5s 
2024-12-09 21:49:34.989 [pool-3-thread-1] INFO  com.rs.mv.mvvs.client.catalog.manager.U2CatalogManager - [client:400203]cache file auto update thread launch in postcss-value-parser account
2024-12-09 21:49:34.990 [pool-3-thread-1] INFO  com.rs.mv.mvvs.client.catalog.from.config.DirsConfigReader - [client:400206]parse dir config information
2024-12-09 21:49:34.990 [pool-3-thread-1] INFO  com.rs.mv.mvvs.client.catalog.from.config.MappingConfigReader - [client:400207]parse mapping config information
2024-12-09 21:49:34.990 [pool-3-thread-1] INFO  com.rs.mv.mvvs.client.catalog.manager.U2CatalogManager - [client:400202]start a schedule task to get global/local catalog for postcss-value-parser, its period 5s 
2024-12-09 21:49:34.994 [pool-3-thread-1] INFO  com.rs.mv.mvvs.client.catalog.manager.U2CatalogManager - [client:400203]cache file auto update thread launch in resolve account
2024-12-09 21:49:34.995 [pool-3-thread-1] INFO  com.rs.mv.mvvs.client.catalog.from.config.DirsConfigReader - [client:400206]parse dir config information
2024-12-09 21:49:34.995 [pool-3-thread-1] INFO  com.rs.mv.mvvs.client.catalog.from.config.MappingConfigReader - [client:400207]parse mapping config information
2024-12-09 21:49:34.996 [pool-3-thread-1] INFO  com.rs.mv.mvvs.client.catalog.manager.U2CatalogManager - [client:400202]start a schedule task to get global/local catalog for resolve, its period 5s 
2024-12-09 21:49:34.996 [pool-3-thread-1] INFO  com.rs.mv.mvvs.client.catalog.manager.U2CatalogManager - [client:400203]cache file auto update thread launch in test account
2024-12-09 21:49:34.997 [pool-3-thread-1] INFO  com.rs.mv.mvvs.client.catalog.from.config.DirsConfigReader - [client:400206]parse dir config information
2024-12-09 21:49:34.997 [pool-3-thread-1] INFO  com.rs.mv.mvvs.client.catalog.from.config.MappingConfigReader - [client:400207]parse mapping config information
2024-12-09 21:49:34.998 [pool-3-thread-1] INFO  com.rs.mv.mvvs.client.catalog.manager.U2CatalogManager - [client:400202]start a schedule task to get global/local catalog for test, its period 5s 
2024-12-09 21:49:34.999 [pool-3-thread-1] INFO  com.rs.mv.mvvs.client.catalog.manager.U2CatalogManager - [client:400203]cache file auto update thread launch in dotdot account
2024-12-09 21:49:34.999 [pool-3-thread-1] INFO  com.rs.mv.mvvs.client.catalog.from.config.DirsConfigReader - [client:400206]parse dir config information
2024-12-09 21:49:35.000 [pool-3-thread-1] INFO  com.rs.mv.mvvs.client.catalog.from.config.MappingConfigReader - [client:400207]parse mapping config information
2024-12-09 21:49:35.001 [pool-3-thread-1] INFO  com.rs.mv.mvvs.client.catalog.manager.U2CatalogManager - [client:400202]start a schedule task to get global/local catalog for dotdot, its period 5s 
2024-12-09 21:49:35.001 [pool-3-thread-1] INFO  com.rs.mv.mvvs.client.catalog.manager.U2CatalogManager - [client:400203]cache file auto update thread launch in module_dir account
2024-12-09 21:49:35.002 [pool-3-thread-1] INFO  com.rs.mv.mvvs.client.catalog.from.config.DirsConfigReader - [client:400206]parse dir config information
2024-12-09 21:49:35.002 [pool-3-thread-1] INFO  com.rs.mv.mvvs.client.catalog.from.config.MappingConfigReader - [client:400207]parse mapping config information
2024-12-09 21:49:35.003 [pool-3-thread-1] INFO  com.rs.mv.mvvs.client.catalog.manager.U2CatalogManager - [client:400202]start a schedule task to get global/local catalog for module_dir, its period 5s 
2024-12-09 21:49:35.005 [pool-3-thread-1] INFO  com.rs.mv.mvvs.client.catalog.manager.U2CatalogManager - [client:400203]cache file auto update thread launch in xmodules account
2024-12-09 21:49:35.009 [pool-3-thread-1] INFO  com.rs.mv.mvvs.client.catalog.from.config.DirsConfigReader - [client:400206]parse dir config information
2024-12-09 21:49:35.009 [pool-3-thread-1] INFO  com.rs.mv.mvvs.client.catalog.from.config.MappingConfigReader - [client:400207]parse mapping config information
2024-12-09 21:49:35.010 [pool-3-thread-1] INFO  com.rs.mv.mvvs.client.catalog.manager.U2CatalogManager - [client:400202]start a schedule task to get global/local catalog for xmodules, its period 5s 
2024-12-09 21:49:35.014 [pool-3-thread-1] INFO  com.rs.mv.mvvs.client.catalog.manager.U2CatalogManager - [client:400203]cache file auto update thread launch in ymodules account
2024-12-09 21:49:35.015 [pool-3-thread-1] INFO  com.rs.mv.mvvs.client.catalog.from.config.DirsConfigReader - [client:400206]parse dir config information
2024-12-09 21:49:35.015 [pool-3-thread-1] INFO  com.rs.mv.mvvs.client.catalog.from.config.MappingConfigReader - [client:400207]parse mapping config information
2024-12-09 21:49:35.016 [pool-3-thread-1] INFO  com.rs.mv.mvvs.client.catalog.manager.U2CatalogManager - [client:400202]start a schedule task to get global/local catalog for ymodules, its period 5s 
2024-12-09 21:49:35.016 [pool-3-thread-1] INFO  com.rs.mv.mvvs.client.catalog.manager.U2CatalogManager - [client:400203]cache file auto update thread launch in zmodules account
2024-12-09 21:49:35.017 [pool-3-thread-1] INFO  com.rs.mv.mvvs.client.catalog.from.config.DirsConfigReader - [client:400206]parse dir config information
2024-12-09 21:49:35.017 [pool-3-thread-1] INFO  com.rs.mv.mvvs.client.catalog.from.config.MappingConfigReader - [client:400207]parse mapping config information
2024-12-09 21:49:35.018 [pool-3-thread-1] INFO  com.rs.mv.mvvs.client.catalog.manager.U2CatalogManager - [client:400202]start a schedule task to get global/local catalog for zmodules, its period 5s 
2024-12-09 21:49:35.021 [pool-3-thread-1] INFO  com.rs.mv.mvvs.client.catalog.manager.U2CatalogManager - [client:400203]cache file auto update thread launch in node_path account
2024-12-09 21:49:35.022 [pool-3-thread-1] INFO  com.rs.mv.mvvs.client.catalog.from.config.DirsConfigReader - [client:400206]parse dir config information
2024-12-09 21:49:35.022 [pool-3-thread-1] INFO  com.rs.mv.mvvs.client.catalog.from.config.MappingConfigReader - [client:400207]parse mapping config information
2024-12-09 21:49:35.023 [pool-3-thread-1] INFO  com.rs.mv.mvvs.client.catalog.manager.U2CatalogManager - [client:400202]start a schedule task to get global/local catalog for node_path, its period 5s 
2024-12-09 21:49:35.024 [pool-3-thread-1] INFO  com.rs.mv.mvvs.client.catalog.manager.U2CatalogManager - [client:400203]cache file auto update thread launch in x account
2024-12-09 21:49:35.025 [pool-3-thread-1] INFO  com.rs.mv.mvvs.client.catalog.from.config.DirsConfigReader - [client:400206]parse dir config information
2024-12-09 21:49:35.025 [pool-3-thread-1] INFO  com.rs.mv.mvvs.client.catalog.from.config.MappingConfigReader - [client:400207]parse mapping config information
2024-12-09 21:49:35.026 [pool-3-thread-1] INFO  com.rs.mv.mvvs.client.catalog.manager.U2CatalogManager - [client:400202]start a schedule task to get global/local catalog for x, its period 5s 
2024-12-09 21:49:35.026 [pool-3-thread-1] INFO  com.rs.mv.mvvs.client.catalog.manager.U2CatalogManager - [client:400203]cache file auto update thread launch in y account
2024-12-09 21:49:35.027 [pool-3-thread-1] INFO  com.rs.mv.mvvs.client.catalog.from.config.DirsConfigReader - [client:400206]parse dir config information
2024-12-09 21:49:35.027 [pool-3-thread-1] INFO  com.rs.mv.mvvs.client.catalog.from.config.MappingConfigReader - [client:400207]parse mapping config information
2024-12-09 21:49:35.028 [pool-3-thread-1] INFO  com.rs.mv.mvvs.client.catalog.manager.U2CatalogManager - [client:400202]start a schedule task to get global/local catalog for y, its period 5s 
2024-12-09 21:49:35.028 [pool-3-thread-1] INFO  com.rs.mv.mvvs.client.catalog.manager.U2CatalogManager - [client:400203]cache file auto update thread launch in pathfilter account
2024-12-09 21:49:35.029 [pool-3-thread-1] INFO  com.rs.mv.mvvs.client.catalog.from.config.DirsConfigReader - [client:400206]parse dir config information
2024-12-09 21:49:35.029 [pool-3-thread-1] INFO  com.rs.mv.mvvs.client.catalog.from.config.MappingConfigReader - [client:400207]parse mapping config information
2024-12-09 21:49:35.030 [pool-3-thread-1] INFO  com.rs.mv.mvvs.client.catalog.manager.U2CatalogManager - [client:400202]start a schedule task to get global/local catalog for pathfilter, its period 5s 
2024-12-09 21:49:35.030 [pool-3-thread-1] INFO  com.rs.mv.mvvs.client.catalog.manager.U2CatalogManager - [client:400203]cache file auto update thread launch in precedence account
2024-12-09 21:49:35.031 [pool-3-thread-1] INFO  com.rs.mv.mvvs.client.catalog.from.config.DirsConfigReader - [client:400206]parse dir config information
2024-12-09 21:49:35.031 [pool-3-thread-1] INFO  com.rs.mv.mvvs.client.catalog.from.config.MappingConfigReader - [client:400207]parse mapping config information
2024-12-09 21:49:35.032 [pool-3-thread-1] INFO  com.rs.mv.mvvs.client.catalog.manager.U2CatalogManager - [client:400202]start a schedule task to get global/local catalog for precedence, its period 5s 
2024-12-09 21:49:35.033 [pool-3-thread-1] INFO  com.rs.mv.mvvs.client.catalog.manager.U2CatalogManager - [client:400203]cache file auto update thread launch in resolver account
2024-12-09 21:49:35.033 [pool-3-thread-1] INFO  com.rs.mv.mvvs.client.catalog.from.config.DirsConfigReader - [client:400206]parse dir config information
2024-12-09 21:49:35.034 [pool-3-thread-1] INFO  com.rs.mv.mvvs.client.catalog.from.config.MappingConfigReader - [client:400207]parse mapping config information
2024-12-09 21:49:35.035 [pool-3-thread-1] INFO  com.rs.mv.mvvs.client.catalog.manager.U2CatalogManager - [client:400202]start a schedule task to get global/local catalog for resolver, its period 5s 
2024-12-09 21:49:35.036 [pool-3-thread-1] INFO  com.rs.mv.mvvs.client.catalog.manager.U2CatalogManager - [client:400203]cache file auto update thread launch in multirepo account
2024-12-09 21:49:35.036 [pool-3-thread-1] INFO  com.rs.mv.mvvs.client.catalog.from.config.DirsConfigReader - [client:400206]parse dir config information
2024-12-09 21:49:35.037 [pool-3-thread-1] INFO  com.rs.mv.mvvs.client.catalog.from.config.MappingConfigReader - [client:400207]parse mapping config information
2024-12-09 21:49:35.038 [pool-3-thread-1] INFO  com.rs.mv.mvvs.client.catalog.manager.U2CatalogManager - [client:400202]start a schedule task to get global/local catalog for multirepo, its period 5s 
2024-12-09 21:49:35.038 [pool-3-thread-1] INFO  com.rs.mv.mvvs.client.catalog.manager.U2CatalogManager - [client:400203]cache file auto update thread launch in packages account
2024-12-09 21:49:35.039 [pool-3-thread-1] INFO  com.rs.mv.mvvs.client.catalog.from.config.DirsConfigReader - [client:400206]parse dir config information
2024-12-09 21:49:35.039 [pool-3-thread-1] INFO  com.rs.mv.mvvs.client.catalog.from.config.MappingConfigReader - [client:400207]parse mapping config information
2024-12-09 21:49:35.040 [pool-3-thread-1] INFO  com.rs.mv.mvvs.client.catalog.manager.U2CatalogManager - [client:400202]start a schedule task to get global/local catalog for packages, its period 5s 
2024-12-09 21:49:35.040 [pool-3-thread-1] INFO  com.rs.mv.mvvs.client.catalog.manager.U2CatalogManager - [client:400203]cache file auto update thread launch in nested_symlinks account
2024-12-09 21:49:35.041 [pool-3-thread-1] INFO  com.rs.mv.mvvs.client.catalog.from.config.DirsConfigReader - [client:400206]parse dir config information
2024-12-09 21:49:35.041 [pool-3-thread-1] INFO  com.rs.mv.mvvs.client.catalog.from.config.MappingConfigReader - [client:400207]parse mapping config information
2024-12-09 21:49:35.042 [pool-3-thread-1] INFO  com.rs.mv.mvvs.client.catalog.manager.U2CatalogManager - [client:400202]start a schedule task to get global/local catalog for nested_symlinks, its period 5s 
2024-12-09 21:49:35.043 [pool-3-thread-1] INFO  com.rs.mv.mvvs.client.catalog.manager.U2CatalogManager - [client:400203]cache file auto update thread launch in other_path account
2024-12-09 21:49:35.043 [pool-3-thread-1] INFO  com.rs.mv.mvvs.client.catalog.from.config.DirsConfigReader - [client:400206]parse dir config information
2024-12-09 21:49:35.044 [pool-3-thread-1] INFO  com.rs.mv.mvvs.client.catalog.from.config.MappingConfigReader - [client:400207]parse mapping config information
2024-12-09 21:49:35.044 [pool-3-thread-1] INFO  com.rs.mv.mvvs.client.catalog.manager.U2CatalogManager - [client:400202]start a schedule task to get global/local catalog for other_path, its period 5s 
2024-12-09 21:49:35.045 [pool-3-thread-1] INFO  com.rs.mv.mvvs.client.catalog.manager.U2CatalogManager - [client:400203]cache file auto update thread launch in quux account
2024-12-09 21:49:35.045 [pool-3-thread-1] INFO  com.rs.mv.mvvs.client.catalog.from.config.DirsConfigReader - [client:400206]parse dir config information
2024-12-09 21:49:35.046 [pool-3-thread-1] INFO  com.rs.mv.mvvs.client.catalog.from.config.MappingConfigReader - [client:400207]parse mapping config information
2024-12-09 21:49:35.046 [pool-3-thread-1] INFO  com.rs.mv.mvvs.client.catalog.manager.U2CatalogManager - [client:400202]start a schedule task to get global/local catalog for quux, its period 5s 
2024-12-09 21:49:35.047 [pool-3-thread-1] INFO  com.rs.mv.mvvs.client.catalog.manager.U2CatalogManager - [client:400203]cache file auto update thread launch in same_names account
2024-12-09 21:49:35.048 [pool-3-thread-1] INFO  com.rs.mv.mvvs.client.catalog.from.config.DirsConfigReader - [client:400206]parse dir config information
2024-12-09 21:49:35.048 [pool-3-thread-1] INFO  com.rs.mv.mvvs.client.catalog.from.config.MappingConfigReader - [client:400207]parse mapping config information
2024-12-09 21:49:35.049 [pool-3-thread-1] INFO  com.rs.mv.mvvs.client.catalog.manager.U2CatalogManager - [client:400202]start a schedule task to get global/local catalog for same_names, its period 5s 
2024-12-09 21:49:35.049 [pool-3-thread-1] INFO  com.rs.mv.mvvs.client.catalog.manager.U2CatalogManager - [client:400203]cache file auto update thread launch in symlinked account
2024-12-09 21:49:35.050 [pool-3-thread-1] INFO  com.rs.mv.mvvs.client.catalog.from.config.DirsConfigReader - [client:400206]parse dir config information
2024-12-09 21:49:35.050 [pool-3-thread-1] INFO  com.rs.mv.mvvs.client.catalog.from.config.MappingConfigReader - [client:400207]parse mapping config information
2024-12-09 21:49:35.051 [pool-3-thread-1] INFO  com.rs.mv.mvvs.client.catalog.manager.U2CatalogManager - [client:400202]start a schedule task to get global/local catalog for symlinked, its period 5s 
2024-12-09 21:49:35.051 [pool-3-thread-1] INFO  com.rs.mv.mvvs.client.catalog.manager.U2CatalogManager - [client:400203]cache file auto update thread launch in _ account
2024-12-09 21:49:35.052 [pool-3-thread-1] INFO  com.rs.mv.mvvs.client.catalog.from.config.DirsConfigReader - [client:400206]parse dir config information
2024-12-09 21:49:35.052 [pool-3-thread-1] INFO  com.rs.mv.mvvs.client.catalog.from.config.MappingConfigReader - [client:400207]parse mapping config information
2024-12-09 21:49:35.053 [pool-3-thread-1] INFO  com.rs.mv.mvvs.client.catalog.manager.U2CatalogManager - [client:400202]start a schedule task to get global/local catalog for _, its period 5s 
2024-12-09 21:49:35.054 [pool-3-thread-1] INFO  com.rs.mv.mvvs.client.catalog.manager.U2CatalogManager - [client:400203]cache file auto update thread launch in shadowed_core account
2024-12-09 21:49:35.054 [pool-3-thread-1] INFO  com.rs.mv.mvvs.client.catalog.from.config.DirsConfigReader - [client:400206]parse dir config information
2024-12-09 21:49:35.054 [pool-3-thread-1] INFO  com.rs.mv.mvvs.client.catalog.from.config.MappingConfigReader - [client:400207]parse mapping config information
2024-12-09 21:49:35.058 [pool-3-thread-1] INFO  com.rs.mv.mvvs.client.catalog.manager.U2CatalogManager - [client:400202]start a schedule task to get global/local catalog for shadowed_core, its period 5s 
2024-12-09 21:49:35.058 [pool-3-thread-1] INFO  com.rs.mv.mvvs.client.catalog.manager.U2CatalogManager - [client:400203]cache file auto update thread launch in node_modules account
2024-12-09 21:49:35.059 [pool-3-thread-1] INFO  com.rs.mv.mvvs.client.catalog.from.config.DirsConfigReader - [client:400206]parse dir config information
2024-12-09 21:49:35.060 [pool-3-thread-1] INFO  com.rs.mv.mvvs.client.catalog.from.config.MappingConfigReader - [client:400207]parse mapping config information
2024-12-09 21:49:35.060 [pool-3-thread-1] INFO  com.rs.mv.mvvs.client.catalog.manager.U2CatalogManager - [client:400202]start a schedule task to get global/local catalog for node_modules, its period 5s 
2024-12-09 21:49:35.061 [pool-3-thread-1] INFO  com.rs.mv.mvvs.client.catalog.manager.U2CatalogManager - [client:400203]cache file auto update thread launch in reusify account
2024-12-09 21:49:35.062 [pool-3-thread-1] INFO  com.rs.mv.mvvs.client.catalog.from.config.DirsConfigReader - [client:400206]parse dir config information
2024-12-09 21:49:35.062 [pool-3-thread-1] INFO  com.rs.mv.mvvs.client.catalog.from.config.MappingConfigReader - [client:400207]parse mapping config information
2024-12-09 21:49:35.064 [pool-3-thread-1] INFO  com.rs.mv.mvvs.client.catalog.manager.U2CatalogManager - [client:400202]start a schedule task to get global/local catalog for reusify, its period 5s 
2024-12-09 21:49:35.066 [pool-3-thread-1] INFO  com.rs.mv.mvvs.client.catalog.manager.U2CatalogManager - [client:400203]cache file auto update thread launch in signal-exit account
2024-12-09 21:49:35.071 [pool-3-thread-1] INFO  com.rs.mv.mvvs.client.catalog.from.config.DirsConfigReader - [client:400206]parse dir config information
2024-12-09 21:49:35.072 [pool-3-thread-1] INFO  com.rs.mv.mvvs.client.catalog.from.config.MappingConfigReader - [client:400207]parse mapping config information
2024-12-09 21:49:35.073 [pool-3-thread-1] INFO  com.rs.mv.mvvs.client.catalog.manager.U2CatalogManager - [client:400202]start a schedule task to get global/local catalog for signal-exit, its period 5s 
2024-12-09 21:49:35.073 [pool-3-thread-1] INFO  com.rs.mv.mvvs.client.catalog.manager.U2CatalogManager - [client:400203]cache file auto update thread launch in dist account
2024-12-09 21:49:35.074 [pool-3-thread-1] INFO  com.rs.mv.mvvs.client.catalog.from.config.DirsConfigReader - [client:400206]parse dir config information
2024-12-09 21:49:35.074 [pool-3-thread-1] INFO  com.rs.mv.mvvs.client.catalog.from.config.MappingConfigReader - [client:400207]parse mapping config information
2024-12-09 21:49:35.075 [pool-3-thread-1] INFO  com.rs.mv.mvvs.client.catalog.manager.U2CatalogManager - [client:400202]start a schedule task to get global/local catalog for dist, its period 5s 
2024-12-09 21:49:35.076 [pool-3-thread-1] INFO  com.rs.mv.mvvs.client.catalog.manager.U2CatalogManager - [client:400203]cache file auto update thread launch in source-map-js account
2024-12-09 21:49:35.076 [pool-3-thread-1] INFO  com.rs.mv.mvvs.client.catalog.from.config.DirsConfigReader - [client:400206]parse dir config information
2024-12-09 21:49:35.077 [pool-3-thread-1] INFO  com.rs.mv.mvvs.client.catalog.from.config.MappingConfigReader - [client:400207]parse mapping config information
2024-12-09 21:49:35.077 [pool-3-thread-1] INFO  com.rs.mv.mvvs.client.catalog.manager.U2CatalogManager - [client:400202]start a schedule task to get global/local catalog for source-map-js, its period 5s 
2024-12-09 21:49:35.078 [pool-3-thread-1] INFO  com.rs.mv.mvvs.client.catalog.manager.U2CatalogManager - [client:400203]cache file auto update thread launch in string-width-cjs account
2024-12-09 21:49:35.096 [pool-3-thread-1] INFO  com.rs.mv.mvvs.client.catalog.from.config.DirsConfigReader - [client:400206]parse dir config information
2024-12-09 21:49:35.096 [pool-3-thread-1] INFO  com.rs.mv.mvvs.client.catalog.from.config.MappingConfigReader - [client:400207]parse mapping config information
2024-12-09 21:49:35.098 [pool-3-thread-1] INFO  com.rs.mv.mvvs.client.catalog.manager.U2CatalogManager - [client:400202]start a schedule task to get global/local catalog for string-width-cjs, its period 5s 
2024-12-09 21:49:35.099 [pool-3-thread-1] INFO  com.rs.mv.mvvs.client.catalog.manager.U2CatalogManager - [client:400203]cache file auto update thread launch in node_modules account
2024-12-09 21:49:35.099 [pool-3-thread-1] INFO  com.rs.mv.mvvs.client.catalog.from.config.DirsConfigReader - [client:400206]parse dir config information
2024-12-09 21:49:35.100 [pool-3-thread-1] INFO  com.rs.mv.mvvs.client.catalog.from.config.MappingConfigReader - [client:400207]parse mapping config information
2024-12-09 21:49:35.100 [pool-3-thread-1] INFO  com.rs.mv.mvvs.client.catalog.manager.U2CatalogManager - [client:400202]start a schedule task to get global/local catalog for node_modules, its period 5s 
2024-12-09 21:49:35.102 [pool-3-thread-1] INFO  com.rs.mv.mvvs.client.catalog.manager.U2CatalogManager - [client:400203]cache file auto update thread launch in emoji-regex account
2024-12-09 21:49:35.103 [pool-3-thread-1] INFO  com.rs.mv.mvvs.client.catalog.from.config.DirsConfigReader - [client:400206]parse dir config information
2024-12-09 21:49:35.103 [pool-3-thread-1] INFO  com.rs.mv.mvvs.client.catalog.from.config.MappingConfigReader - [client:400207]parse mapping config information
2024-12-09 21:49:35.104 [pool-3-thread-1] INFO  com.rs.mv.mvvs.client.catalog.manager.U2CatalogManager - [client:400202]start a schedule task to get global/local catalog for emoji-regex, its period 5s 
2024-12-09 21:49:35.105 [pool-3-thread-1] INFO  com.rs.mv.mvvs.client.catalog.manager.U2CatalogManager - [client:400203]cache file auto update thread launch in strip-ansi-cjs account
2024-12-09 21:49:35.105 [pool-3-thread-1] INFO  com.rs.mv.mvvs.client.catalog.from.config.DirsConfigReader - [client:400206]parse dir config information
2024-12-09 21:49:35.106 [pool-3-thread-1] INFO  com.rs.mv.mvvs.client.catalog.from.config.MappingConfigReader - [client:400207]parse mapping config information
2024-12-09 21:49:35.108 [pool-3-thread-1] INFO  com.rs.mv.mvvs.client.catalog.manager.U2CatalogManager - [client:400202]start a schedule task to get global/local catalog for strip-ansi-cjs, its period 5s 
2024-12-09 21:49:35.109 [pool-3-thread-1] INFO  com.rs.mv.mvvs.client.catalog.manager.U2CatalogManager - [client:400203]cache file auto update thread launch in node_modules account
2024-12-09 21:49:35.109 [pool-3-thread-1] INFO  com.rs.mv.mvvs.client.catalog.from.config.DirsConfigReader - [client:400206]parse dir config information
2024-12-09 21:49:35.109 [pool-3-thread-1] INFO  com.rs.mv.mvvs.client.catalog.from.config.MappingConfigReader - [client:400207]parse mapping config information
2024-12-09 21:49:35.110 [pool-3-thread-1] INFO  com.rs.mv.mvvs.client.catalog.manager.U2CatalogManager - [client:400202]start a schedule task to get global/local catalog for node_modules, its period 5s 
2024-12-09 21:49:35.112 [pool-3-thread-1] INFO  com.rs.mv.mvvs.client.catalog.manager.U2CatalogManager - [client:400203]cache file auto update thread launch in sucrase account
2024-12-09 21:49:35.112 [pool-3-thread-1] INFO  com.rs.mv.mvvs.client.catalog.from.config.DirsConfigReader - [client:400206]parse dir config information
2024-12-09 21:49:35.113 [pool-3-thread-1] INFO  com.rs.mv.mvvs.client.catalog.from.config.MappingConfigReader - [client:400207]parse mapping config information
2024-12-09 21:49:35.113 [pool-3-thread-1] INFO  com.rs.mv.mvvs.client.catalog.manager.U2CatalogManager - [client:400202]start a schedule task to get global/local catalog for sucrase, its period 5s 
2024-12-09 21:49:35.114 [pool-3-thread-1] INFO  com.rs.mv.mvvs.client.catalog.manager.U2CatalogManager - [client:400203]cache file auto update thread launch in dist account
2024-12-09 21:49:35.115 [pool-3-thread-1] INFO  com.rs.mv.mvvs.client.catalog.from.config.DirsConfigReader - [client:400206]parse dir config information
2024-12-09 21:49:35.115 [pool-3-thread-1] INFO  com.rs.mv.mvvs.client.catalog.from.config.MappingConfigReader - [client:400207]parse mapping config information
2024-12-09 21:49:35.116 [pool-3-thread-1] INFO  com.rs.mv.mvvs.client.catalog.manager.U2CatalogManager - [client:400202]start a schedule task to get global/local catalog for dist, its period 5s 
2024-12-09 21:49:35.116 [pool-3-thread-1] INFO  com.rs.mv.mvvs.client.catalog.manager.U2CatalogManager - [client:400203]cache file auto update thread launch in esm account
2024-12-09 21:49:35.122 [pool-3-thread-1] INFO  com.rs.mv.mvvs.client.catalog.from.config.DirsConfigReader - [client:400206]parse dir config information
2024-12-09 21:49:35.124 [pool-3-thread-1] INFO  com.rs.mv.mvvs.client.catalog.from.config.MappingConfigReader - [client:400207]parse mapping config information
2024-12-09 21:49:35.125 [pool-3-thread-1] INFO  com.rs.mv.mvvs.client.catalog.manager.U2CatalogManager - [client:400202]start a schedule task to get global/local catalog for esm, its period 5s 
2024-12-09 21:49:35.125 [pool-3-thread-1] INFO  com.rs.mv.mvvs.client.catalog.manager.U2CatalogManager - [client:400203]cache file auto update thread launch in parser account
2024-12-09 21:49:35.126 [pool-3-thread-1] INFO  com.rs.mv.mvvs.client.catalog.from.config.DirsConfigReader - [client:400206]parse dir config information
2024-12-09 21:49:35.127 [pool-3-thread-1] INFO  com.rs.mv.mvvs.client.catalog.from.config.MappingConfigReader - [client:400207]parse mapping config information
2024-12-09 21:49:35.127 [pool-3-thread-1] INFO  com.rs.mv.mvvs.client.catalog.manager.U2CatalogManager - [client:400202]start a schedule task to get global/local catalog for parser, its period 5s 
2024-12-09 21:49:35.128 [pool-3-thread-1] INFO  com.rs.mv.mvvs.client.catalog.manager.U2CatalogManager - [client:400203]cache file auto update thread launch in plugins account
2024-12-09 21:49:35.129 [pool-3-thread-1] INFO  com.rs.mv.mvvs.client.catalog.from.config.DirsConfigReader - [client:400206]parse dir config information
2024-12-09 21:49:35.129 [pool-3-thread-1] INFO  com.rs.mv.mvvs.client.catalog.from.config.MappingConfigReader - [client:400207]parse mapping config information
2024-12-09 21:49:35.130 [pool-3-thread-1] INFO  com.rs.mv.mvvs.client.catalog.manager.U2CatalogManager - [client:400202]start a schedule task to get global/local catalog for plugins, its period 5s 
2024-12-09 21:49:35.130 [pool-3-thread-1] INFO  com.rs.mv.mvvs.client.catalog.manager.U2CatalogManager - [client:400203]cache file auto update thread launch in parser account
2024-12-09 21:49:35.131 [pool-3-thread-1] INFO  com.rs.mv.mvvs.client.catalog.from.config.DirsConfigReader - [client:400206]parse dir config information
2024-12-09 21:49:35.131 [pool-3-thread-1] INFO  com.rs.mv.mvvs.client.catalog.from.config.MappingConfigReader - [client:400207]parse mapping config information
2024-12-09 21:49:35.132 [pool-3-thread-1] INFO  com.rs.mv.mvvs.client.catalog.manager.U2CatalogManager - [client:400202]start a schedule task to get global/local catalog for parser, its period 5s 
2024-12-09 21:49:35.133 [pool-3-thread-1] INFO  com.rs.mv.mvvs.client.catalog.manager.U2CatalogManager - [client:400203]cache file auto update thread launch in plugins account
2024-12-09 21:49:35.133 [pool-3-thread-1] INFO  com.rs.mv.mvvs.client.catalog.from.config.DirsConfigReader - [client:400206]parse dir config information
2024-12-09 21:49:35.133 [pool-3-thread-1] INFO  com.rs.mv.mvvs.client.catalog.from.config.MappingConfigReader - [client:400207]parse mapping config information
2024-12-09 21:49:35.134 [pool-3-thread-1] INFO  com.rs.mv.mvvs.client.catalog.manager.U2CatalogManager - [client:400202]start a schedule task to get global/local catalog for plugins, its period 5s 
2024-12-09 21:49:35.135 [pool-3-thread-1] INFO  com.rs.mv.mvvs.client.catalog.manager.U2CatalogManager - [client:400203]cache file auto update thread launch in types account
2024-12-09 21:49:35.135 [pool-3-thread-1] INFO  com.rs.mv.mvvs.client.catalog.from.config.DirsConfigReader - [client:400206]parse dir config information
2024-12-09 21:49:35.136 [pool-3-thread-1] INFO  com.rs.mv.mvvs.client.catalog.from.config.MappingConfigReader - [client:400207]parse mapping config information
2024-12-09 21:49:35.136 [pool-3-thread-1] INFO  com.rs.mv.mvvs.client.catalog.manager.U2CatalogManager - [client:400202]start a schedule task to get global/local catalog for types, its period 5s 
2024-12-09 21:49:35.137 [pool-3-thread-1] INFO  com.rs.mv.mvvs.client.catalog.manager.U2CatalogManager - [client:400203]cache file auto update thread launch in parser account
2024-12-09 21:49:35.138 [pool-3-thread-1] INFO  com.rs.mv.mvvs.client.catalog.from.config.DirsConfigReader - [client:400206]parse dir config information
2024-12-09 21:49:35.138 [pool-3-thread-1] INFO  com.rs.mv.mvvs.client.catalog.from.config.MappingConfigReader - [client:400207]parse mapping config information
2024-12-09 21:49:35.139 [pool-3-thread-1] INFO  com.rs.mv.mvvs.client.catalog.manager.U2CatalogManager - [client:400202]start a schedule task to get global/local catalog for parser, its period 5s 
2024-12-09 21:49:35.140 [pool-3-thread-1] INFO  com.rs.mv.mvvs.client.catalog.manager.U2CatalogManager - [client:400203]cache file auto update thread launch in plugins account
2024-12-09 21:49:35.141 [pool-3-thread-1] INFO  com.rs.mv.mvvs.client.catalog.from.config.DirsConfigReader - [client:400206]parse dir config information
2024-12-09 21:49:35.141 [pool-3-thread-1] INFO  com.rs.mv.mvvs.client.catalog.from.config.MappingConfigReader - [client:400207]parse mapping config information
2024-12-09 21:49:35.142 [pool-3-thread-1] INFO  com.rs.mv.mvvs.client.catalog.manager.U2CatalogManager - [client:400202]start a schedule task to get global/local catalog for plugins, its period 5s 
2024-12-09 21:49:35.142 [pool-3-thread-1] INFO  com.rs.mv.mvvs.client.catalog.manager.U2CatalogManager - [client:400203]cache file auto update thread launch in supports-preserve-symlinks-flag account
2024-12-09 21:49:35.143 [pool-3-thread-1] INFO  com.rs.mv.mvvs.client.catalog.from.config.DirsConfigReader - [client:400206]parse dir config information
2024-12-09 21:49:35.143 [pool-3-thread-1] INFO  com.rs.mv.mvvs.client.catalog.from.config.MappingConfigReader - [client:400207]parse mapping config information
2024-12-09 21:49:35.145 [pool-3-thread-1] INFO  com.rs.mv.mvvs.client.catalog.manager.U2CatalogManager - [client:400202]start a schedule task to get global/local catalog for supports-preserve-symlinks-flag, its period 5s 
2024-12-09 21:49:35.148 [pool-3-thread-1] INFO  com.rs.mv.mvvs.client.catalog.manager.U2CatalogManager - [client:400203]cache file auto update thread launch in tailwindcss account
2024-12-09 21:49:35.148 [pool-3-thread-1] INFO  com.rs.mv.mvvs.client.catalog.from.config.DirsConfigReader - [client:400206]parse dir config information
2024-12-09 21:49:35.150 [pool-3-thread-1] INFO  com.rs.mv.mvvs.client.catalog.from.config.MappingConfigReader - [client:400207]parse mapping config information
2024-12-09 21:49:35.151 [pool-3-thread-1] INFO  com.rs.mv.mvvs.client.catalog.manager.U2CatalogManager - [client:400202]start a schedule task to get global/local catalog for tailwindcss, its period 5s 
2024-12-09 21:49:35.152 [pool-3-thread-1] INFO  com.rs.mv.mvvs.client.catalog.manager.U2CatalogManager - [client:400203]cache file auto update thread launch in lib account
2024-12-09 21:49:35.153 [pool-3-thread-1] INFO  com.rs.mv.mvvs.client.catalog.from.config.DirsConfigReader - [client:400206]parse dir config information
2024-12-09 21:49:35.153 [pool-3-thread-1] INFO  com.rs.mv.mvvs.client.catalog.from.config.MappingConfigReader - [client:400207]parse mapping config information
2024-12-09 21:49:35.154 [pool-3-thread-1] INFO  com.rs.mv.mvvs.client.catalog.manager.U2CatalogManager - [client:400202]start a schedule task to get global/local catalog for lib, its period 5s 
2024-12-09 21:49:35.155 [pool-3-thread-1] INFO  com.rs.mv.mvvs.client.catalog.manager.U2CatalogManager - [client:400203]cache file auto update thread launch in cli account
2024-12-09 21:49:35.155 [pool-3-thread-1] INFO  com.rs.mv.mvvs.client.catalog.from.config.DirsConfigReader - [client:400206]parse dir config information
2024-12-09 21:49:35.156 [pool-3-thread-1] INFO  com.rs.mv.mvvs.client.catalog.from.config.MappingConfigReader - [client:400207]parse mapping config information
2024-12-09 21:49:35.157 [pool-3-thread-1] INFO  com.rs.mv.mvvs.client.catalog.manager.U2CatalogManager - [client:400202]start a schedule task to get global/local catalog for cli, its period 5s 
2024-12-09 21:49:35.158 [pool-3-thread-1] INFO  com.rs.mv.mvvs.client.catalog.manager.U2CatalogManager - [client:400203]cache file auto update thread launch in postcss-plugins account
2024-12-09 21:49:35.158 [pool-3-thread-1] INFO  com.rs.mv.mvvs.client.catalog.from.config.DirsConfigReader - [client:400206]parse dir config information
2024-12-09 21:49:35.159 [pool-3-thread-1] INFO  com.rs.mv.mvvs.client.catalog.from.config.MappingConfigReader - [client:400207]parse mapping config information
2024-12-09 21:49:35.160 [pool-3-thread-1] INFO  com.rs.mv.mvvs.client.catalog.manager.U2CatalogManager - [client:400202]start a schedule task to get global/local catalog for postcss-plugins, its period 5s 
2024-12-09 21:49:35.161 [pool-3-thread-1] INFO  com.rs.mv.mvvs.client.catalog.manager.U2CatalogManager - [client:400203]cache file auto update thread launch in src account
2024-12-09 21:49:35.162 [pool-3-thread-1] INFO  com.rs.mv.mvvs.client.catalog.from.config.DirsConfigReader - [client:400206]parse dir config information
2024-12-09 21:49:35.162 [pool-3-thread-1] INFO  com.rs.mv.mvvs.client.catalog.from.config.MappingConfigReader - [client:400207]parse mapping config information
2024-12-09 21:49:35.166 [pool-3-thread-1] INFO  com.rs.mv.mvvs.client.catalog.manager.U2CatalogManager - [client:400202]start a schedule task to get global/local catalog for src, its period 5s 
2024-12-09 21:49:35.168 [pool-3-thread-1] INFO  com.rs.mv.mvvs.client.catalog.manager.U2CatalogManager - [client:400203]cache file auto update thread launch in cli account
2024-12-09 21:49:35.170 [pool-3-thread-1] INFO  com.rs.mv.mvvs.client.catalog.from.config.DirsConfigReader - [client:400206]parse dir config information
2024-12-09 21:49:35.172 [pool-3-thread-1] INFO  com.rs.mv.mvvs.client.catalog.from.config.MappingConfigReader - [client:400207]parse mapping config information
2024-12-09 21:49:35.182 [pool-3-thread-1] INFO  com.rs.mv.mvvs.client.catalog.manager.U2CatalogManager - [client:400202]start a schedule task to get global/local catalog for cli, its period 5s 
2024-12-09 21:49:35.182 [pool-3-thread-1] INFO  com.rs.mv.mvvs.client.catalog.manager.U2CatalogManager - [client:400203]cache file auto update thread launch in postcss-plugins account
2024-12-09 21:49:35.183 [pool-3-thread-1] INFO  com.rs.mv.mvvs.client.catalog.from.config.DirsConfigReader - [client:400206]parse dir config information
2024-12-09 21:49:35.184 [pool-3-thread-1] INFO  com.rs.mv.mvvs.client.catalog.from.config.MappingConfigReader - [client:400207]parse mapping config information
2024-12-09 21:49:35.184 [pool-3-thread-1] INFO  com.rs.mv.mvvs.client.catalog.manager.U2CatalogManager - [client:400202]start a schedule task to get global/local catalog for postcss-plugins, its period 5s 
2024-12-09 21:49:35.185 [pool-3-thread-1] INFO  com.rs.mv.mvvs.client.catalog.manager.U2CatalogManager - [client:400203]cache file auto update thread launch in types account
2024-12-09 21:49:35.185 [pool-3-thread-1] INFO  com.rs.mv.mvvs.client.catalog.from.config.DirsConfigReader - [client:400206]parse dir config information
2024-12-09 21:49:35.186 [pool-3-thread-1] INFO  com.rs.mv.mvvs.client.catalog.from.config.MappingConfigReader - [client:400207]parse mapping config information
2024-12-09 21:49:35.188 [pool-3-thread-1] INFO  com.rs.mv.mvvs.client.catalog.manager.U2CatalogManager - [client:400202]start a schedule task to get global/local catalog for types, its period 5s 
2024-12-09 21:49:35.191 [pool-3-thread-1] INFO  com.rs.mv.mvvs.client.catalog.manager.U2CatalogManager - [client:400203]cache file auto update thread launch in ts-interface-checker account
2024-12-09 21:49:35.192 [pool-3-thread-1] INFO  com.rs.mv.mvvs.client.catalog.from.config.DirsConfigReader - [client:400206]parse dir config information
2024-12-09 21:49:35.192 [pool-3-thread-1] INFO  com.rs.mv.mvvs.client.catalog.from.config.MappingConfigReader - [client:400207]parse mapping config information
2024-12-09 21:49:35.193 [pool-3-thread-1] INFO  com.rs.mv.mvvs.client.catalog.manager.U2CatalogManager - [client:400202]start a schedule task to get global/local catalog for ts-interface-checker, its period 5s 
2024-12-09 21:49:35.195 [pool-3-thread-1] INFO  com.rs.mv.mvvs.client.catalog.manager.U2CatalogManager - [client:400203]cache file auto update thread launch in which account
2024-12-09 21:49:35.195 [pool-3-thread-1] INFO  com.rs.mv.mvvs.client.catalog.from.config.DirsConfigReader - [client:400206]parse dir config information
2024-12-09 21:49:35.196 [pool-3-thread-1] INFO  com.rs.mv.mvvs.client.catalog.from.config.MappingConfigReader - [client:400207]parse mapping config information
2024-12-09 21:49:35.196 [pool-3-thread-1] INFO  com.rs.mv.mvvs.client.catalog.manager.U2CatalogManager - [client:400202]start a schedule task to get global/local catalog for which, its period 5s 
2024-12-09 21:49:35.197 [pool-3-thread-1] INFO  com.rs.mv.mvvs.client.catalog.manager.U2CatalogManager - [client:400203]cache file auto update thread launch in wrap-ansi-cjs account
2024-12-09 21:49:35.197 [pool-3-thread-1] INFO  com.rs.mv.mvvs.client.catalog.from.config.DirsConfigReader - [client:400206]parse dir config information
2024-12-09 21:49:35.198 [pool-3-thread-1] INFO  com.rs.mv.mvvs.client.catalog.from.config.MappingConfigReader - [client:400207]parse mapping config information
2024-12-09 21:49:35.198 [pool-3-thread-1] INFO  com.rs.mv.mvvs.client.catalog.manager.U2CatalogManager - [client:400202]start a schedule task to get global/local catalog for wrap-ansi-cjs, its period 5s 
2024-12-09 21:49:35.199 [pool-3-thread-1] INFO  com.rs.mv.mvvs.client.catalog.manager.U2CatalogManager - [client:400203]cache file auto update thread launch in node_modules account
2024-12-09 21:49:35.199 [pool-3-thread-1] INFO  com.rs.mv.mvvs.client.catalog.from.config.DirsConfigReader - [client:400206]parse dir config information
2024-12-09 21:49:35.200 [pool-3-thread-1] INFO  com.rs.mv.mvvs.client.catalog.from.config.MappingConfigReader - [client:400207]parse mapping config information
2024-12-09 21:49:35.200 [pool-3-thread-1] INFO  com.rs.mv.mvvs.client.catalog.manager.U2CatalogManager - [client:400202]start a schedule task to get global/local catalog for node_modules, its period 5s 
2024-12-09 21:49:35.201 [pool-3-thread-1] INFO  com.rs.mv.mvvs.client.catalog.manager.U2CatalogManager - [client:400203]cache file auto update thread launch in emoji-regex account
2024-12-09 21:49:35.202 [pool-3-thread-1] INFO  com.rs.mv.mvvs.client.catalog.from.config.DirsConfigReader - [client:400206]parse dir config information
2024-12-09 21:49:35.202 [pool-3-thread-1] INFO  com.rs.mv.mvvs.client.catalog.from.config.MappingConfigReader - [client:400207]parse mapping config information
2024-12-09 21:49:35.203 [pool-3-thread-1] INFO  com.rs.mv.mvvs.client.catalog.manager.U2CatalogManager - [client:400202]start a schedule task to get global/local catalog for emoji-regex, its period 5s 
2024-12-09 21:49:35.206 [pool-3-thread-1] INFO  com.rs.mv.mvvs.client.catalog.manager.U2CatalogManager - [client:400203]cache file auto update thread launch in yaml account
2024-12-09 21:49:35.206 [pool-3-thread-1] INFO  com.rs.mv.mvvs.client.catalog.from.config.DirsConfigReader - [client:400206]parse dir config information
2024-12-09 21:49:35.207 [pool-3-thread-1] INFO  com.rs.mv.mvvs.client.catalog.from.config.MappingConfigReader - [client:400207]parse mapping config information
2024-12-09 21:49:35.208 [pool-3-thread-1] INFO  com.rs.mv.mvvs.client.catalog.manager.U2CatalogManager - [client:400202]start a schedule task to get global/local catalog for yaml, its period 5s 
2024-12-09 21:49:35.208 [pool-3-thread-1] INFO  com.rs.mv.mvvs.client.catalog.manager.U2CatalogManager - [client:400203]cache file auto update thread launch in browser account
2024-12-09 21:49:35.209 [pool-3-thread-1] INFO  com.rs.mv.mvvs.client.catalog.from.config.DirsConfigReader - [client:400206]parse dir config information
2024-12-09 21:49:35.209 [pool-3-thread-1] INFO  com.rs.mv.mvvs.client.catalog.from.config.MappingConfigReader - [client:400207]parse mapping config information
2024-12-09 21:49:35.210 [pool-3-thread-1] INFO  com.rs.mv.mvvs.client.catalog.manager.U2CatalogManager - [client:400202]start a schedule task to get global/local catalog for browser, its period 5s 
2024-12-09 21:49:35.211 [pool-3-thread-1] INFO  com.rs.mv.mvvs.client.catalog.manager.U2CatalogManager - [client:400203]cache file auto update thread launch in dist account
2024-12-09 21:49:35.211 [pool-3-thread-1] INFO  com.rs.mv.mvvs.client.catalog.from.config.DirsConfigReader - [client:400206]parse dir config information
2024-12-09 21:49:35.211 [pool-3-thread-1] INFO  com.rs.mv.mvvs.client.catalog.from.config.MappingConfigReader - [client:400207]parse mapping config information
2024-12-09 21:49:35.212 [pool-3-thread-1] INFO  com.rs.mv.mvvs.client.catalog.manager.U2CatalogManager - [client:400202]start a schedule task to get global/local catalog for dist, its period 5s 
2024-12-09 21:49:35.213 [pool-3-thread-1] INFO  com.rs.mv.mvvs.client.catalog.manager.U2CatalogManager - [client:400203]cache file auto update thread launch in schema account
2024-12-09 21:49:35.213 [pool-3-thread-1] INFO  com.rs.mv.mvvs.client.catalog.from.config.DirsConfigReader - [client:400206]parse dir config information
2024-12-09 21:49:35.214 [pool-3-thread-1] INFO  com.rs.mv.mvvs.client.catalog.from.config.MappingConfigReader - [client:400207]parse mapping config information
2024-12-09 21:49:35.214 [pool-3-thread-1] INFO  com.rs.mv.mvvs.client.catalog.manager.U2CatalogManager - [client:400202]start a schedule task to get global/local catalog for schema, its period 5s 
2024-12-09 21:49:35.215 [pool-3-thread-1] INFO  com.rs.mv.mvvs.client.catalog.manager.U2CatalogManager - [client:400203]cache file auto update thread launch in dist account
2024-12-09 21:49:35.216 [pool-3-thread-1] INFO  com.rs.mv.mvvs.client.catalog.from.config.DirsConfigReader - [client:400206]parse dir config information
2024-12-09 21:49:35.216 [pool-3-thread-1] INFO  com.rs.mv.mvvs.client.catalog.from.config.MappingConfigReader - [client:400207]parse mapping config information
2024-12-09 21:49:35.217 [pool-3-thread-1] INFO  com.rs.mv.mvvs.client.catalog.manager.U2CatalogManager - [client:400202]start a schedule task to get global/local catalog for dist, its period 5s 
2024-12-09 21:49:35.217 [pool-3-thread-1] INFO  com.rs.mv.mvvs.client.catalog.manager.U2CatalogManager - [client:400203]cache file auto update thread launch in schema account
2024-12-09 21:49:35.218 [pool-3-thread-1] INFO  com.rs.mv.mvvs.client.catalog.from.config.DirsConfigReader - [client:400206]parse dir config information
2024-12-09 21:49:35.230 [pool-3-thread-1] INFO  com.rs.mv.mvvs.client.catalog.from.config.MappingConfigReader - [client:400207]parse mapping config information
2024-12-09 21:49:35.230 [pool-3-thread-1] INFO  com.rs.mv.mvvs.client.catalog.manager.U2CatalogManager - [client:400202]start a schedule task to get global/local catalog for schema, its period 5s 
2024-12-09 21:49:35.231 [pool-3-thread-1] INFO  com.rs.mv.mvvs.client.catalog.manager.U2CatalogManager - [client:400203]cache file auto update thread launch in tests account
2024-12-09 21:49:35.234 [pool-3-thread-1] INFO  com.rs.mv.mvvs.client.catalog.from.config.DirsConfigReader - [client:400206]parse dir config information
2024-12-09 21:49:35.234 [pool-3-thread-1] INFO  com.rs.mv.mvvs.client.catalog.from.config.MappingConfigReader - [client:400207]parse mapping config information
2024-12-09 21:49:35.235 [pool-3-thread-1] INFO  com.rs.mv.mvvs.client.catalog.manager.U2CatalogManager - [client:400202]start a schedule task to get global/local catalog for tests, its period 5s 
2024-12-09 21:49:35.236 [pool-3-thread-1] INFO  com.rs.mv.mvvs.client.catalog.manager.U2CatalogManager - [client:400203]cache file auto update thread launch in _support account
2024-12-09 21:49:35.237 [pool-3-thread-1] INFO  com.rs.mv.mvvs.client.catalog.from.config.DirsConfigReader - [client:400206]parse dir config information
2024-12-09 21:49:35.237 [pool-3-thread-1] INFO  com.rs.mv.mvvs.client.catalog.from.config.MappingConfigReader - [client:400207]parse mapping config information
2024-12-09 21:49:35.238 [pool-3-thread-1] INFO  com.rs.mv.mvvs.client.catalog.manager.U2CatalogManager - [client:400202]start a schedule task to get global/local catalog for _support, its period 5s 
2024-12-09 21:49:35.239 [pool-3-thread-1] INFO  com.rs.mv.mvvs.client.catalog.manager.U2CatalogManager - [client:400203]cache file auto update thread launch in Database account
2024-12-09 21:49:35.239 [pool-3-thread-1] INFO  com.rs.mv.mvvs.client.catalog.from.config.DirsConfigReader - [client:400206]parse dir config information
2024-12-09 21:49:35.240 [pool-3-thread-1] INFO  com.rs.mv.mvvs.client.catalog.from.config.MappingConfigReader - [client:400207]parse mapping config information
2024-12-09 21:49:35.240 [pool-3-thread-1] INFO  com.rs.mv.mvvs.client.catalog.manager.U2CatalogManager - [client:400202]start a schedule task to get global/local catalog for Database, its period 5s 
2024-12-09 21:49:35.241 [pool-3-thread-1] INFO  com.rs.mv.mvvs.client.catalog.manager.U2CatalogManager - [client:400203]cache file auto update thread launch in vendor account
2024-12-09 21:49:35.241 [pool-3-thread-1] INFO  com.rs.mv.mvvs.client.catalog.from.config.DirsConfigReader - [client:400206]parse dir config information
2024-12-09 21:49:35.242 [pool-3-thread-1] INFO  com.rs.mv.mvvs.client.catalog.from.config.MappingConfigReader - [client:400207]parse mapping config information
2024-12-09 21:49:35.242 [pool-3-thread-1] INFO  com.rs.mv.mvvs.client.catalog.manager.U2CatalogManager - [client:400202]start a schedule task to get global/local catalog for vendor, its period 5s 
2024-12-09 21:49:35.243 [pool-3-thread-1] INFO  com.rs.mv.mvvs.client.catalog.manager.U2CatalogManager - [client:400203]cache file auto update thread launch in codeigniter4 account
2024-12-09 21:49:35.243 [pool-3-thread-1] INFO  com.rs.mv.mvvs.client.catalog.from.config.DirsConfigReader - [client:400206]parse dir config information
2024-12-09 21:49:35.243 [pool-3-thread-1] INFO  com.rs.mv.mvvs.client.catalog.from.config.MappingConfigReader - [client:400207]parse mapping config information
2024-12-09 21:49:35.244 [pool-3-thread-1] INFO  com.rs.mv.mvvs.client.catalog.manager.U2CatalogManager - [client:400202]start a schedule task to get global/local catalog for codeigniter4, its period 5s 
2024-12-09 21:49:35.245 [pool-3-thread-1] INFO  com.rs.mv.mvvs.client.catalog.manager.U2CatalogManager - [client:400203]cache file auto update thread launch in framework account
2024-12-09 21:49:35.245 [pool-3-thread-1] INFO  com.rs.mv.mvvs.client.catalog.from.config.DirsConfigReader - [client:400206]parse dir config information
2024-12-09 21:49:35.245 [pool-3-thread-1] INFO  com.rs.mv.mvvs.client.catalog.from.config.MappingConfigReader - [client:400207]parse mapping config information
2024-12-09 21:49:35.246 [pool-3-thread-1] INFO  com.rs.mv.mvvs.client.catalog.manager.U2CatalogManager - [client:400202]start a schedule task to get global/local catalog for framework, its period 5s 
2024-12-09 21:49:35.246 [pool-3-thread-1] INFO  com.rs.mv.mvvs.client.catalog.manager.U2CatalogManager - [client:400203]cache file auto update thread launch in app account
2024-12-09 21:49:35.247 [pool-3-thread-1] INFO  com.rs.mv.mvvs.client.catalog.from.config.DirsConfigReader - [client:400206]parse dir config information
2024-12-09 21:49:35.247 [pool-3-thread-1] INFO  com.rs.mv.mvvs.client.catalog.from.config.MappingConfigReader - [client:400207]parse mapping config information
2024-12-09 21:49:35.248 [pool-3-thread-1] INFO  com.rs.mv.mvvs.client.catalog.manager.U2CatalogManager - [client:400202]start a schedule task to get global/local catalog for app, its period 5s 
2024-12-09 21:49:35.248 [pool-3-thread-1] INFO  com.rs.mv.mvvs.client.catalog.manager.U2CatalogManager - [client:400203]cache file auto update thread launch in Config account
2024-12-09 21:49:35.249 [pool-3-thread-1] INFO  com.rs.mv.mvvs.client.catalog.from.config.DirsConfigReader - [client:400206]parse dir config information
2024-12-09 21:49:35.249 [pool-3-thread-1] INFO  com.rs.mv.mvvs.client.catalog.from.config.MappingConfigReader - [client:400207]parse mapping config information
2024-12-09 21:49:35.249 [pool-3-thread-1] INFO  com.rs.mv.mvvs.client.catalog.manager.U2CatalogManager - [client:400202]start a schedule task to get global/local catalog for Config, its period 5s 
2024-12-09 21:49:35.250 [pool-3-thread-1] INFO  com.rs.mv.mvvs.client.catalog.manager.U2CatalogManager - [client:400203]cache file auto update thread launch in Database account
2024-12-09 21:49:35.250 [pool-3-thread-1] INFO  com.rs.mv.mvvs.client.catalog.from.config.DirsConfigReader - [client:400206]parse dir config information
2024-12-09 21:49:35.251 [pool-3-thread-1] INFO  com.rs.mv.mvvs.client.catalog.from.config.MappingConfigReader - [client:400207]parse mapping config information
2024-12-09 21:49:35.251 [pool-3-thread-1] INFO  com.rs.mv.mvvs.client.catalog.manager.U2CatalogManager - [client:400202]start a schedule task to get global/local catalog for Database, its period 5s 
2024-12-09 21:49:35.252 [pool-3-thread-1] INFO  com.rs.mv.mvvs.client.catalog.manager.U2CatalogManager - [client:400203]cache file auto update thread launch in Language account
2024-12-09 21:49:35.252 [pool-3-thread-1] INFO  com.rs.mv.mvvs.client.catalog.from.config.DirsConfigReader - [client:400206]parse dir config information
2024-12-09 21:49:35.252 [pool-3-thread-1] INFO  com.rs.mv.mvvs.client.catalog.from.config.MappingConfigReader - [client:400207]parse mapping config information
2024-12-09 21:49:35.253 [pool-3-thread-1] INFO  com.rs.mv.mvvs.client.catalog.manager.U2CatalogManager - [client:400202]start a schedule task to get global/local catalog for Language, its period 5s 
2024-12-09 21:49:35.254 [pool-3-thread-1] INFO  com.rs.mv.mvvs.client.catalog.manager.U2CatalogManager - [client:400203]cache file auto update thread launch in Views account
2024-12-09 21:49:35.254 [pool-3-thread-1] INFO  com.rs.mv.mvvs.client.catalog.from.config.DirsConfigReader - [client:400206]parse dir config information
2024-12-09 21:49:35.254 [pool-3-thread-1] INFO  com.rs.mv.mvvs.client.catalog.from.config.MappingConfigReader - [client:400207]parse mapping config information
2024-12-09 21:49:35.255 [pool-3-thread-1] INFO  com.rs.mv.mvvs.client.catalog.manager.U2CatalogManager - [client:400202]start a schedule task to get global/local catalog for Views, its period 5s 
2024-12-09 21:49:35.255 [pool-3-thread-1] INFO  com.rs.mv.mvvs.client.catalog.manager.U2CatalogManager - [client:400203]cache file auto update thread launch in errors account
2024-12-09 21:49:35.256 [pool-3-thread-1] INFO  com.rs.mv.mvvs.client.catalog.from.config.DirsConfigReader - [client:400206]parse dir config information
2024-12-09 21:49:35.256 [pool-3-thread-1] INFO  com.rs.mv.mvvs.client.catalog.from.config.MappingConfigReader - [client:400207]parse mapping config information
2024-12-09 21:49:35.257 [pool-3-thread-1] INFO  com.rs.mv.mvvs.client.catalog.manager.U2CatalogManager - [client:400202]start a schedule task to get global/local catalog for errors, its period 5s 
2024-12-09 21:49:35.257 [pool-3-thread-1] INFO  com.rs.mv.mvvs.client.catalog.manager.U2CatalogManager - [client:400203]cache file auto update thread launch in system account
2024-12-09 21:49:35.258 [pool-3-thread-1] INFO  com.rs.mv.mvvs.client.catalog.from.config.DirsConfigReader - [client:400206]parse dir config information
2024-12-09 21:49:35.258 [pool-3-thread-1] INFO  com.rs.mv.mvvs.client.catalog.from.config.MappingConfigReader - [client:400207]parse mapping config information
2024-12-09 21:49:35.259 [pool-3-thread-1] INFO  com.rs.mv.mvvs.client.catalog.manager.U2CatalogManager - [client:400202]start a schedule task to get global/local catalog for system, its period 5s 
2024-12-09 21:49:35.259 [pool-3-thread-1] INFO  com.rs.mv.mvvs.client.catalog.manager.U2CatalogManager - [client:400203]cache file auto update thread launch in Cache account
2024-12-09 21:49:35.260 [pool-3-thread-1] INFO  com.rs.mv.mvvs.client.catalog.from.config.DirsConfigReader - [client:400206]parse dir config information
2024-12-09 21:49:35.260 [pool-3-thread-1] INFO  com.rs.mv.mvvs.client.catalog.from.config.MappingConfigReader - [client:400207]parse mapping config information
2024-12-09 21:49:35.260 [pool-3-thread-1] INFO  com.rs.mv.mvvs.client.catalog.manager.U2CatalogManager - [client:400202]start a schedule task to get global/local catalog for Cache, its period 5s 
2024-12-09 21:49:35.261 [pool-3-thread-1] INFO  com.rs.mv.mvvs.client.catalog.manager.U2CatalogManager - [client:400203]cache file auto update thread launch in CLI account
2024-12-09 21:49:35.261 [pool-3-thread-1] INFO  com.rs.mv.mvvs.client.catalog.from.config.DirsConfigReader - [client:400206]parse dir config information
2024-12-09 21:49:35.262 [pool-3-thread-1] INFO  com.rs.mv.mvvs.client.catalog.from.config.MappingConfigReader - [client:400207]parse mapping config information
2024-12-09 21:49:35.262 [pool-3-thread-1] INFO  com.rs.mv.mvvs.client.catalog.manager.U2CatalogManager - [client:400202]start a schedule task to get global/local catalog for CLI, its period 5s 
2024-12-09 21:49:35.263 [pool-3-thread-1] INFO  com.rs.mv.mvvs.client.catalog.manager.U2CatalogManager - [client:400203]cache file auto update thread launch in Commands account
2024-12-09 21:49:35.263 [pool-3-thread-1] INFO  com.rs.mv.mvvs.client.catalog.from.config.DirsConfigReader - [client:400206]parse dir config information
2024-12-09 21:49:35.263 [pool-3-thread-1] INFO  com.rs.mv.mvvs.client.catalog.from.config.MappingConfigReader - [client:400207]parse mapping config information
2024-12-09 21:49:35.264 [pool-3-thread-1] INFO  com.rs.mv.mvvs.client.catalog.manager.U2CatalogManager - [client:400202]start a schedule task to get global/local catalog for Commands, its period 5s 
2024-12-09 21:49:35.268 [pool-3-thread-1] INFO  com.rs.mv.mvvs.client.catalog.manager.U2CatalogManager - [client:400203]cache file auto update thread launch in Generators account
2024-12-09 21:49:35.269 [pool-3-thread-1] INFO  com.rs.mv.mvvs.client.catalog.from.config.DirsConfigReader - [client:400206]parse dir config information
2024-12-09 21:49:35.269 [pool-3-thread-1] INFO  com.rs.mv.mvvs.client.catalog.from.config.MappingConfigReader - [client:400207]parse mapping config information
2024-12-09 21:49:35.270 [pool-3-thread-1] INFO  com.rs.mv.mvvs.client.catalog.manager.U2CatalogManager - [client:400202]start a schedule task to get global/local catalog for Generators, its period 5s 
2024-12-09 21:49:35.270 [pool-3-thread-1] INFO  com.rs.mv.mvvs.client.catalog.manager.U2CatalogManager - [client:400203]cache file auto update thread launch in Utilities account
2024-12-09 21:49:35.271 [pool-3-thread-1] INFO  com.rs.mv.mvvs.client.catalog.from.config.DirsConfigReader - [client:400206]parse dir config information
2024-12-09 21:49:35.271 [pool-3-thread-1] INFO  com.rs.mv.mvvs.client.catalog.from.config.MappingConfigReader - [client:400207]parse mapping config information
2024-12-09 21:49:35.272 [pool-3-thread-1] INFO  com.rs.mv.mvvs.client.catalog.manager.U2CatalogManager - [client:400202]start a schedule task to get global/local catalog for Utilities, its period 5s 
2024-12-09 21:49:35.273 [pool-3-thread-1] INFO  com.rs.mv.mvvs.client.catalog.manager.U2CatalogManager - [client:400203]cache file auto update thread launch in Routes account
2024-12-09 21:49:35.273 [pool-3-thread-1] INFO  com.rs.mv.mvvs.client.catalog.from.config.DirsConfigReader - [client:400206]parse dir config information
2024-12-09 21:49:35.274 [pool-3-thread-1] INFO  com.rs.mv.mvvs.client.catalog.from.config.MappingConfigReader - [client:400207]parse mapping config information
2024-12-09 21:49:35.274 [pool-3-thread-1] INFO  com.rs.mv.mvvs.client.catalog.manager.U2CatalogManager - [client:400202]start a schedule task to get global/local catalog for Routes, its period 5s 
2024-12-09 21:49:35.275 [pool-3-thread-1] INFO  com.rs.mv.mvvs.client.catalog.manager.U2CatalogManager - [client:400203]cache file auto update thread launch in Cookie account
2024-12-09 21:49:35.275 [pool-3-thread-1] INFO  com.rs.mv.mvvs.client.catalog.from.config.DirsConfigReader - [client:400206]parse dir config information
2024-12-09 21:49:35.275 [pool-3-thread-1] INFO  com.rs.mv.mvvs.client.catalog.from.config.MappingConfigReader - [client:400207]parse mapping config information
2024-12-09 21:49:35.276 [pool-3-thread-1] INFO  com.rs.mv.mvvs.client.catalog.manager.U2CatalogManager - [client:400202]start a schedule task to get global/local catalog for Cookie, its period 5s 
2024-12-09 21:49:35.277 [pool-3-thread-1] INFO  com.rs.mv.mvvs.client.catalog.manager.U2CatalogManager - [client:400203]cache file auto update thread launch in Database account
2024-12-09 21:49:35.277 [pool-3-thread-1] INFO  com.rs.mv.mvvs.client.catalog.from.config.DirsConfigReader - [client:400206]parse dir config information
2024-12-09 21:49:35.278 [pool-3-thread-1] INFO  com.rs.mv.mvvs.client.catalog.from.config.MappingConfigReader - [client:400207]parse mapping config information
2024-12-09 21:49:35.278 [pool-3-thread-1] INFO  com.rs.mv.mvvs.client.catalog.manager.U2CatalogManager - [client:400202]start a schedule task to get global/local catalog for Database, its period 5s 
2024-12-09 21:49:35.279 [pool-3-thread-1] INFO  com.rs.mv.mvvs.client.catalog.manager.U2CatalogManager - [client:400203]cache file auto update thread launch in DataCaster account
2024-12-09 21:49:35.279 [pool-3-thread-1] INFO  com.rs.mv.mvvs.client.catalog.from.config.DirsConfigReader - [client:400206]parse dir config information
2024-12-09 21:49:35.280 [pool-3-thread-1] INFO  com.rs.mv.mvvs.client.catalog.from.config.MappingConfigReader - [client:400207]parse mapping config information
2024-12-09 21:49:35.280 [pool-3-thread-1] INFO  com.rs.mv.mvvs.client.catalog.manager.U2CatalogManager - [client:400202]start a schedule task to get global/local catalog for DataCaster, its period 5s 
2024-12-09 21:49:35.281 [pool-3-thread-1] INFO  com.rs.mv.mvvs.client.catalog.manager.U2CatalogManager - [client:400203]cache file auto update thread launch in Debug account
2024-12-09 21:49:35.281 [pool-3-thread-1] INFO  com.rs.mv.mvvs.client.catalog.from.config.DirsConfigReader - [client:400206]parse dir config information
2024-12-09 21:49:35.282 [pool-3-thread-1] INFO  com.rs.mv.mvvs.client.catalog.from.config.MappingConfigReader - [client:400207]parse mapping config information
2024-12-09 21:49:35.283 [pool-3-thread-1] INFO  com.rs.mv.mvvs.client.catalog.manager.U2CatalogManager - [client:400202]start a schedule task to get global/local catalog for Debug, its period 5s 
2024-12-09 21:49:35.284 [pool-3-thread-1] INFO  com.rs.mv.mvvs.client.catalog.manager.U2CatalogManager - [client:400203]cache file auto update thread launch in Toolbar account
2024-12-09 21:49:35.285 [pool-3-thread-1] INFO  com.rs.mv.mvvs.client.catalog.from.config.DirsConfigReader - [client:400206]parse dir config information
2024-12-09 21:49:35.285 [pool-3-thread-1] INFO  com.rs.mv.mvvs.client.catalog.from.config.MappingConfigReader - [client:400207]parse mapping config information
2024-12-09 21:49:35.286 [pool-3-thread-1] INFO  com.rs.mv.mvvs.client.catalog.manager.U2CatalogManager - [client:400202]start a schedule task to get global/local catalog for Toolbar, its period 5s 
2024-12-09 21:49:35.286 [pool-3-thread-1] INFO  com.rs.mv.mvvs.client.catalog.manager.U2CatalogManager - [client:400203]cache file auto update thread launch in Encryption account
2024-12-09 21:49:35.287 [pool-3-thread-1] INFO  com.rs.mv.mvvs.client.catalog.from.config.DirsConfigReader - [client:400206]parse dir config information
2024-12-09 21:49:35.287 [pool-3-thread-1] INFO  com.rs.mv.mvvs.client.catalog.from.config.MappingConfigReader - [client:400207]parse mapping config information
2024-12-09 21:49:35.287 [pool-3-thread-1] INFO  com.rs.mv.mvvs.client.catalog.manager.U2CatalogManager - [client:400202]start a schedule task to get global/local catalog for Encryption, its period 5s 
2024-12-09 21:49:35.288 [pool-3-thread-1] INFO  com.rs.mv.mvvs.client.catalog.manager.U2CatalogManager - [client:400203]cache file auto update thread launch in Entity account
2024-12-09 21:49:35.289 [pool-3-thread-1] INFO  com.rs.mv.mvvs.client.catalog.from.config.DirsConfigReader - [client:400206]parse dir config information
2024-12-09 21:49:35.289 [pool-3-thread-1] INFO  com.rs.mv.mvvs.client.catalog.from.config.MappingConfigReader - [client:400207]parse mapping config information
2024-12-09 21:49:35.289 [pool-3-thread-1] INFO  com.rs.mv.mvvs.client.catalog.manager.U2CatalogManager - [client:400202]start a schedule task to get global/local catalog for Entity, its period 5s 
2024-12-09 21:49:35.290 [pool-3-thread-1] INFO  com.rs.mv.mvvs.client.catalog.manager.U2CatalogManager - [client:400203]cache file auto update thread launch in Files account
2024-12-09 21:49:35.290 [pool-3-thread-1] INFO  com.rs.mv.mvvs.client.catalog.from.config.DirsConfigReader - [client:400206]parse dir config information
2024-12-09 21:49:35.291 [pool-3-thread-1] INFO  com.rs.mv.mvvs.client.catalog.from.config.MappingConfigReader - [client:400207]parse mapping config information
2024-12-09 21:49:35.291 [pool-3-thread-1] INFO  com.rs.mv.mvvs.client.catalog.manager.U2CatalogManager - [client:400202]start a schedule task to get global/local catalog for Files, its period 5s 
2024-12-09 21:49:35.292 [pool-3-thread-1] INFO  com.rs.mv.mvvs.client.catalog.manager.U2CatalogManager - [client:400203]cache file auto update thread launch in Filters account
2024-12-09 21:49:35.292 [pool-3-thread-1] INFO  com.rs.mv.mvvs.client.catalog.from.config.DirsConfigReader - [client:400206]parse dir config information
2024-12-09 21:49:35.293 [pool-3-thread-1] INFO  com.rs.mv.mvvs.client.catalog.from.config.MappingConfigReader - [client:400207]parse mapping config information
2024-12-09 21:49:35.293 [pool-3-thread-1] INFO  com.rs.mv.mvvs.client.catalog.manager.U2CatalogManager - [client:400202]start a schedule task to get global/local catalog for Filters, its period 5s 
2024-12-09 21:49:35.294 [pool-3-thread-1] INFO  com.rs.mv.mvvs.client.catalog.manager.U2CatalogManager - [client:400203]cache file auto update thread launch in Format account
2024-12-09 21:49:35.294 [pool-3-thread-1] INFO  com.rs.mv.mvvs.client.catalog.from.config.DirsConfigReader - [client:400206]parse dir config information
2024-12-09 21:49:35.295 [pool-3-thread-1] INFO  com.rs.mv.mvvs.client.catalog.from.config.MappingConfigReader - [client:400207]parse mapping config information
2024-12-09 21:49:35.295 [pool-3-thread-1] INFO  com.rs.mv.mvvs.client.catalog.manager.U2CatalogManager - [client:400202]start a schedule task to get global/local catalog for Format, its period 5s 
2024-12-09 21:49:35.296 [pool-3-thread-1] INFO  com.rs.mv.mvvs.client.catalog.manager.U2CatalogManager - [client:400203]cache file auto update thread launch in Helpers account
2024-12-09 21:49:35.296 [pool-3-thread-1] INFO  com.rs.mv.mvvs.client.catalog.from.config.DirsConfigReader - [client:400206]parse dir config information
2024-12-09 21:49:35.296 [pool-3-thread-1] INFO  com.rs.mv.mvvs.client.catalog.from.config.MappingConfigReader - [client:400207]parse mapping config information
2024-12-09 21:49:35.320 [pool-3-thread-1] INFO  com.rs.mv.mvvs.client.catalog.manager.U2CatalogManager - [client:400202]start a schedule task to get global/local catalog for Helpers, its period 5s 
2024-12-09 21:49:35.321 [pool-3-thread-1] INFO  com.rs.mv.mvvs.client.catalog.manager.U2CatalogManager - [client:400203]cache file auto update thread launch in Honeypot account
2024-12-09 21:49:35.321 [pool-3-thread-1] INFO  com.rs.mv.mvvs.client.catalog.from.config.DirsConfigReader - [client:400206]parse dir config information
2024-12-09 21:49:35.321 [pool-3-thread-1] INFO  com.rs.mv.mvvs.client.catalog.from.config.MappingConfigReader - [client:400207]parse mapping config information
2024-12-09 21:49:35.322 [pool-3-thread-1] INFO  com.rs.mv.mvvs.client.catalog.manager.U2CatalogManager - [client:400202]start a schedule task to get global/local catalog for Honeypot, its period 5s 
2024-12-09 21:49:35.322 [pool-3-thread-1] INFO  com.rs.mv.mvvs.client.catalog.manager.U2CatalogManager - [client:400203]cache file auto update thread launch in HTTP account
2024-12-09 21:49:35.323 [pool-3-thread-1] INFO  com.rs.mv.mvvs.client.catalog.from.config.DirsConfigReader - [client:400206]parse dir config information
2024-12-09 21:49:35.323 [pool-3-thread-1] INFO  com.rs.mv.mvvs.client.catalog.from.config.MappingConfigReader - [client:400207]parse mapping config information
2024-12-09 21:49:35.333 [pool-3-thread-1] INFO  com.rs.mv.mvvs.client.catalog.manager.U2CatalogManager - [client:400202]start a schedule task to get global/local catalog for HTTP, its period 5s 
2024-12-09 21:49:35.334 [pool-3-thread-1] INFO  com.rs.mv.mvvs.client.catalog.manager.U2CatalogManager - [client:400203]cache file auto update thread launch in I18n account
2024-12-09 21:49:35.334 [pool-3-thread-1] INFO  com.rs.mv.mvvs.client.catalog.from.config.DirsConfigReader - [client:400206]parse dir config information
2024-12-09 21:49:35.334 [pool-3-thread-1] INFO  com.rs.mv.mvvs.client.catalog.from.config.MappingConfigReader - [client:400207]parse mapping config information
2024-12-09 21:49:35.335 [pool-3-thread-1] INFO  com.rs.mv.mvvs.client.catalog.manager.U2CatalogManager - [client:400202]start a schedule task to get global/local catalog for I18n, its period 5s 
2024-12-09 21:49:35.335 [pool-3-thread-1] INFO  com.rs.mv.mvvs.client.catalog.manager.U2CatalogManager - [client:400203]cache file auto update thread launch in Images account
2024-12-09 21:49:35.335 [pool-3-thread-1] INFO  com.rs.mv.mvvs.client.catalog.from.config.DirsConfigReader - [client:400206]parse dir config information
2024-12-09 21:49:35.337 [pool-3-thread-1] INFO  com.rs.mv.mvvs.client.catalog.from.config.MappingConfigReader - [client:400207]parse mapping config information
2024-12-09 21:49:35.337 [pool-3-thread-1] INFO  com.rs.mv.mvvs.client.catalog.manager.U2CatalogManager - [client:400202]start a schedule task to get global/local catalog for Images, its period 5s 
2024-12-09 21:49:35.338 [pool-3-thread-1] INFO  com.rs.mv.mvvs.client.catalog.manager.U2CatalogManager - [client:400203]cache file auto update thread launch in Language account
2024-12-09 21:49:35.338 [pool-3-thread-1] INFO  com.rs.mv.mvvs.client.catalog.from.config.DirsConfigReader - [client:400206]parse dir config information
2024-12-09 21:49:35.338 [pool-3-thread-1] INFO  com.rs.mv.mvvs.client.catalog.from.config.MappingConfigReader - [client:400207]parse mapping config information
2024-12-09 21:49:35.339 [pool-3-thread-1] INFO  com.rs.mv.mvvs.client.catalog.manager.U2CatalogManager - [client:400202]start a schedule task to get global/local catalog for Language, its period 5s 
2024-12-09 21:49:35.340 [pool-3-thread-1] INFO  com.rs.mv.mvvs.client.catalog.manager.U2CatalogManager - [client:400203]cache file auto update thread launch in Log account
2024-12-09 21:49:35.341 [pool-3-thread-1] INFO  com.rs.mv.mvvs.client.catalog.from.config.DirsConfigReader - [client:400206]parse dir config information
2024-12-09 21:49:35.341 [pool-3-thread-1] INFO  com.rs.mv.mvvs.client.catalog.from.config.MappingConfigReader - [client:400207]parse mapping config information
2024-12-09 21:49:35.342 [pool-3-thread-1] INFO  com.rs.mv.mvvs.client.catalog.manager.U2CatalogManager - [client:400202]start a schedule task to get global/local catalog for Log, its period 5s 
2024-12-09 21:49:35.342 [pool-3-thread-1] INFO  com.rs.mv.mvvs.client.catalog.manager.U2CatalogManager - [client:400203]cache file auto update thread launch in Pager account
2024-12-09 21:49:35.343 [pool-3-thread-1] INFO  com.rs.mv.mvvs.client.catalog.from.config.DirsConfigReader - [client:400206]parse dir config information
2024-12-09 21:49:35.343 [pool-3-thread-1] INFO  com.rs.mv.mvvs.client.catalog.from.config.MappingConfigReader - [client:400207]parse mapping config information
2024-12-09 21:49:35.344 [pool-3-thread-1] INFO  com.rs.mv.mvvs.client.catalog.manager.U2CatalogManager - [client:400202]start a schedule task to get global/local catalog for Pager, its period 5s 
2024-12-09 21:49:35.344 [pool-3-thread-1] INFO  com.rs.mv.mvvs.client.catalog.manager.U2CatalogManager - [client:400203]cache file auto update thread launch in Publisher account
2024-12-09 21:49:35.345 [pool-3-thread-1] INFO  com.rs.mv.mvvs.client.catalog.from.config.DirsConfigReader - [client:400206]parse dir config information
2024-12-09 21:49:35.345 [pool-3-thread-1] INFO  com.rs.mv.mvvs.client.catalog.from.config.MappingConfigReader - [client:400207]parse mapping config information
2024-12-09 21:49:35.346 [pool-3-thread-1] INFO  com.rs.mv.mvvs.client.catalog.manager.U2CatalogManager - [client:400202]start a schedule task to get global/local catalog for Publisher, its period 5s 
2024-12-09 21:49:35.346 [pool-3-thread-1] INFO  com.rs.mv.mvvs.client.catalog.manager.U2CatalogManager - [client:400203]cache file auto update thread launch in Router account
2024-12-09 21:49:35.347 [pool-3-thread-1] INFO  com.rs.mv.mvvs.client.catalog.from.config.DirsConfigReader - [client:400206]parse dir config information
2024-12-09 21:49:35.347 [pool-3-thread-1] INFO  com.rs.mv.mvvs.client.catalog.from.config.MappingConfigReader - [client:400207]parse mapping config information
2024-12-09 21:49:35.348 [pool-3-thread-1] INFO  com.rs.mv.mvvs.client.catalog.manager.U2CatalogManager - [client:400202]start a schedule task to get global/local catalog for Router, its period 5s 
2024-12-09 21:49:35.356 [pool-3-thread-1] INFO  com.rs.mv.mvvs.client.catalog.manager.U2CatalogManager - [client:400203]cache file auto update thread launch in Security account
2024-12-09 21:49:35.356 [pool-3-thread-1] INFO  com.rs.mv.mvvs.client.catalog.from.config.DirsConfigReader - [client:400206]parse dir config information
2024-12-09 21:49:35.356 [pool-3-thread-1] INFO  com.rs.mv.mvvs.client.catalog.from.config.MappingConfigReader - [client:400207]parse mapping config information
2024-12-09 21:49:35.357 [pool-3-thread-1] INFO  com.rs.mv.mvvs.client.catalog.manager.U2CatalogManager - [client:400202]start a schedule task to get global/local catalog for Security, its period 5s 
2024-12-09 21:49:35.358 [pool-3-thread-1] INFO  com.rs.mv.mvvs.client.catalog.manager.U2CatalogManager - [client:400203]cache file auto update thread launch in Session account
2024-12-09 21:49:35.359 [pool-3-thread-1] INFO  com.rs.mv.mvvs.client.catalog.from.config.DirsConfigReader - [client:400206]parse dir config information
2024-12-09 21:49:35.359 [pool-3-thread-1] INFO  com.rs.mv.mvvs.client.catalog.from.config.MappingConfigReader - [client:400207]parse mapping config information
2024-12-09 21:49:35.360 [pool-3-thread-1] INFO  com.rs.mv.mvvs.client.catalog.manager.U2CatalogManager - [client:400202]start a schedule task to get global/local catalog for Session, its period 5s 
2024-12-09 21:49:35.360 [pool-3-thread-1] INFO  com.rs.mv.mvvs.client.catalog.manager.U2CatalogManager - [client:400203]cache file auto update thread launch in Handlers account
2024-12-09 21:49:35.360 [pool-3-thread-1] INFO  com.rs.mv.mvvs.client.catalog.from.config.DirsConfigReader - [client:400206]parse dir config information
2024-12-09 21:49:35.361 [pool-3-thread-1] INFO  com.rs.mv.mvvs.client.catalog.from.config.MappingConfigReader - [client:400207]parse mapping config information
2024-12-09 21:49:35.361 [pool-3-thread-1] INFO  com.rs.mv.mvvs.client.catalog.manager.U2CatalogManager - [client:400202]start a schedule task to get global/local catalog for Handlers, its period 5s 
2024-12-09 21:49:35.362 [pool-3-thread-1] INFO  com.rs.mv.mvvs.client.catalog.manager.U2CatalogManager - [client:400203]cache file auto update thread launch in Test account
2024-12-09 21:49:35.363 [pool-3-thread-1] INFO  com.rs.mv.mvvs.client.catalog.from.config.DirsConfigReader - [client:400206]parse dir config information
2024-12-09 21:49:35.363 [pool-3-thread-1] INFO  com.rs.mv.mvvs.client.catalog.from.config.MappingConfigReader - [client:400207]parse mapping config information
2024-12-09 21:49:35.364 [pool-3-thread-1] INFO  com.rs.mv.mvvs.client.catalog.manager.U2CatalogManager - [client:400202]start a schedule task to get global/local catalog for Test, its period 5s 
2024-12-09 21:49:35.365 [pool-3-thread-1] INFO  com.rs.mv.mvvs.client.catalog.manager.U2CatalogManager - [client:400203]cache file auto update thread launch in ThirdParty account
2024-12-09 21:49:35.365 [pool-3-thread-1] INFO  com.rs.mv.mvvs.client.catalog.from.config.DirsConfigReader - [client:400206]parse dir config information
2024-12-09 21:49:35.365 [pool-3-thread-1] INFO  com.rs.mv.mvvs.client.catalog.from.config.MappingConfigReader - [client:400207]parse mapping config information
2024-12-09 21:49:35.366 [pool-3-thread-1] INFO  com.rs.mv.mvvs.client.catalog.manager.U2CatalogManager - [client:400202]start a schedule task to get global/local catalog for ThirdParty, its period 5s 
2024-12-09 21:49:35.367 [pool-3-thread-1] INFO  com.rs.mv.mvvs.client.catalog.manager.U2CatalogManager - [client:400203]cache file auto update thread launch in Escaper account
2024-12-09 21:49:35.367 [pool-3-thread-1] INFO  com.rs.mv.mvvs.client.catalog.from.config.DirsConfigReader - [client:400206]parse dir config information
2024-12-09 21:49:35.368 [pool-3-thread-1] INFO  com.rs.mv.mvvs.client.catalog.from.config.MappingConfigReader - [client:400207]parse mapping config information
2024-12-09 21:49:35.369 [pool-3-thread-1] INFO  com.rs.mv.mvvs.client.catalog.manager.U2CatalogManager - [client:400202]start a schedule task to get global/local catalog for Escaper, its period 5s 
2024-12-09 21:49:35.370 [pool-3-thread-1] INFO  com.rs.mv.mvvs.client.catalog.manager.U2CatalogManager - [client:400203]cache file auto update thread launch in Kint account
2024-12-09 21:49:35.370 [pool-3-thread-1] INFO  com.rs.mv.mvvs.client.catalog.from.config.DirsConfigReader - [client:400206]parse dir config information
2024-12-09 21:49:35.370 [pool-3-thread-1] INFO  com.rs.mv.mvvs.client.catalog.from.config.MappingConfigReader - [client:400207]parse mapping config information
2024-12-09 21:49:35.371 [pool-3-thread-1] INFO  com.rs.mv.mvvs.client.catalog.manager.U2CatalogManager - [client:400202]start a schedule task to get global/local catalog for Kint, its period 5s 
2024-12-09 21:49:35.371 [pool-3-thread-1] INFO  com.rs.mv.mvvs.client.catalog.manager.U2CatalogManager - [client:400203]cache file auto update thread launch in Renderer account
2024-12-09 21:49:35.372 [pool-3-thread-1] INFO  com.rs.mv.mvvs.client.catalog.from.config.DirsConfigReader - [client:400206]parse dir config information
2024-12-09 21:49:35.372 [pool-3-thread-1] INFO  com.rs.mv.mvvs.client.catalog.from.config.MappingConfigReader - [client:400207]parse mapping config information
2024-12-09 21:49:35.372 [pool-3-thread-1] INFO  com.rs.mv.mvvs.client.catalog.manager.U2CatalogManager - [client:400202]start a schedule task to get global/local catalog for Renderer, its period 5s 
2024-12-09 21:49:35.373 [pool-3-thread-1] INFO  com.rs.mv.mvvs.client.catalog.manager.U2CatalogManager - [client:400203]cache file auto update thread launch in resources account
2024-12-09 21:49:35.373 [pool-3-thread-1] INFO  com.rs.mv.mvvs.client.catalog.from.config.DirsConfigReader - [client:400206]parse dir config information
2024-12-09 21:49:35.374 [pool-3-thread-1] INFO  com.rs.mv.mvvs.client.catalog.from.config.MappingConfigReader - [client:400207]parse mapping config information
2024-12-09 21:49:35.375 [pool-3-thread-1] INFO  com.rs.mv.mvvs.client.catalog.manager.U2CatalogManager - [client:400202]start a schedule task to get global/local catalog for resources, its period 5s 
2024-12-09 21:49:35.375 [pool-3-thread-1] INFO  com.rs.mv.mvvs.client.catalog.manager.U2CatalogManager - [client:400203]cache file auto update thread launch in Zval account
2024-12-09 21:49:35.385 [pool-3-thread-1] INFO  com.rs.mv.mvvs.client.catalog.from.config.DirsConfigReader - [client:400206]parse dir config information
2024-12-09 21:49:35.385 [pool-3-thread-1] INFO  com.rs.mv.mvvs.client.catalog.from.config.MappingConfigReader - [client:400207]parse mapping config information
2024-12-09 21:49:35.386 [pool-3-thread-1] INFO  com.rs.mv.mvvs.client.catalog.manager.U2CatalogManager - [client:400202]start a schedule task to get global/local catalog for Zval, its period 5s 
2024-12-09 21:49:35.387 [pool-3-thread-1] INFO  com.rs.mv.mvvs.client.catalog.manager.U2CatalogManager - [client:400203]cache file auto update thread launch in PSR account
2024-12-09 21:49:35.387 [pool-3-thread-1] INFO  com.rs.mv.mvvs.client.catalog.from.config.DirsConfigReader - [client:400206]parse dir config information
2024-12-09 21:49:35.388 [pool-3-thread-1] INFO  com.rs.mv.mvvs.client.catalog.from.config.MappingConfigReader - [client:400207]parse mapping config information
2024-12-09 21:49:35.388 [pool-3-thread-1] INFO  com.rs.mv.mvvs.client.catalog.manager.U2CatalogManager - [client:400202]start a schedule task to get global/local catalog for PSR, its period 5s 
2024-12-09 21:49:35.389 [pool-3-thread-1] INFO  com.rs.mv.mvvs.client.catalog.manager.U2CatalogManager - [client:400203]cache file auto update thread launch in Validation account
2024-12-09 21:49:35.389 [pool-3-thread-1] INFO  com.rs.mv.mvvs.client.catalog.from.config.DirsConfigReader - [client:400206]parse dir config information
2024-12-09 21:49:35.390 [pool-3-thread-1] INFO  com.rs.mv.mvvs.client.catalog.from.config.MappingConfigReader - [client:400207]parse mapping config information
2024-12-09 21:49:35.390 [pool-3-thread-1] INFO  com.rs.mv.mvvs.client.catalog.manager.U2CatalogManager - [client:400202]start a schedule task to get global/local catalog for Validation, its period 5s 
2024-12-09 21:49:35.391 [pool-3-thread-1] INFO  com.rs.mv.mvvs.client.catalog.manager.U2CatalogManager - [client:400203]cache file auto update thread launch in View account
2024-12-09 21:49:35.391 [pool-3-thread-1] INFO  com.rs.mv.mvvs.client.catalog.from.config.DirsConfigReader - [client:400206]parse dir config information
2024-12-09 21:49:35.391 [pool-3-thread-1] INFO  com.rs.mv.mvvs.client.catalog.from.config.MappingConfigReader - [client:400207]parse mapping config information
2024-12-09 21:49:35.392 [pool-3-thread-1] INFO  com.rs.mv.mvvs.client.catalog.manager.U2CatalogManager - [client:400202]start a schedule task to get global/local catalog for View, its period 5s 
2024-12-09 21:49:35.393 [pool-3-thread-1] INFO  com.rs.mv.mvvs.client.catalog.manager.U2CatalogManager - [client:400203]cache file auto update thread launch in tests account
2024-12-09 21:49:35.393 [pool-3-thread-1] INFO  com.rs.mv.mvvs.client.catalog.from.config.DirsConfigReader - [client:400206]parse dir config information
2024-12-09 21:49:35.393 [pool-3-thread-1] INFO  com.rs.mv.mvvs.client.catalog.from.config.MappingConfigReader - [client:400207]parse mapping config information
2024-12-09 21:49:35.394 [pool-3-thread-1] INFO  com.rs.mv.mvvs.client.catalog.manager.U2CatalogManager - [client:400202]start a schedule task to get global/local catalog for tests, its period 5s 
2024-12-09 21:49:35.394 [pool-3-thread-1] INFO  com.rs.mv.mvvs.client.catalog.manager.U2CatalogManager - [client:400203]cache file auto update thread launch in _support account
2024-12-09 21:49:35.395 [pool-3-thread-1] INFO  com.rs.mv.mvvs.client.catalog.from.config.DirsConfigReader - [client:400206]parse dir config information
2024-12-09 21:49:35.395 [pool-3-thread-1] INFO  com.rs.mv.mvvs.client.catalog.from.config.MappingConfigReader - [client:400207]parse mapping config information
2024-12-09 21:49:35.395 [pool-3-thread-1] INFO  com.rs.mv.mvvs.client.catalog.manager.U2CatalogManager - [client:400202]start a schedule task to get global/local catalog for _support, its period 5s 
2024-12-09 21:49:35.396 [pool-3-thread-1] INFO  com.rs.mv.mvvs.client.catalog.manager.U2CatalogManager - [client:400203]cache file auto update thread launch in Database account
2024-12-09 21:49:35.396 [pool-3-thread-1] INFO  com.rs.mv.mvvs.client.catalog.from.config.DirsConfigReader - [client:400206]parse dir config information
2024-12-09 21:49:35.396 [pool-3-thread-1] INFO  com.rs.mv.mvvs.client.catalog.from.config.MappingConfigReader - [client:400207]parse mapping config information
2024-12-09 21:49:35.397 [pool-3-thread-1] INFO  com.rs.mv.mvvs.client.catalog.manager.U2CatalogManager - [client:400202]start a schedule task to get global/local catalog for Database, its period 5s 
2024-12-09 21:49:35.398 [pool-3-thread-1] INFO  com.rs.mv.mvvs.client.catalog.manager.U2CatalogManager - [client:400203]cache file auto update thread launch in writable account
2024-12-09 21:49:35.398 [pool-3-thread-1] INFO  com.rs.mv.mvvs.client.catalog.from.config.DirsConfigReader - [client:400206]parse dir config information
2024-12-09 21:49:35.399 [pool-3-thread-1] INFO  com.rs.mv.mvvs.client.catalog.from.config.MappingConfigReader - [client:400207]parse mapping config information
2024-12-09 21:49:35.399 [pool-3-thread-1] INFO  com.rs.mv.mvvs.client.catalog.manager.U2CatalogManager - [client:400202]start a schedule task to get global/local catalog for writable, its period 5s 
2024-12-09 21:49:35.400 [pool-3-thread-1] INFO  com.rs.mv.mvvs.client.catalog.manager.U2CatalogManager - [client:400203]cache file auto update thread launch in dompdf account
2024-12-09 21:49:35.400 [pool-3-thread-1] INFO  com.rs.mv.mvvs.client.catalog.from.config.DirsConfigReader - [client:400206]parse dir config information
2024-12-09 21:49:35.401 [pool-3-thread-1] INFO  com.rs.mv.mvvs.client.catalog.from.config.MappingConfigReader - [client:400207]parse mapping config information
2024-12-09 21:49:35.401 [pool-3-thread-1] INFO  com.rs.mv.mvvs.client.catalog.manager.U2CatalogManager - [client:400202]start a schedule task to get global/local catalog for dompdf, its period 5s 
2024-12-09 21:49:35.402 [pool-3-thread-1] INFO  com.rs.mv.mvvs.client.catalog.manager.U2CatalogManager - [client:400203]cache file auto update thread launch in dompdf account
2024-12-09 21:49:35.402 [pool-3-thread-1] INFO  com.rs.mv.mvvs.client.catalog.from.config.DirsConfigReader - [client:400206]parse dir config information
2024-12-09 21:49:35.402 [pool-3-thread-1] INFO  com.rs.mv.mvvs.client.catalog.from.config.MappingConfigReader - [client:400207]parse mapping config information
2024-12-09 21:49:35.403 [pool-3-thread-1] INFO  com.rs.mv.mvvs.client.catalog.manager.U2CatalogManager - [client:400202]start a schedule task to get global/local catalog for dompdf, its period 5s 
2024-12-09 21:49:35.404 [pool-3-thread-1] INFO  com.rs.mv.mvvs.client.catalog.manager.U2CatalogManager - [client:400203]cache file auto update thread launch in lib account
2024-12-09 21:49:35.404 [pool-3-thread-1] INFO  com.rs.mv.mvvs.client.catalog.from.config.DirsConfigReader - [client:400206]parse dir config information
2024-12-09 21:49:35.404 [pool-3-thread-1] INFO  com.rs.mv.mvvs.client.catalog.from.config.MappingConfigReader - [client:400207]parse mapping config information
2024-12-09 21:49:35.405 [pool-3-thread-1] INFO  com.rs.mv.mvvs.client.catalog.manager.U2CatalogManager - [client:400202]start a schedule task to get global/local catalog for lib, its period 5s 
2024-12-09 21:49:35.406 [pool-3-thread-1] INFO  com.rs.mv.mvvs.client.catalog.manager.U2CatalogManager - [client:400203]cache file auto update thread launch in src account
2024-12-09 21:49:35.406 [pool-3-thread-1] INFO  com.rs.mv.mvvs.client.catalog.from.config.DirsConfigReader - [client:400206]parse dir config information
2024-12-09 21:49:35.406 [pool-3-thread-1] INFO  com.rs.mv.mvvs.client.catalog.from.config.MappingConfigReader - [client:400207]parse mapping config information
2024-12-09 21:49:35.407 [pool-3-thread-1] INFO  com.rs.mv.mvvs.client.catalog.manager.U2CatalogManager - [client:400202]start a schedule task to get global/local catalog for src, its period 5s 
2024-12-09 21:49:35.408 [pool-3-thread-1] INFO  com.rs.mv.mvvs.client.catalog.manager.U2CatalogManager - [client:400203]cache file auto update thread launch in Css account
2024-12-09 21:49:35.408 [pool-3-thread-1] INFO  com.rs.mv.mvvs.client.catalog.from.config.DirsConfigReader - [client:400206]parse dir config information
2024-12-09 21:49:35.417 [pool-3-thread-1] INFO  com.rs.mv.mvvs.client.catalog.from.config.MappingConfigReader - [client:400207]parse mapping config information
2024-12-09 21:49:35.418 [pool-3-thread-1] INFO  com.rs.mv.mvvs.client.catalog.manager.U2CatalogManager - [client:400202]start a schedule task to get global/local catalog for Css, its period 5s 
2024-12-09 21:49:35.418 [pool-3-thread-1] INFO  com.rs.mv.mvvs.client.catalog.manager.U2CatalogManager - [client:400203]cache file auto update thread launch in php-font-lib account
2024-12-09 21:49:35.419 [pool-3-thread-1] INFO  com.rs.mv.mvvs.client.catalog.from.config.DirsConfigReader - [client:400206]parse dir config information
2024-12-09 21:49:35.419 [pool-3-thread-1] INFO  com.rs.mv.mvvs.client.catalog.from.config.MappingConfigReader - [client:400207]parse mapping config information
2024-12-09 21:49:35.419 [pool-3-thread-1] INFO  com.rs.mv.mvvs.client.catalog.manager.U2CatalogManager - [client:400202]start a schedule task to get global/local catalog for php-font-lib, its period 5s 
2024-12-09 21:49:35.420 [pool-3-thread-1] INFO  com.rs.mv.mvvs.client.catalog.manager.U2CatalogManager - [client:400203]cache file auto update thread launch in src account
2024-12-09 21:49:35.420 [pool-3-thread-1] INFO  com.rs.mv.mvvs.client.catalog.from.config.DirsConfigReader - [client:400206]parse dir config information
2024-12-09 21:49:35.421 [pool-3-thread-1] INFO  com.rs.mv.mvvs.client.catalog.from.config.MappingConfigReader - [client:400207]parse mapping config information
2024-12-09 21:49:35.421 [pool-3-thread-1] INFO  com.rs.mv.mvvs.client.catalog.manager.U2CatalogManager - [client:400202]start a schedule task to get global/local catalog for src, its period 5s 
2024-12-09 21:49:35.422 [pool-3-thread-1] INFO  com.rs.mv.mvvs.client.catalog.manager.U2CatalogManager - [client:400203]cache file auto update thread launch in FontLib account
2024-12-09 21:49:35.422 [pool-3-thread-1] INFO  com.rs.mv.mvvs.client.catalog.from.config.DirsConfigReader - [client:400206]parse dir config information
2024-12-09 21:49:35.423 [pool-3-thread-1] INFO  com.rs.mv.mvvs.client.catalog.from.config.MappingConfigReader - [client:400207]parse mapping config information
2024-12-09 21:49:35.423 [pool-3-thread-1] INFO  com.rs.mv.mvvs.client.catalog.manager.U2CatalogManager - [client:400202]start a schedule task to get global/local catalog for FontLib, its period 5s 
2024-12-09 21:49:35.424 [pool-3-thread-1] INFO  com.rs.mv.mvvs.client.catalog.manager.U2CatalogManager - [client:400203]cache file auto update thread launch in Table account
2024-12-09 21:49:35.424 [pool-3-thread-1] INFO  com.rs.mv.mvvs.client.catalog.from.config.DirsConfigReader - [client:400206]parse dir config information
2024-12-09 21:49:35.424 [pool-3-thread-1] INFO  com.rs.mv.mvvs.client.catalog.from.config.MappingConfigReader - [client:400207]parse mapping config information
2024-12-09 21:49:35.425 [pool-3-thread-1] INFO  com.rs.mv.mvvs.client.catalog.manager.U2CatalogManager - [client:400202]start a schedule task to get global/local catalog for Table, its period 5s 
2024-12-09 21:49:35.434 [pool-3-thread-1] INFO  com.rs.mv.mvvs.client.catalog.manager.U2CatalogManager - [client:400203]cache file auto update thread launch in php-svg-lib account
2024-12-09 21:49:35.435 [pool-3-thread-1] INFO  com.rs.mv.mvvs.client.catalog.from.config.DirsConfigReader - [client:400206]parse dir config information
2024-12-09 21:49:35.435 [pool-3-thread-1] INFO  com.rs.mv.mvvs.client.catalog.from.config.MappingConfigReader - [client:400207]parse mapping config information
2024-12-09 21:49:35.435 [pool-3-thread-1] INFO  com.rs.mv.mvvs.client.catalog.manager.U2CatalogManager - [client:400202]start a schedule task to get global/local catalog for php-svg-lib, its period 5s 
2024-12-09 21:49:35.436 [pool-3-thread-1] INFO  com.rs.mv.mvvs.client.catalog.manager.U2CatalogManager - [client:400203]cache file auto update thread launch in src account
2024-12-09 21:49:35.436 [pool-3-thread-1] INFO  com.rs.mv.mvvs.client.catalog.from.config.DirsConfigReader - [client:400206]parse dir config information
2024-12-09 21:49:35.437 [pool-3-thread-1] INFO  com.rs.mv.mvvs.client.catalog.from.config.MappingConfigReader - [client:400207]parse mapping config information
2024-12-09 21:49:35.437 [pool-3-thread-1] INFO  com.rs.mv.mvvs.client.catalog.manager.U2CatalogManager - [client:400202]start a schedule task to get global/local catalog for src, its period 5s 
2024-12-09 21:49:35.438 [pool-3-thread-1] INFO  com.rs.mv.mvvs.client.catalog.manager.U2CatalogManager - [client:400203]cache file auto update thread launch in Svg account
2024-12-09 21:49:35.438 [pool-3-thread-1] INFO  com.rs.mv.mvvs.client.catalog.from.config.DirsConfigReader - [client:400206]parse dir config information
2024-12-09 21:49:35.439 [pool-3-thread-1] INFO  com.rs.mv.mvvs.client.catalog.from.config.MappingConfigReader - [client:400207]parse mapping config information
2024-12-09 21:49:35.439 [pool-3-thread-1] INFO  com.rs.mv.mvvs.client.catalog.manager.U2CatalogManager - [client:400202]start a schedule task to get global/local catalog for Svg, its period 5s 
2024-12-09 21:49:35.440 [pool-3-thread-1] INFO  com.rs.mv.mvvs.client.catalog.manager.U2CatalogManager - [client:400203]cache file auto update thread launch in fakerphp account
2024-12-09 21:49:35.440 [pool-3-thread-1] INFO  com.rs.mv.mvvs.client.catalog.from.config.DirsConfigReader - [client:400206]parse dir config information
2024-12-09 21:49:35.441 [pool-3-thread-1] INFO  com.rs.mv.mvvs.client.catalog.from.config.MappingConfigReader - [client:400207]parse mapping config information
2024-12-09 21:49:35.441 [pool-3-thread-1] INFO  com.rs.mv.mvvs.client.catalog.manager.U2CatalogManager - [client:400202]start a schedule task to get global/local catalog for fakerphp, its period 5s 
2024-12-09 21:49:35.442 [pool-3-thread-1] INFO  com.rs.mv.mvvs.client.catalog.manager.U2CatalogManager - [client:400203]cache file auto update thread launch in faker account
2024-12-09 21:49:35.442 [pool-3-thread-1] INFO  com.rs.mv.mvvs.client.catalog.from.config.DirsConfigReader - [client:400206]parse dir config information
2024-12-09 21:49:35.442 [pool-3-thread-1] INFO  com.rs.mv.mvvs.client.catalog.from.config.MappingConfigReader - [client:400207]parse mapping config information
2024-12-09 21:49:35.443 [pool-3-thread-1] INFO  com.rs.mv.mvvs.client.catalog.manager.U2CatalogManager - [client:400202]start a schedule task to get global/local catalog for faker, its period 5s 
2024-12-09 21:49:35.444 [pool-3-thread-1] INFO  com.rs.mv.mvvs.client.catalog.manager.U2CatalogManager - [client:400203]cache file auto update thread launch in src account
2024-12-09 21:49:35.444 [pool-3-thread-1] INFO  com.rs.mv.mvvs.client.catalog.from.config.DirsConfigReader - [client:400206]parse dir config information
2024-12-09 21:49:35.444 [pool-3-thread-1] INFO  com.rs.mv.mvvs.client.catalog.from.config.MappingConfigReader - [client:400207]parse mapping config information
2024-12-09 21:49:35.445 [pool-3-thread-1] INFO  com.rs.mv.mvvs.client.catalog.manager.U2CatalogManager - [client:400202]start a schedule task to get global/local catalog for src, its period 5s 
2024-12-09 21:49:35.445 [pool-3-thread-1] INFO  com.rs.mv.mvvs.client.catalog.manager.U2CatalogManager - [client:400203]cache file auto update thread launch in Faker account
2024-12-09 21:49:35.446 [pool-3-thread-1] INFO  com.rs.mv.mvvs.client.catalog.from.config.DirsConfigReader - [client:400206]parse dir config information
2024-12-09 21:49:35.446 [pool-3-thread-1] INFO  com.rs.mv.mvvs.client.catalog.from.config.MappingConfigReader - [client:400207]parse mapping config information
2024-12-09 21:49:35.446 [pool-3-thread-1] INFO  com.rs.mv.mvvs.client.catalog.manager.U2CatalogManager - [client:400202]start a schedule task to get global/local catalog for Faker, its period 5s 
2024-12-09 21:49:35.447 [pool-3-thread-1] INFO  com.rs.mv.mvvs.client.catalog.manager.U2CatalogManager - [client:400203]cache file auto update thread launch in ORM account
2024-12-09 21:49:35.447 [pool-3-thread-1] INFO  com.rs.mv.mvvs.client.catalog.from.config.DirsConfigReader - [client:400206]parse dir config information
2024-12-09 21:49:35.448 [pool-3-thread-1] INFO  com.rs.mv.mvvs.client.catalog.from.config.MappingConfigReader - [client:400207]parse mapping config information
2024-12-09 21:49:35.448 [pool-3-thread-1] INFO  com.rs.mv.mvvs.client.catalog.manager.U2CatalogManager - [client:400202]start a schedule task to get global/local catalog for ORM, its period 5s 
2024-12-09 21:49:35.449 [pool-3-thread-1] INFO  com.rs.mv.mvvs.client.catalog.manager.U2CatalogManager - [client:400203]cache file auto update thread launch in Provider account
2024-12-09 21:49:35.449 [pool-3-thread-1] INFO  com.rs.mv.mvvs.client.catalog.from.config.DirsConfigReader - [client:400206]parse dir config information
2024-12-09 21:49:35.449 [pool-3-thread-1] INFO  com.rs.mv.mvvs.client.catalog.from.config.MappingConfigReader - [client:400207]parse mapping config information
2024-12-09 21:49:35.450 [pool-3-thread-1] INFO  com.rs.mv.mvvs.client.catalog.manager.U2CatalogManager - [client:400202]start a schedule task to get global/local catalog for Provider, its period 5s 
2024-12-09 21:49:35.451 [pool-3-thread-1] INFO  com.rs.mv.mvvs.client.catalog.manager.U2CatalogManager - [client:400203]cache file auto update thread launch in laminas account
2024-12-09 21:49:35.451 [pool-3-thread-1] INFO  com.rs.mv.mvvs.client.catalog.from.config.DirsConfigReader - [client:400206]parse dir config information
2024-12-09 21:49:35.451 [pool-3-thread-1] INFO  com.rs.mv.mvvs.client.catalog.from.config.MappingConfigReader - [client:400207]parse mapping config information
2024-12-09 21:49:35.452 [pool-3-thread-1] INFO  com.rs.mv.mvvs.client.catalog.manager.U2CatalogManager - [client:400202]start a schedule task to get global/local catalog for laminas, its period 5s 
2024-12-09 21:49:35.452 [pool-3-thread-1] INFO  com.rs.mv.mvvs.client.catalog.manager.U2CatalogManager - [client:400203]cache file auto update thread launch in laminas-escaper account
2024-12-09 21:49:35.453 [pool-3-thread-1] INFO  com.rs.mv.mvvs.client.catalog.from.config.DirsConfigReader - [client:400206]parse dir config information
2024-12-09 21:49:35.453 [pool-3-thread-1] INFO  com.rs.mv.mvvs.client.catalog.from.config.MappingConfigReader - [client:400207]parse mapping config information
2024-12-09 21:49:35.453 [pool-3-thread-1] INFO  com.rs.mv.mvvs.client.catalog.manager.U2CatalogManager - [client:400202]start a schedule task to get global/local catalog for laminas-escaper, its period 5s 
2024-12-09 21:49:35.454 [pool-3-thread-1] INFO  com.rs.mv.mvvs.client.catalog.manager.U2CatalogManager - [client:400203]cache file auto update thread launch in src account
2024-12-09 21:49:35.455 [pool-3-thread-1] INFO  com.rs.mv.mvvs.client.catalog.from.config.DirsConfigReader - [client:400206]parse dir config information
2024-12-09 21:49:35.455 [pool-3-thread-1] INFO  com.rs.mv.mvvs.client.catalog.from.config.MappingConfigReader - [client:400207]parse mapping config information
2024-12-09 21:49:35.456 [pool-3-thread-1] INFO  com.rs.mv.mvvs.client.catalog.manager.U2CatalogManager - [client:400202]start a schedule task to get global/local catalog for src, its period 5s 
2024-12-09 21:49:35.456 [pool-3-thread-1] INFO  com.rs.mv.mvvs.client.catalog.manager.U2CatalogManager - [client:400203]cache file auto update thread launch in masterminds account
2024-12-09 21:49:35.457 [pool-3-thread-1] INFO  com.rs.mv.mvvs.client.catalog.from.config.DirsConfigReader - [client:400206]parse dir config information
2024-12-09 21:49:35.457 [pool-3-thread-1] INFO  com.rs.mv.mvvs.client.catalog.from.config.MappingConfigReader - [client:400207]parse mapping config information
2024-12-09 21:49:35.458 [pool-3-thread-1] INFO  com.rs.mv.mvvs.client.catalog.manager.U2CatalogManager - [client:400202]start a schedule task to get global/local catalog for masterminds, its period 5s 
2024-12-09 21:49:35.458 [pool-3-thread-1] INFO  com.rs.mv.mvvs.client.catalog.manager.U2CatalogManager - [client:400203]cache file auto update thread launch in html5 account
2024-12-09 21:49:35.459 [pool-3-thread-1] INFO  com.rs.mv.mvvs.client.catalog.from.config.DirsConfigReader - [client:400206]parse dir config information
2024-12-09 21:49:35.459 [pool-3-thread-1] INFO  com.rs.mv.mvvs.client.catalog.from.config.MappingConfigReader - [client:400207]parse mapping config information
2024-12-09 21:49:35.460 [pool-3-thread-1] INFO  com.rs.mv.mvvs.client.catalog.manager.U2CatalogManager - [client:400202]start a schedule task to get global/local catalog for html5, its period 5s 
2024-12-09 21:49:35.461 [pool-3-thread-1] INFO  com.rs.mv.mvvs.client.catalog.manager.U2CatalogManager - [client:400203]cache file auto update thread launch in src account
2024-12-09 21:49:35.461 [pool-3-thread-1] INFO  com.rs.mv.mvvs.client.catalog.from.config.DirsConfigReader - [client:400206]parse dir config information
2024-12-09 21:49:35.461 [pool-3-thread-1] INFO  com.rs.mv.mvvs.client.catalog.from.config.MappingConfigReader - [client:400207]parse mapping config information
2024-12-09 21:49:35.462 [pool-3-thread-1] INFO  com.rs.mv.mvvs.client.catalog.manager.U2CatalogManager - [client:400202]start a schedule task to get global/local catalog for src, its period 5s 
2024-12-09 21:49:35.462 [pool-3-thread-1] INFO  com.rs.mv.mvvs.client.catalog.manager.U2CatalogManager - [client:400203]cache file auto update thread launch in HTML5 account
2024-12-09 21:49:35.463 [pool-3-thread-1] INFO  com.rs.mv.mvvs.client.catalog.from.config.DirsConfigReader - [client:400206]parse dir config information
2024-12-09 21:49:35.463 [pool-3-thread-1] INFO  com.rs.mv.mvvs.client.catalog.from.config.MappingConfigReader - [client:400207]parse mapping config information
2024-12-09 21:49:35.464 [pool-3-thread-1] INFO  com.rs.mv.mvvs.client.catalog.manager.U2CatalogManager - [client:400202]start a schedule task to get global/local catalog for HTML5, its period 5s 
2024-12-09 21:49:35.464 [pool-3-thread-1] INFO  com.rs.mv.mvvs.client.catalog.manager.U2CatalogManager - [client:400203]cache file auto update thread launch in mikey179 account
2024-12-09 21:49:35.465 [pool-3-thread-1] INFO  com.rs.mv.mvvs.client.catalog.from.config.DirsConfigReader - [client:400206]parse dir config information
2024-12-09 21:49:35.465 [pool-3-thread-1] INFO  com.rs.mv.mvvs.client.catalog.from.config.MappingConfigReader - [client:400207]parse mapping config information
2024-12-09 21:49:35.468 [pool-3-thread-1] INFO  com.rs.mv.mvvs.client.catalog.manager.U2CatalogManager - [client:400202]start a schedule task to get global/local catalog for mikey179, its period 5s 
2024-12-09 21:49:35.469 [pool-3-thread-1] INFO  com.rs.mv.mvvs.client.catalog.manager.U2CatalogManager - [client:400203]cache file auto update thread launch in vfsstream account
2024-12-09 21:49:35.485 [pool-3-thread-1] INFO  com.rs.mv.mvvs.client.catalog.from.config.DirsConfigReader - [client:400206]parse dir config information
2024-12-09 21:49:35.486 [pool-3-thread-1] INFO  com.rs.mv.mvvs.client.catalog.from.config.MappingConfigReader - [client:400207]parse mapping config information
2024-12-09 21:49:35.487 [pool-3-thread-1] INFO  com.rs.mv.mvvs.client.catalog.manager.U2CatalogManager - [client:400202]start a schedule task to get global/local catalog for vfsstream, its period 5s 
2024-12-09 21:49:35.487 [pool-3-thread-1] INFO  com.rs.mv.mvvs.client.catalog.manager.U2CatalogManager - [client:400203]cache file auto update thread launch in .github account
2024-12-09 21:49:35.488 [pool-3-thread-1] INFO  com.rs.mv.mvvs.client.catalog.from.config.DirsConfigReader - [client:400206]parse dir config information
2024-12-09 21:49:35.492 [pool-3-thread-1] INFO  com.rs.mv.mvvs.client.catalog.from.config.MappingConfigReader - [client:400207]parse mapping config information
2024-12-09 21:49:35.495 [pool-3-thread-1] INFO  com.rs.mv.mvvs.client.catalog.manager.U2CatalogManager - [client:400202]start a schedule task to get global/local catalog for .github, its period 5s 
2024-12-09 21:49:35.496 [pool-3-thread-1] INFO  com.rs.mv.mvvs.client.catalog.manager.U2CatalogManager - [client:400203]cache file auto update thread launch in src account
2024-12-09 21:49:35.496 [pool-3-thread-1] INFO  com.rs.mv.mvvs.client.catalog.from.config.DirsConfigReader - [client:400206]parse dir config information
2024-12-09 21:49:35.496 [pool-3-thread-1] INFO  com.rs.mv.mvvs.client.catalog.from.config.MappingConfigReader - [client:400207]parse mapping config information
2024-12-09 21:49:35.497 [pool-3-thread-1] INFO  com.rs.mv.mvvs.client.catalog.manager.U2CatalogManager - [client:400202]start a schedule task to get global/local catalog for src, its period 5s 
2024-12-09 21:49:35.497 [pool-3-thread-1] INFO  com.rs.mv.mvvs.client.catalog.manager.U2CatalogManager - [client:400203]cache file auto update thread launch in main account
2024-12-09 21:49:35.498 [pool-3-thread-1] INFO  com.rs.mv.mvvs.client.catalog.from.config.DirsConfigReader - [client:400206]parse dir config information
2024-12-09 21:49:35.498 [pool-3-thread-1] INFO  com.rs.mv.mvvs.client.catalog.from.config.MappingConfigReader - [client:400207]parse mapping config information
2024-12-09 21:49:35.498 [pool-3-thread-1] INFO  com.rs.mv.mvvs.client.catalog.manager.U2CatalogManager - [client:400202]start a schedule task to get global/local catalog for main, its period 5s 
2024-12-09 21:49:35.500 [pool-3-thread-1] INFO  com.rs.mv.mvvs.client.catalog.manager.U2CatalogManager - [client:400203]cache file auto update thread launch in php account
2024-12-09 21:49:35.500 [pool-3-thread-1] INFO  com.rs.mv.mvvs.client.catalog.from.config.DirsConfigReader - [client:400206]parse dir config information
2024-12-09 21:49:35.501 [pool-3-thread-1] INFO  com.rs.mv.mvvs.client.catalog.from.config.MappingConfigReader - [client:400207]parse mapping config information
2024-12-09 21:49:35.501 [pool-3-thread-1] INFO  com.rs.mv.mvvs.client.catalog.manager.U2CatalogManager - [client:400202]start a schedule task to get global/local catalog for php, its period 5s 
2024-12-09 21:49:35.502 [pool-3-thread-1] INFO  com.rs.mv.mvvs.client.catalog.manager.U2CatalogManager - [client:400203]cache file auto update thread launch in org account
2024-12-09 21:49:35.503 [pool-3-thread-1] INFO  com.rs.mv.mvvs.client.catalog.from.config.DirsConfigReader - [client:400206]parse dir config information
2024-12-09 21:49:35.503 [pool-3-thread-1] INFO  com.rs.mv.mvvs.client.catalog.from.config.MappingConfigReader - [client:400207]parse mapping config information
2024-12-09 21:49:35.503 [pool-3-thread-1] INFO  com.rs.mv.mvvs.client.catalog.manager.U2CatalogManager - [client:400202]start a schedule task to get global/local catalog for org, its period 5s 
2024-12-09 21:49:35.504 [pool-3-thread-1] INFO  com.rs.mv.mvvs.client.catalog.manager.U2CatalogManager - [client:400203]cache file auto update thread launch in bovigo account
2024-12-09 21:49:35.504 [pool-3-thread-1] INFO  com.rs.mv.mvvs.client.catalog.from.config.DirsConfigReader - [client:400206]parse dir config information
2024-12-09 21:49:35.504 [pool-3-thread-1] INFO  com.rs.mv.mvvs.client.catalog.from.config.MappingConfigReader - [client:400207]parse mapping config information
2024-12-09 21:49:35.505 [pool-3-thread-1] INFO  com.rs.mv.mvvs.client.catalog.manager.U2CatalogManager - [client:400202]start a schedule task to get global/local catalog for bovigo, its period 5s 
2024-12-09 21:49:35.505 [pool-3-thread-1] INFO  com.rs.mv.mvvs.client.catalog.manager.U2CatalogManager - [client:400203]cache file auto update thread launch in vfs account
2024-12-09 21:49:35.506 [pool-3-thread-1] INFO  com.rs.mv.mvvs.client.catalog.from.config.DirsConfigReader - [client:400206]parse dir config information
2024-12-09 21:49:35.506 [pool-3-thread-1] INFO  com.rs.mv.mvvs.client.catalog.from.config.MappingConfigReader - [client:400207]parse mapping config information
2024-12-09 21:49:35.507 [pool-3-thread-1] INFO  com.rs.mv.mvvs.client.catalog.manager.U2CatalogManager - [client:400202]start a schedule task to get global/local catalog for vfs, its period 5s 
2024-12-09 21:49:35.508 [pool-3-thread-1] INFO  com.rs.mv.mvvs.client.catalog.manager.U2CatalogManager - [client:400203]cache file auto update thread launch in test account
2024-12-09 21:49:35.508 [pool-3-thread-1] INFO  com.rs.mv.mvvs.client.catalog.from.config.DirsConfigReader - [client:400206]parse dir config information
2024-12-09 21:49:35.508 [pool-3-thread-1] INFO  com.rs.mv.mvvs.client.catalog.from.config.MappingConfigReader - [client:400207]parse mapping config information
2024-12-09 21:49:35.509 [pool-3-thread-1] INFO  com.rs.mv.mvvs.client.catalog.manager.U2CatalogManager - [client:400202]start a schedule task to get global/local catalog for test, its period 5s 
2024-12-09 21:49:35.509 [pool-3-thread-1] INFO  com.rs.mv.mvvs.client.catalog.manager.U2CatalogManager - [client:400203]cache file auto update thread launch in php account
2024-12-09 21:49:35.510 [pool-3-thread-1] INFO  com.rs.mv.mvvs.client.catalog.from.config.DirsConfigReader - [client:400206]parse dir config information
2024-12-09 21:49:35.511 [pool-3-thread-1] INFO  com.rs.mv.mvvs.client.catalog.from.config.MappingConfigReader - [client:400207]parse mapping config information
2024-12-09 21:49:35.511 [pool-3-thread-1] INFO  com.rs.mv.mvvs.client.catalog.manager.U2CatalogManager - [client:400202]start a schedule task to get global/local catalog for php, its period 5s 
2024-12-09 21:49:35.512 [pool-3-thread-1] INFO  com.rs.mv.mvvs.client.catalog.manager.U2CatalogManager - [client:400203]cache file auto update thread launch in org account
2024-12-09 21:49:35.512 [pool-3-thread-1] INFO  com.rs.mv.mvvs.client.catalog.from.config.DirsConfigReader - [client:400206]parse dir config information
2024-12-09 21:49:35.513 [pool-3-thread-1] INFO  com.rs.mv.mvvs.client.catalog.from.config.MappingConfigReader - [client:400207]parse mapping config information
2024-12-09 21:49:35.513 [pool-3-thread-1] INFO  com.rs.mv.mvvs.client.catalog.manager.U2CatalogManager - [client:400202]start a schedule task to get global/local catalog for org, its period 5s 
2024-12-09 21:49:35.514 [pool-3-thread-1] INFO  com.rs.mv.mvvs.client.catalog.manager.U2CatalogManager - [client:400203]cache file auto update thread launch in bovigo account
2024-12-09 21:49:35.514 [pool-3-thread-1] INFO  com.rs.mv.mvvs.client.catalog.from.config.DirsConfigReader - [client:400206]parse dir config information
2024-12-09 21:49:35.514 [pool-3-thread-1] INFO  com.rs.mv.mvvs.client.catalog.from.config.MappingConfigReader - [client:400207]parse mapping config information
2024-12-09 21:49:35.515 [pool-3-thread-1] INFO  com.rs.mv.mvvs.client.catalog.manager.U2CatalogManager - [client:400202]start a schedule task to get global/local catalog for bovigo, its period 5s 
2024-12-09 21:49:35.515 [pool-3-thread-1] INFO  com.rs.mv.mvvs.client.catalog.manager.U2CatalogManager - [client:400203]cache file auto update thread launch in vfs account
2024-12-09 21:49:35.515 [pool-3-thread-1] INFO  com.rs.mv.mvvs.client.catalog.from.config.DirsConfigReader - [client:400206]parse dir config information
2024-12-09 21:49:35.516 [pool-3-thread-1] INFO  com.rs.mv.mvvs.client.catalog.from.config.MappingConfigReader - [client:400207]parse mapping config information
2024-12-09 21:49:35.516 [pool-3-thread-1] INFO  com.rs.mv.mvvs.client.catalog.manager.U2CatalogManager - [client:400202]start a schedule task to get global/local catalog for vfs, its period 5s 
2024-12-09 21:49:35.517 [pool-3-thread-1] INFO  com.rs.mv.mvvs.client.catalog.manager.U2CatalogManager - [client:400203]cache file auto update thread launch in resources account
2024-12-09 21:49:35.517 [pool-3-thread-1] INFO  com.rs.mv.mvvs.client.catalog.from.config.DirsConfigReader - [client:400206]parse dir config information
2024-12-09 21:49:35.517 [pool-3-thread-1] INFO  com.rs.mv.mvvs.client.catalog.from.config.MappingConfigReader - [client:400207]parse mapping config information
2024-12-09 21:49:35.518 [pool-3-thread-1] INFO  com.rs.mv.mvvs.client.catalog.manager.U2CatalogManager - [client:400202]start a schedule task to get global/local catalog for resources, its period 5s 
2024-12-09 21:49:35.518 [pool-3-thread-1] INFO  com.rs.mv.mvvs.client.catalog.manager.U2CatalogManager - [client:400203]cache file auto update thread launch in filesystemcopy account
2024-12-09 21:49:35.518 [pool-3-thread-1] INFO  com.rs.mv.mvvs.client.catalog.from.config.DirsConfigReader - [client:400206]parse dir config information
2024-12-09 21:49:35.519 [pool-3-thread-1] INFO  com.rs.mv.mvvs.client.catalog.from.config.MappingConfigReader - [client:400207]parse mapping config information
2024-12-09 21:49:35.520 [pool-3-thread-1] INFO  com.rs.mv.mvvs.client.catalog.manager.U2CatalogManager - [client:400202]start a schedule task to get global/local catalog for filesystemcopy, its period 5s 
2024-12-09 21:49:35.521 [pool-3-thread-1] INFO  com.rs.mv.mvvs.client.catalog.manager.U2CatalogManager - [client:400203]cache file auto update thread launch in withSubfolders account
2024-12-09 21:49:35.521 [pool-3-thread-1] INFO  com.rs.mv.mvvs.client.catalog.from.config.DirsConfigReader - [client:400206]parse dir config information
2024-12-09 21:49:35.521 [pool-3-thread-1] INFO  com.rs.mv.mvvs.client.catalog.from.config.MappingConfigReader - [client:400207]parse mapping config information
2024-12-09 21:49:35.522 [pool-3-thread-1] INFO  com.rs.mv.mvvs.client.catalog.manager.U2CatalogManager - [client:400202]start a schedule task to get global/local catalog for withSubfolders, its period 5s 
2024-12-09 21:49:35.523 [pool-3-thread-1] INFO  com.rs.mv.mvvs.client.catalog.manager.U2CatalogManager - [client:400203]cache file auto update thread launch in mpdf account
2024-12-09 21:49:35.524 [pool-3-thread-1] INFO  com.rs.mv.mvvs.client.catalog.from.config.DirsConfigReader - [client:400206]parse dir config information
2024-12-09 21:49:35.525 [pool-3-thread-1] INFO  com.rs.mv.mvvs.client.catalog.from.config.MappingConfigReader - [client:400207]parse mapping config information
2024-12-09 21:49:35.526 [pool-3-thread-1] INFO  com.rs.mv.mvvs.client.catalog.manager.U2CatalogManager - [client:400202]start a schedule task to get global/local catalog for mpdf, its period 5s 
2024-12-09 21:49:35.528 [pool-3-thread-1] INFO  com.rs.mv.mvvs.client.catalog.manager.U2CatalogManager - [client:400203]cache file auto update thread launch in mpdf account
2024-12-09 21:49:35.540 [pool-3-thread-1] INFO  com.rs.mv.mvvs.client.catalog.from.config.DirsConfigReader - [client:400206]parse dir config information
2024-12-09 21:49:35.540 [pool-3-thread-1] INFO  com.rs.mv.mvvs.client.catalog.from.config.MappingConfigReader - [client:400207]parse mapping config information
2024-12-09 21:49:35.563 [pool-3-thread-1] INFO  com.rs.mv.mvvs.client.catalog.manager.U2CatalogManager - [client:400202]start a schedule task to get global/local catalog for mpdf, its period 5s 
2024-12-09 21:49:35.575 [pool-3-thread-1] INFO  com.rs.mv.mvvs.client.catalog.manager.U2CatalogManager - [client:400203]cache file auto update thread launch in .github account
2024-12-09 21:49:35.579 [pool-3-thread-1] INFO  com.rs.mv.mvvs.client.catalog.from.config.DirsConfigReader - [client:400206]parse dir config information
2024-12-09 21:49:35.579 [pool-3-thread-1] INFO  com.rs.mv.mvvs.client.catalog.from.config.MappingConfigReader - [client:400207]parse mapping config information
2024-12-09 21:49:35.580 [pool-3-thread-1] INFO  com.rs.mv.mvvs.client.catalog.manager.U2CatalogManager - [client:400202]start a schedule task to get global/local catalog for .github, its period 5s 
2024-12-09 21:49:35.581 [pool-3-thread-1] INFO  com.rs.mv.mvvs.client.catalog.manager.U2CatalogManager - [client:400203]cache file auto update thread launch in data account
2024-12-09 21:49:35.581 [pool-3-thread-1] INFO  com.rs.mv.mvvs.client.catalog.from.config.DirsConfigReader - [client:400206]parse dir config information
2024-12-09 21:49:35.582 [pool-3-thread-1] INFO  com.rs.mv.mvvs.client.catalog.from.config.MappingConfigReader - [client:400207]parse mapping config information
2024-12-09 21:49:35.582 [pool-3-thread-1] INFO  com.rs.mv.mvvs.client.catalog.manager.U2CatalogManager - [client:400202]start a schedule task to get global/local catalog for data, its period 5s 
2024-12-09 21:49:35.583 [pool-3-thread-1] INFO  com.rs.mv.mvvs.client.catalog.manager.U2CatalogManager - [client:400203]cache file auto update thread launch in src account
2024-12-09 21:49:35.583 [pool-3-thread-1] INFO  com.rs.mv.mvvs.client.catalog.from.config.DirsConfigReader - [client:400206]parse dir config information
2024-12-09 21:49:35.583 [pool-3-thread-1] INFO  com.rs.mv.mvvs.client.catalog.from.config.MappingConfigReader - [client:400207]parse mapping config information
2024-12-09 21:49:35.584 [pool-3-thread-1] INFO  com.rs.mv.mvvs.client.catalog.manager.U2CatalogManager - [client:400202]start a schedule task to get global/local catalog for src, its period 5s 
2024-12-09 21:49:35.584 [pool-3-thread-1] INFO  com.rs.mv.mvvs.client.catalog.manager.U2CatalogManager - [client:400203]cache file auto update thread launch in Http account
2024-12-09 21:49:35.585 [pool-3-thread-1] INFO  com.rs.mv.mvvs.client.catalog.from.config.DirsConfigReader - [client:400206]parse dir config information
2024-12-09 21:49:35.585 [pool-3-thread-1] INFO  com.rs.mv.mvvs.client.catalog.from.config.MappingConfigReader - [client:400207]parse mapping config information
2024-12-09 21:49:35.586 [pool-3-thread-1] INFO  com.rs.mv.mvvs.client.catalog.manager.U2CatalogManager - [client:400202]start a schedule task to get global/local catalog for Http, its period 5s 
2024-12-09 21:49:35.586 [pool-3-thread-1] INFO  com.rs.mv.mvvs.client.catalog.manager.U2CatalogManager - [client:400203]cache file auto update thread launch in Pdf account
2024-12-09 21:49:35.587 [pool-3-thread-1] INFO  com.rs.mv.mvvs.client.catalog.from.config.DirsConfigReader - [client:400206]parse dir config information
2024-12-09 21:49:35.587 [pool-3-thread-1] INFO  com.rs.mv.mvvs.client.catalog.from.config.MappingConfigReader - [client:400207]parse mapping config information
2024-12-09 21:49:35.588 [pool-3-thread-1] INFO  com.rs.mv.mvvs.client.catalog.manager.U2CatalogManager - [client:400202]start a schedule task to get global/local catalog for Pdf, its period 5s 
2024-12-09 21:49:35.588 [pool-3-thread-1] INFO  com.rs.mv.mvvs.client.catalog.manager.U2CatalogManager - [client:400203]cache file auto update thread launch in tmp account
2024-12-09 21:49:35.589 [pool-3-thread-1] INFO  com.rs.mv.mvvs.client.catalog.from.config.DirsConfigReader - [client:400206]parse dir config information
2024-12-09 21:49:35.589 [pool-3-thread-1] INFO  com.rs.mv.mvvs.client.catalog.from.config.MappingConfigReader - [client:400207]parse mapping config information
2024-12-09 21:49:35.590 [pool-3-thread-1] INFO  com.rs.mv.mvvs.client.catalog.manager.U2CatalogManager - [client:400202]start a schedule task to get global/local catalog for tmp, its period 5s 
2024-12-09 21:49:35.590 [pool-3-thread-1] INFO  com.rs.mv.mvvs.client.catalog.manager.U2CatalogManager - [client:400203]cache file auto update thread launch in mpdf account
2024-12-09 21:49:35.590 [pool-3-thread-1] INFO  com.rs.mv.mvvs.client.catalog.from.config.DirsConfigReader - [client:400206]parse dir config information
2024-12-09 21:49:35.591 [pool-3-thread-1] INFO  com.rs.mv.mvvs.client.catalog.from.config.MappingConfigReader - [client:400207]parse mapping config information
2024-12-09 21:49:35.591 [pool-3-thread-1] INFO  com.rs.mv.mvvs.client.catalog.manager.U2CatalogManager - [client:400202]start a schedule task to get global/local catalog for mpdf, its period 5s 
2024-12-09 21:49:35.603 [pool-3-thread-1] INFO  com.rs.mv.mvvs.client.catalog.manager.U2CatalogManager - [client:400203]cache file auto update thread launch in psr-http-message-shim account
2024-12-09 21:49:35.603 [pool-3-thread-1] INFO  com.rs.mv.mvvs.client.catalog.from.config.DirsConfigReader - [client:400206]parse dir config information
2024-12-09 21:49:35.604 [pool-3-thread-1] INFO  com.rs.mv.mvvs.client.catalog.from.config.MappingConfigReader - [client:400207]parse mapping config information
2024-12-09 21:49:35.604 [pool-3-thread-1] INFO  com.rs.mv.mvvs.client.catalog.manager.U2CatalogManager - [client:400202]start a schedule task to get global/local catalog for psr-http-message-shim, its period 5s 
2024-12-09 21:49:35.610 [pool-3-thread-1] INFO  com.rs.mv.mvvs.client.catalog.manager.U2CatalogManager - [client:400203]cache file auto update thread launch in psr-log-aware-trait account
2024-12-09 21:49:35.610 [pool-3-thread-1] INFO  com.rs.mv.mvvs.client.catalog.from.config.DirsConfigReader - [client:400206]parse dir config information
2024-12-09 21:49:35.611 [pool-3-thread-1] INFO  com.rs.mv.mvvs.client.catalog.from.config.MappingConfigReader - [client:400207]parse mapping config information
2024-12-09 21:49:35.611 [pool-3-thread-1] INFO  com.rs.mv.mvvs.client.catalog.manager.U2CatalogManager - [client:400202]start a schedule task to get global/local catalog for psr-log-aware-trait, its period 5s 
2024-12-09 21:49:35.612 [pool-3-thread-1] INFO  com.rs.mv.mvvs.client.catalog.manager.U2CatalogManager - [client:400203]cache file auto update thread launch in myclabs account
2024-12-09 21:49:35.612 [pool-3-thread-1] INFO  com.rs.mv.mvvs.client.catalog.from.config.DirsConfigReader - [client:400206]parse dir config information
2024-12-09 21:49:35.612 [pool-3-thread-1] INFO  com.rs.mv.mvvs.client.catalog.from.config.MappingConfigReader - [client:400207]parse mapping config information
2024-12-09 21:49:35.613 [pool-3-thread-1] INFO  com.rs.mv.mvvs.client.catalog.manager.U2CatalogManager - [client:400202]start a schedule task to get global/local catalog for myclabs, its period 5s 
2024-12-09 21:49:35.613 [pool-3-thread-1] INFO  com.rs.mv.mvvs.client.catalog.manager.U2CatalogManager - [client:400203]cache file auto update thread launch in deep-copy account
2024-12-09 21:49:35.614 [pool-3-thread-1] INFO  com.rs.mv.mvvs.client.catalog.from.config.DirsConfigReader - [client:400206]parse dir config information
2024-12-09 21:49:35.614 [pool-3-thread-1] INFO  com.rs.mv.mvvs.client.catalog.from.config.MappingConfigReader - [client:400207]parse mapping config information
2024-12-09 21:49:35.615 [pool-3-thread-1] INFO  com.rs.mv.mvvs.client.catalog.manager.U2CatalogManager - [client:400202]start a schedule task to get global/local catalog for deep-copy, its period 5s 
2024-12-09 21:49:35.615 [pool-3-thread-1] INFO  com.rs.mv.mvvs.client.catalog.manager.U2CatalogManager - [client:400203]cache file auto update thread launch in src account
2024-12-09 21:49:35.616 [pool-3-thread-1] INFO  com.rs.mv.mvvs.client.catalog.from.config.DirsConfigReader - [client:400206]parse dir config information
2024-12-09 21:49:35.616 [pool-3-thread-1] INFO  com.rs.mv.mvvs.client.catalog.from.config.MappingConfigReader - [client:400207]parse mapping config information
2024-12-09 21:49:35.616 [pool-3-thread-1] INFO  com.rs.mv.mvvs.client.catalog.manager.U2CatalogManager - [client:400202]start a schedule task to get global/local catalog for src, its period 5s 
2024-12-09 21:49:35.617 [pool-3-thread-1] INFO  com.rs.mv.mvvs.client.catalog.manager.U2CatalogManager - [client:400203]cache file auto update thread launch in DeepCopy account
2024-12-09 21:49:35.617 [pool-3-thread-1] INFO  com.rs.mv.mvvs.client.catalog.from.config.DirsConfigReader - [client:400206]parse dir config information
2024-12-09 21:49:35.617 [pool-3-thread-1] INFO  com.rs.mv.mvvs.client.catalog.from.config.MappingConfigReader - [client:400207]parse mapping config information
2024-12-09 21:49:35.618 [pool-3-thread-1] INFO  com.rs.mv.mvvs.client.catalog.manager.U2CatalogManager - [client:400202]start a schedule task to get global/local catalog for DeepCopy, its period 5s 
2024-12-09 21:49:35.618 [pool-3-thread-1] INFO  com.rs.mv.mvvs.client.catalog.manager.U2CatalogManager - [client:400203]cache file auto update thread launch in Filter account
2024-12-09 21:49:35.619 [pool-3-thread-1] INFO  com.rs.mv.mvvs.client.catalog.from.config.DirsConfigReader - [client:400206]parse dir config information
2024-12-09 21:49:35.619 [pool-3-thread-1] INFO  com.rs.mv.mvvs.client.catalog.from.config.MappingConfigReader - [client:400207]parse mapping config information
2024-12-09 21:49:35.619 [pool-3-thread-1] INFO  com.rs.mv.mvvs.client.catalog.manager.U2CatalogManager - [client:400202]start a schedule task to get global/local catalog for Filter, its period 5s 
2024-12-09 21:49:35.620 [pool-3-thread-1] INFO  com.rs.mv.mvvs.client.catalog.manager.U2CatalogManager - [client:400203]cache file auto update thread launch in Matcher account
2024-12-09 21:49:35.620 [pool-3-thread-1] INFO  com.rs.mv.mvvs.client.catalog.from.config.DirsConfigReader - [client:400206]parse dir config information
2024-12-09 21:49:35.620 [pool-3-thread-1] INFO  com.rs.mv.mvvs.client.catalog.from.config.MappingConfigReader - [client:400207]parse mapping config information
2024-12-09 21:49:35.621 [pool-3-thread-1] INFO  com.rs.mv.mvvs.client.catalog.manager.U2CatalogManager - [client:400202]start a schedule task to get global/local catalog for Matcher, its period 5s 
2024-12-09 21:49:35.621 [pool-3-thread-1] INFO  com.rs.mv.mvvs.client.catalog.manager.U2CatalogManager - [client:400203]cache file auto update thread launch in TypeFilter account
2024-12-09 21:49:35.622 [pool-3-thread-1] INFO  com.rs.mv.mvvs.client.catalog.from.config.DirsConfigReader - [client:400206]parse dir config information
2024-12-09 21:49:35.622 [pool-3-thread-1] INFO  com.rs.mv.mvvs.client.catalog.from.config.MappingConfigReader - [client:400207]parse mapping config information
2024-12-09 21:49:35.622 [pool-3-thread-1] INFO  com.rs.mv.mvvs.client.catalog.manager.U2CatalogManager - [client:400202]start a schedule task to get global/local catalog for TypeFilter, its period 5s 
2024-12-09 21:49:35.623 [pool-3-thread-1] INFO  com.rs.mv.mvvs.client.catalog.manager.U2CatalogManager - [client:400203]cache file auto update thread launch in nikic account
2024-12-09 21:49:35.623 [pool-3-thread-1] INFO  com.rs.mv.mvvs.client.catalog.from.config.DirsConfigReader - [client:400206]parse dir config information
2024-12-09 21:49:35.624 [pool-3-thread-1] INFO  com.rs.mv.mvvs.client.catalog.from.config.MappingConfigReader - [client:400207]parse mapping config information
2024-12-09 21:49:35.624 [pool-3-thread-1] INFO  com.rs.mv.mvvs.client.catalog.manager.U2CatalogManager - [client:400202]start a schedule task to get global/local catalog for nikic, its period 5s 
2024-12-09 21:49:35.626 [pool-3-thread-1] INFO  com.rs.mv.mvvs.client.catalog.manager.U2CatalogManager - [client:400203]cache file auto update thread launch in php-parser account
2024-12-09 21:49:35.626 [pool-3-thread-1] INFO  com.rs.mv.mvvs.client.catalog.from.config.DirsConfigReader - [client:400206]parse dir config information
2024-12-09 21:49:35.627 [pool-3-thread-1] INFO  com.rs.mv.mvvs.client.catalog.from.config.MappingConfigReader - [client:400207]parse mapping config information
2024-12-09 21:49:35.627 [pool-3-thread-1] INFO  com.rs.mv.mvvs.client.catalog.manager.U2CatalogManager - [client:400202]start a schedule task to get global/local catalog for php-parser, its period 5s 
2024-12-09 21:49:35.628 [pool-3-thread-1] INFO  com.rs.mv.mvvs.client.catalog.manager.U2CatalogManager - [client:400203]cache file auto update thread launch in lib account
2024-12-09 21:49:35.628 [pool-3-thread-1] INFO  com.rs.mv.mvvs.client.catalog.from.config.DirsConfigReader - [client:400206]parse dir config information
2024-12-09 21:49:35.629 [pool-3-thread-1] INFO  com.rs.mv.mvvs.client.catalog.from.config.MappingConfigReader - [client:400207]parse mapping config information
2024-12-09 21:49:35.629 [pool-3-thread-1] INFO  com.rs.mv.mvvs.client.catalog.manager.U2CatalogManager - [client:400202]start a schedule task to get global/local catalog for lib, its period 5s 
2024-12-09 21:49:35.630 [pool-3-thread-1] INFO  com.rs.mv.mvvs.client.catalog.manager.U2CatalogManager - [client:400203]cache file auto update thread launch in PhpParser account
2024-12-09 21:49:35.630 [pool-3-thread-1] INFO  com.rs.mv.mvvs.client.catalog.from.config.DirsConfigReader - [client:400206]parse dir config information
2024-12-09 21:49:35.630 [pool-3-thread-1] INFO  com.rs.mv.mvvs.client.catalog.from.config.MappingConfigReader - [client:400207]parse mapping config information
2024-12-09 21:49:35.631 [pool-3-thread-1] INFO  com.rs.mv.mvvs.client.catalog.manager.U2CatalogManager - [client:400202]start a schedule task to get global/local catalog for PhpParser, its period 5s 
2024-12-09 21:49:35.631 [pool-3-thread-1] INFO  com.rs.mv.mvvs.client.catalog.manager.U2CatalogManager - [client:400203]cache file auto update thread launch in Lexer account
2024-12-09 21:49:35.632 [pool-3-thread-1] INFO  com.rs.mv.mvvs.client.catalog.from.config.DirsConfigReader - [client:400206]parse dir config information
2024-12-09 21:49:35.632 [pool-3-thread-1] INFO  com.rs.mv.mvvs.client.catalog.from.config.MappingConfigReader - [client:400207]parse mapping config information
2024-12-09 21:49:35.633 [pool-3-thread-1] INFO  com.rs.mv.mvvs.client.catalog.manager.U2CatalogManager - [client:400202]start a schedule task to get global/local catalog for Lexer, its period 5s 
2024-12-09 21:49:35.633 [pool-3-thread-1] INFO  com.rs.mv.mvvs.client.catalog.manager.U2CatalogManager - [client:400203]cache file auto update thread launch in Node account
2024-12-09 21:49:35.633 [pool-3-thread-1] INFO  com.rs.mv.mvvs.client.catalog.from.config.DirsConfigReader - [client:400206]parse dir config information
2024-12-09 21:49:35.634 [pool-3-thread-1] INFO  com.rs.mv.mvvs.client.catalog.from.config.MappingConfigReader - [client:400207]parse mapping config information
2024-12-09 21:49:35.634 [pool-3-thread-1] INFO  com.rs.mv.mvvs.client.catalog.manager.U2CatalogManager - [client:400202]start a schedule task to get global/local catalog for Node, its period 5s 
2024-12-09 21:49:35.635 [pool-3-thread-1] INFO  com.rs.mv.mvvs.client.catalog.manager.U2CatalogManager - [client:400203]cache file auto update thread launch in Expr account
2024-12-09 21:49:35.635 [pool-3-thread-1] INFO  com.rs.mv.mvvs.client.catalog.from.config.DirsConfigReader - [client:400206]parse dir config information
2024-12-09 21:49:35.635 [pool-3-thread-1] INFO  com.rs.mv.mvvs.client.catalog.from.config.MappingConfigReader - [client:400207]parse mapping config information
2024-12-09 21:49:35.636 [pool-3-thread-1] INFO  com.rs.mv.mvvs.client.catalog.manager.U2CatalogManager - [client:400202]start a schedule task to get global/local catalog for Expr, its period 5s 
2024-12-09 21:49:35.637 [pool-3-thread-1] INFO  com.rs.mv.mvvs.client.catalog.manager.U2CatalogManager - [client:400203]cache file auto update thread launch in Scalar account
2024-12-09 21:49:35.637 [pool-3-thread-1] INFO  com.rs.mv.mvvs.client.catalog.from.config.DirsConfigReader - [client:400206]parse dir config information
2024-12-09 21:49:35.637 [pool-3-thread-1] INFO  com.rs.mv.mvvs.client.catalog.from.config.MappingConfigReader - [client:400207]parse mapping config information
2024-12-09 21:49:35.638 [pool-3-thread-1] INFO  com.rs.mv.mvvs.client.catalog.manager.U2CatalogManager - [client:400202]start a schedule task to get global/local catalog for Scalar, its period 5s 
2024-12-09 21:49:35.638 [pool-3-thread-1] INFO  com.rs.mv.mvvs.client.catalog.manager.U2CatalogManager - [client:400203]cache file auto update thread launch in Stmt account
2024-12-09 21:49:35.638 [pool-3-thread-1] INFO  com.rs.mv.mvvs.client.catalog.from.config.DirsConfigReader - [client:400206]parse dir config information
2024-12-09 21:49:35.639 [pool-3-thread-1] INFO  com.rs.mv.mvvs.client.catalog.from.config.MappingConfigReader - [client:400207]parse mapping config information
2024-12-09 21:49:35.639 [pool-3-thread-1] INFO  com.rs.mv.mvvs.client.catalog.manager.U2CatalogManager - [client:400202]start a schedule task to get global/local catalog for Stmt, its period 5s 
2024-12-09 21:49:35.640 [pool-3-thread-1] INFO  com.rs.mv.mvvs.client.catalog.manager.U2CatalogManager - [client:400203]cache file auto update thread launch in paragonie account
2024-12-09 21:49:35.640 [pool-3-thread-1] INFO  com.rs.mv.mvvs.client.catalog.from.config.DirsConfigReader - [client:400206]parse dir config information
2024-12-09 21:49:35.640 [pool-3-thread-1] INFO  com.rs.mv.mvvs.client.catalog.from.config.MappingConfigReader - [client:400207]parse mapping config information
2024-12-09 21:49:35.641 [pool-3-thread-1] INFO  com.rs.mv.mvvs.client.catalog.manager.U2CatalogManager - [client:400202]start a schedule task to get global/local catalog for paragonie, its period 5s 
2024-12-09 21:49:35.641 [pool-3-thread-1] INFO  com.rs.mv.mvvs.client.catalog.manager.U2CatalogManager - [client:400203]cache file auto update thread launch in random_compat account
2024-12-09 21:49:35.642 [pool-3-thread-1] INFO  com.rs.mv.mvvs.client.catalog.from.config.DirsConfigReader - [client:400206]parse dir config information
2024-12-09 21:49:35.642 [pool-3-thread-1] INFO  com.rs.mv.mvvs.client.catalog.from.config.MappingConfigReader - [client:400207]parse mapping config information
2024-12-09 21:49:35.644 [pool-3-thread-1] INFO  com.rs.mv.mvvs.client.catalog.manager.U2CatalogManager - [client:400202]start a schedule task to get global/local catalog for random_compat, its period 5s 
2024-12-09 21:49:35.644 [pool-3-thread-1] INFO  com.rs.mv.mvvs.client.catalog.manager.U2CatalogManager - [client:400203]cache file auto update thread launch in phar-io account
2024-12-09 21:49:35.645 [pool-3-thread-1] INFO  com.rs.mv.mvvs.client.catalog.from.config.DirsConfigReader - [client:400206]parse dir config information
2024-12-09 21:49:35.645 [pool-3-thread-1] INFO  com.rs.mv.mvvs.client.catalog.from.config.MappingConfigReader - [client:400207]parse mapping config information
2024-12-09 21:49:35.646 [pool-3-thread-1] INFO  com.rs.mv.mvvs.client.catalog.manager.U2CatalogManager - [client:400202]start a schedule task to get global/local catalog for phar-io, its period 5s 
2024-12-09 21:49:35.646 [pool-3-thread-1] INFO  com.rs.mv.mvvs.client.catalog.manager.U2CatalogManager - [client:400203]cache file auto update thread launch in manifest account
2024-12-09 21:49:35.646 [pool-3-thread-1] INFO  com.rs.mv.mvvs.client.catalog.from.config.DirsConfigReader - [client:400206]parse dir config information
2024-12-09 21:49:35.647 [pool-3-thread-1] INFO  com.rs.mv.mvvs.client.catalog.from.config.MappingConfigReader - [client:400207]parse mapping config information
2024-12-09 21:49:35.647 [pool-3-thread-1] INFO  com.rs.mv.mvvs.client.catalog.manager.U2CatalogManager - [client:400202]start a schedule task to get global/local catalog for manifest, its period 5s 
2024-12-09 21:49:35.648 [pool-3-thread-1] INFO  com.rs.mv.mvvs.client.catalog.manager.U2CatalogManager - [client:400203]cache file auto update thread launch in .github account
2024-12-09 21:49:35.648 [pool-3-thread-1] INFO  com.rs.mv.mvvs.client.catalog.from.config.DirsConfigReader - [client:400206]parse dir config information
2024-12-09 21:49:35.649 [pool-3-thread-1] INFO  com.rs.mv.mvvs.client.catalog.from.config.MappingConfigReader - [client:400207]parse mapping config information
2024-12-09 21:49:35.649 [pool-3-thread-1] INFO  com.rs.mv.mvvs.client.catalog.manager.U2CatalogManager - [client:400202]start a schedule task to get global/local catalog for .github, its period 5s 
2024-12-09 21:49:35.650 [pool-3-thread-1] INFO  com.rs.mv.mvvs.client.catalog.manager.U2CatalogManager - [client:400203]cache file auto update thread launch in src account
2024-12-09 21:49:35.650 [pool-3-thread-1] INFO  com.rs.mv.mvvs.client.catalog.from.config.DirsConfigReader - [client:400206]parse dir config information
2024-12-09 21:49:35.650 [pool-3-thread-1] INFO  com.rs.mv.mvvs.client.catalog.from.config.MappingConfigReader - [client:400207]parse mapping config information
2024-12-09 21:49:35.651 [pool-3-thread-1] INFO  com.rs.mv.mvvs.client.catalog.manager.U2CatalogManager - [client:400202]start a schedule task to get global/local catalog for src, its period 5s 
2024-12-09 21:49:35.656 [pool-3-thread-1] INFO  com.rs.mv.mvvs.client.catalog.manager.U2CatalogManager - [client:400203]cache file auto update thread launch in tools account
2024-12-09 21:49:35.657 [pool-3-thread-1] INFO  com.rs.mv.mvvs.client.catalog.from.config.DirsConfigReader - [client:400206]parse dir config information
2024-12-09 21:49:35.657 [pool-3-thread-1] INFO  com.rs.mv.mvvs.client.catalog.from.config.MappingConfigReader - [client:400207]parse mapping config information
2024-12-09 21:49:35.657 [pool-3-thread-1] INFO  com.rs.mv.mvvs.client.catalog.manager.U2CatalogManager - [client:400202]start a schedule task to get global/local catalog for tools, its period 5s 
2024-12-09 21:49:35.658 [pool-3-thread-1] INFO  com.rs.mv.mvvs.client.catalog.manager.U2CatalogManager - [client:400203]cache file auto update thread launch in version account
2024-12-09 21:49:35.658 [pool-3-thread-1] INFO  com.rs.mv.mvvs.client.catalog.from.config.DirsConfigReader - [client:400206]parse dir config information
2024-12-09 21:49:35.659 [pool-3-thread-1] INFO  com.rs.mv.mvvs.client.catalog.from.config.MappingConfigReader - [client:400207]parse mapping config information
2024-12-09 21:49:35.659 [pool-3-thread-1] INFO  com.rs.mv.mvvs.client.catalog.manager.U2CatalogManager - [client:400202]start a schedule task to get global/local catalog for version, its period 5s 
2024-12-09 21:49:35.660 [pool-3-thread-1] INFO  com.rs.mv.mvvs.client.catalog.manager.U2CatalogManager - [client:400203]cache file auto update thread launch in src account
2024-12-09 21:49:35.660 [pool-3-thread-1] INFO  com.rs.mv.mvvs.client.catalog.from.config.DirsConfigReader - [client:400206]parse dir config information
2024-12-09 21:49:35.660 [pool-3-thread-1] INFO  com.rs.mv.mvvs.client.catalog.from.config.MappingConfigReader - [client:400207]parse mapping config information
2024-12-09 21:49:35.661 [pool-3-thread-1] INFO  com.rs.mv.mvvs.client.catalog.manager.U2CatalogManager - [client:400202]start a schedule task to get global/local catalog for src, its period 5s 
2024-12-09 21:49:35.662 [pool-3-thread-1] INFO  com.rs.mv.mvvs.client.catalog.manager.U2CatalogManager - [client:400203]cache file auto update thread launch in phpunit account
2024-12-09 21:49:35.662 [pool-3-thread-1] INFO  com.rs.mv.mvvs.client.catalog.from.config.DirsConfigReader - [client:400206]parse dir config information
2024-12-09 21:49:35.662 [pool-3-thread-1] INFO  com.rs.mv.mvvs.client.catalog.from.config.MappingConfigReader - [client:400207]parse mapping config information
2024-12-09 21:49:35.663 [pool-3-thread-1] INFO  com.rs.mv.mvvs.client.catalog.manager.U2CatalogManager - [client:400202]start a schedule task to get global/local catalog for phpunit, its period 5s 
2024-12-09 21:49:35.676 [pool-3-thread-1] INFO  com.rs.mv.mvvs.client.catalog.manager.U2CatalogManager - [client:400203]cache file auto update thread launch in php-code-coverage account
2024-12-09 21:49:35.676 [pool-3-thread-1] INFO  com.rs.mv.mvvs.client.catalog.from.config.DirsConfigReader - [client:400206]parse dir config information
2024-12-09 21:49:35.677 [pool-3-thread-1] INFO  com.rs.mv.mvvs.client.catalog.from.config.MappingConfigReader - [client:400207]parse mapping config information
2024-12-09 21:49:35.677 [pool-3-thread-1] INFO  com.rs.mv.mvvs.client.catalog.manager.U2CatalogManager - [client:400202]start a schedule task to get global/local catalog for php-code-coverage, its period 5s 
2024-12-09 21:49:35.678 [pool-3-thread-1] INFO  com.rs.mv.mvvs.client.catalog.manager.U2CatalogManager - [client:400203]cache file auto update thread launch in src account
2024-12-09 21:49:35.678 [pool-3-thread-1] INFO  com.rs.mv.mvvs.client.catalog.from.config.DirsConfigReader - [client:400206]parse dir config information
2024-12-09 21:49:35.678 [pool-3-thread-1] INFO  com.rs.mv.mvvs.client.catalog.from.config.MappingConfigReader - [client:400207]parse mapping config information
2024-12-09 21:49:35.679 [pool-3-thread-1] INFO  com.rs.mv.mvvs.client.catalog.manager.U2CatalogManager - [client:400202]start a schedule task to get global/local catalog for src, its period 5s 
2024-12-09 21:49:35.680 [pool-3-thread-1] INFO  com.rs.mv.mvvs.client.catalog.manager.U2CatalogManager - [client:400203]cache file auto update thread launch in Report account
2024-12-09 21:49:35.680 [pool-3-thread-1] INFO  com.rs.mv.mvvs.client.catalog.from.config.DirsConfigReader - [client:400206]parse dir config information
2024-12-09 21:49:35.680 [pool-3-thread-1] INFO  com.rs.mv.mvvs.client.catalog.from.config.MappingConfigReader - [client:400207]parse mapping config information
2024-12-09 21:49:35.681 [pool-3-thread-1] INFO  com.rs.mv.mvvs.client.catalog.manager.U2CatalogManager - [client:400202]start a schedule task to get global/local catalog for Report, its period 5s 
2024-12-09 21:49:35.681 [pool-3-thread-1] INFO  com.rs.mv.mvvs.client.catalog.manager.U2CatalogManager - [client:400203]cache file auto update thread launch in Html account
2024-12-09 21:49:35.681 [pool-3-thread-1] INFO  com.rs.mv.mvvs.client.catalog.from.config.DirsConfigReader - [client:400206]parse dir config information
2024-12-09 21:49:35.682 [pool-3-thread-1] INFO  com.rs.mv.mvvs.client.catalog.from.config.MappingConfigReader - [client:400207]parse mapping config information
2024-12-09 21:49:35.682 [pool-3-thread-1] INFO  com.rs.mv.mvvs.client.catalog.manager.U2CatalogManager - [client:400202]start a schedule task to get global/local catalog for Html, its period 5s 
2024-12-09 21:49:35.683 [pool-3-thread-1] INFO  com.rs.mv.mvvs.client.catalog.manager.U2CatalogManager - [client:400203]cache file auto update thread launch in Renderer account
2024-12-09 21:49:35.684 [pool-3-thread-1] INFO  com.rs.mv.mvvs.client.catalog.from.config.DirsConfigReader - [client:400206]parse dir config information
2024-12-09 21:49:35.684 [pool-3-thread-1] INFO  com.rs.mv.mvvs.client.catalog.from.config.MappingConfigReader - [client:400207]parse mapping config information
2024-12-09 21:49:35.685 [pool-3-thread-1] INFO  com.rs.mv.mvvs.client.catalog.manager.U2CatalogManager - [client:400202]start a schedule task to get global/local catalog for Renderer, its period 5s 
2024-12-09 21:49:35.686 [pool-3-thread-1] INFO  com.rs.mv.mvvs.client.catalog.manager.U2CatalogManager - [client:400203]cache file auto update thread launch in Template account
2024-12-09 21:49:35.687 [pool-3-thread-1] INFO  com.rs.mv.mvvs.client.catalog.from.config.DirsConfigReader - [client:400206]parse dir config information
2024-12-09 21:49:35.687 [pool-3-thread-1] INFO  com.rs.mv.mvvs.client.catalog.from.config.MappingConfigReader - [client:400207]parse mapping config information
2024-12-09 21:49:35.688 [pool-3-thread-1] INFO  com.rs.mv.mvvs.client.catalog.manager.U2CatalogManager - [client:400202]start a schedule task to get global/local catalog for Template, its period 5s 
2024-12-09 21:49:35.688 [pool-3-thread-1] INFO  com.rs.mv.mvvs.client.catalog.manager.U2CatalogManager - [client:400203]cache file auto update thread launch in php-file-iterator account
2024-12-09 21:49:35.689 [pool-3-thread-1] INFO  com.rs.mv.mvvs.client.catalog.from.config.DirsConfigReader - [client:400206]parse dir config information
2024-12-09 21:49:35.689 [pool-3-thread-1] INFO  com.rs.mv.mvvs.client.catalog.from.config.MappingConfigReader - [client:400207]parse mapping config information
2024-12-09 21:49:35.695 [pool-3-thread-1] INFO  com.rs.mv.mvvs.client.catalog.manager.U2CatalogManager - [client:400202]start a schedule task to get global/local catalog for php-file-iterator, its period 5s 
2024-12-09 21:49:35.698 [pool-3-thread-1] INFO  com.rs.mv.mvvs.client.catalog.manager.U2CatalogManager - [client:400203]cache file auto update thread launch in php-invoker account
2024-12-09 21:49:35.698 [pool-3-thread-1] INFO  com.rs.mv.mvvs.client.catalog.from.config.DirsConfigReader - [client:400206]parse dir config information
2024-12-09 21:49:35.699 [pool-3-thread-1] INFO  com.rs.mv.mvvs.client.catalog.from.config.MappingConfigReader - [client:400207]parse mapping config information
2024-12-09 21:49:35.699 [pool-3-thread-1] INFO  com.rs.mv.mvvs.client.catalog.manager.U2CatalogManager - [client:400202]start a schedule task to get global/local catalog for php-invoker, its period 5s 
2024-12-09 21:49:35.700 [pool-3-thread-1] INFO  com.rs.mv.mvvs.client.catalog.manager.U2CatalogManager - [client:400203]cache file auto update thread launch in src account
2024-12-09 21:49:35.700 [pool-3-thread-1] INFO  com.rs.mv.mvvs.client.catalog.from.config.DirsConfigReader - [client:400206]parse dir config information
2024-12-09 21:49:35.700 [pool-3-thread-1] INFO  com.rs.mv.mvvs.client.catalog.from.config.MappingConfigReader - [client:400207]parse mapping config information
2024-12-09 21:49:35.701 [pool-3-thread-1] INFO  com.rs.mv.mvvs.client.catalog.manager.U2CatalogManager - [client:400202]start a schedule task to get global/local catalog for src, its period 5s 
2024-12-09 21:49:35.702 [pool-3-thread-1] INFO  com.rs.mv.mvvs.client.catalog.manager.U2CatalogManager - [client:400203]cache file auto update thread launch in php-text-template account
2024-12-09 21:49:35.702 [pool-3-thread-1] INFO  com.rs.mv.mvvs.client.catalog.from.config.DirsConfigReader - [client:400206]parse dir config information
2024-12-09 21:49:35.703 [pool-3-thread-1] INFO  com.rs.mv.mvvs.client.catalog.from.config.MappingConfigReader - [client:400207]parse mapping config information
2024-12-09 21:49:35.703 [pool-3-thread-1] INFO  com.rs.mv.mvvs.client.catalog.manager.U2CatalogManager - [client:400202]start a schedule task to get global/local catalog for php-text-template, its period 5s 
2024-12-09 21:49:35.704 [pool-3-thread-1] INFO  com.rs.mv.mvvs.client.catalog.manager.U2CatalogManager - [client:400203]cache file auto update thread launch in src account
2024-12-09 21:49:35.704 [pool-3-thread-1] INFO  com.rs.mv.mvvs.client.catalog.from.config.DirsConfigReader - [client:400206]parse dir config information
2024-12-09 21:49:35.705 [pool-3-thread-1] INFO  com.rs.mv.mvvs.client.catalog.from.config.MappingConfigReader - [client:400207]parse mapping config information
2024-12-09 21:49:35.705 [pool-3-thread-1] INFO  com.rs.mv.mvvs.client.catalog.manager.U2CatalogManager - [client:400202]start a schedule task to get global/local catalog for src, its period 5s 
2024-12-09 21:49:35.706 [pool-3-thread-1] INFO  com.rs.mv.mvvs.client.catalog.manager.U2CatalogManager - [client:400203]cache file auto update thread launch in php-timer account
2024-12-09 21:49:35.715 [pool-3-thread-1] INFO  com.rs.mv.mvvs.client.catalog.from.config.DirsConfigReader - [client:400206]parse dir config information
2024-12-09 21:49:35.715 [pool-3-thread-1] INFO  com.rs.mv.mvvs.client.catalog.from.config.MappingConfigReader - [client:400207]parse mapping config information
2024-12-09 21:49:35.716 [pool-3-thread-1] INFO  com.rs.mv.mvvs.client.catalog.manager.U2CatalogManager - [client:400202]start a schedule task to get global/local catalog for php-timer, its period 5s 
2024-12-09 21:49:35.716 [pool-3-thread-1] INFO  com.rs.mv.mvvs.client.catalog.manager.U2CatalogManager - [client:400203]cache file auto update thread launch in src account
2024-12-09 21:49:35.717 [pool-3-thread-1] INFO  com.rs.mv.mvvs.client.catalog.from.config.DirsConfigReader - [client:400206]parse dir config information
2024-12-09 21:49:35.717 [pool-3-thread-1] INFO  com.rs.mv.mvvs.client.catalog.from.config.MappingConfigReader - [client:400207]parse mapping config information
2024-12-09 21:49:35.718 [pool-3-thread-1] INFO  com.rs.mv.mvvs.client.catalog.manager.U2CatalogManager - [client:400202]start a schedule task to get global/local catalog for src, its period 5s 
2024-12-09 21:49:35.718 [pool-3-thread-1] INFO  com.rs.mv.mvvs.client.catalog.manager.U2CatalogManager - [client:400203]cache file auto update thread launch in phpunit account
2024-12-09 21:49:35.719 [pool-3-thread-1] INFO  com.rs.mv.mvvs.client.catalog.from.config.DirsConfigReader - [client:400206]parse dir config information
2024-12-09 21:49:35.719 [pool-3-thread-1] INFO  com.rs.mv.mvvs.client.catalog.from.config.MappingConfigReader - [client:400207]parse mapping config information
2024-12-09 21:49:35.719 [pool-3-thread-1] INFO  com.rs.mv.mvvs.client.catalog.manager.U2CatalogManager - [client:400202]start a schedule task to get global/local catalog for phpunit, its period 5s 
2024-12-09 21:49:35.740 [pool-3-thread-1] INFO  com.rs.mv.mvvs.client.catalog.manager.U2CatalogManager - [client:400203]cache file auto update thread launch in src account
2024-12-09 21:49:35.740 [pool-3-thread-1] INFO  com.rs.mv.mvvs.client.catalog.from.config.DirsConfigReader - [client:400206]parse dir config information
2024-12-09 21:49:35.741 [pool-3-thread-1] INFO  com.rs.mv.mvvs.client.catalog.from.config.MappingConfigReader - [client:400207]parse mapping config information
2024-12-09 21:49:35.741 [pool-3-thread-1] INFO  com.rs.mv.mvvs.client.catalog.manager.U2CatalogManager - [client:400202]start a schedule task to get global/local catalog for src, its period 5s 
2024-12-09 21:49:35.742 [pool-3-thread-1] INFO  com.rs.mv.mvvs.client.catalog.manager.U2CatalogManager - [client:400203]cache file auto update thread launch in Event account
2024-12-09 21:49:35.742 [pool-3-thread-1] INFO  com.rs.mv.mvvs.client.catalog.from.config.DirsConfigReader - [client:400206]parse dir config information
2024-12-09 21:49:35.742 [pool-3-thread-1] INFO  com.rs.mv.mvvs.client.catalog.from.config.MappingConfigReader - [client:400207]parse mapping config information
2024-12-09 21:49:35.743 [pool-3-thread-1] INFO  com.rs.mv.mvvs.client.catalog.manager.U2CatalogManager - [client:400202]start a schedule task to get global/local catalog for Event, its period 5s 
2024-12-09 21:49:35.743 [pool-3-thread-1] INFO  com.rs.mv.mvvs.client.catalog.manager.U2CatalogManager - [client:400203]cache file auto update thread launch in Events account
2024-12-09 21:49:35.744 [pool-3-thread-1] INFO  com.rs.mv.mvvs.client.catalog.from.config.DirsConfigReader - [client:400206]parse dir config information
2024-12-09 21:49:35.744 [pool-3-thread-1] INFO  com.rs.mv.mvvs.client.catalog.from.config.MappingConfigReader - [client:400207]parse mapping config information
2024-12-09 21:49:35.762 [pool-3-thread-1] INFO  com.rs.mv.mvvs.client.catalog.manager.U2CatalogManager - [client:400202]start a schedule task to get global/local catalog for Events, its period 5s 
2024-12-09 21:49:35.763 [pool-3-thread-1] INFO  com.rs.mv.mvvs.client.catalog.manager.U2CatalogManager - [client:400203]cache file auto update thread launch in Test account
2024-12-09 21:49:35.777 [pool-3-thread-1] INFO  com.rs.mv.mvvs.client.catalog.from.config.DirsConfigReader - [client:400206]parse dir config information
2024-12-09 21:49:35.777 [pool-3-thread-1] INFO  com.rs.mv.mvvs.client.catalog.from.config.MappingConfigReader - [client:400207]parse mapping config information
2024-12-09 21:49:35.778 [pool-3-thread-1] INFO  com.rs.mv.mvvs.client.catalog.manager.U2CatalogManager - [client:400202]start a schedule task to get global/local catalog for Test, its period 5s 
2024-12-09 21:49:35.778 [pool-3-thread-1] INFO  com.rs.mv.mvvs.client.catalog.manager.U2CatalogManager - [client:400203]cache file auto update thread launch in Value account
2024-12-09 21:49:35.779 [pool-3-thread-1] INFO  com.rs.mv.mvvs.client.catalog.from.config.DirsConfigReader - [client:400206]parse dir config information
2024-12-09 21:49:35.779 [pool-3-thread-1] INFO  com.rs.mv.mvvs.client.catalog.from.config.MappingConfigReader - [client:400207]parse mapping config information
2024-12-09 21:49:35.779 [pool-3-thread-1] INFO  com.rs.mv.mvvs.client.catalog.manager.U2CatalogManager - [client:400202]start a schedule task to get global/local catalog for Value, its period 5s 
2024-12-09 21:49:35.780 [pool-3-thread-1] INFO  com.rs.mv.mvvs.client.catalog.manager.U2CatalogManager - [client:400203]cache file auto update thread launch in Test account
2024-12-09 21:49:35.780 [pool-3-thread-1] INFO  com.rs.mv.mvvs.client.catalog.from.config.DirsConfigReader - [client:400206]parse dir config information
2024-12-09 21:49:35.781 [pool-3-thread-1] INFO  com.rs.mv.mvvs.client.catalog.from.config.MappingConfigReader - [client:400207]parse mapping config information
2024-12-09 21:49:35.781 [pool-3-thread-1] INFO  com.rs.mv.mvvs.client.catalog.manager.U2CatalogManager - [client:400202]start a schedule task to get global/local catalog for Test, its period 5s 
2024-12-09 21:49:35.782 [pool-3-thread-1] INFO  com.rs.mv.mvvs.client.catalog.manager.U2CatalogManager - [client:400203]cache file auto update thread launch in Framework account
2024-12-09 21:49:35.783 [pool-3-thread-1] INFO  com.rs.mv.mvvs.client.catalog.from.config.DirsConfigReader - [client:400206]parse dir config information
2024-12-09 21:49:35.783 [pool-3-thread-1] INFO  com.rs.mv.mvvs.client.catalog.from.config.MappingConfigReader - [client:400207]parse mapping config information
2024-12-09 21:49:35.784 [pool-3-thread-1] INFO  com.rs.mv.mvvs.client.catalog.manager.U2CatalogManager - [client:400202]start a schedule task to get global/local catalog for Framework, its period 5s 
2024-12-09 21:49:35.785 [pool-3-thread-1] INFO  com.rs.mv.mvvs.client.catalog.manager.U2CatalogManager - [client:400203]cache file auto update thread launch in Constraint account
2024-12-09 21:49:35.785 [pool-3-thread-1] INFO  com.rs.mv.mvvs.client.catalog.from.config.DirsConfigReader - [client:400206]parse dir config information
2024-12-09 21:49:35.786 [pool-3-thread-1] INFO  com.rs.mv.mvvs.client.catalog.from.config.MappingConfigReader - [client:400207]parse mapping config information
2024-12-09 21:49:35.786 [pool-3-thread-1] INFO  com.rs.mv.mvvs.client.catalog.manager.U2CatalogManager - [client:400202]start a schedule task to get global/local catalog for Constraint, its period 5s 
2024-12-09 21:49:35.787 [pool-3-thread-1] INFO  com.rs.mv.mvvs.client.catalog.manager.U2CatalogManager - [client:400203]cache file auto update thread launch in Exception account
2024-12-09 21:49:35.787 [pool-3-thread-1] INFO  com.rs.mv.mvvs.client.catalog.from.config.DirsConfigReader - [client:400206]parse dir config information
2024-12-09 21:49:35.788 [pool-3-thread-1] INFO  com.rs.mv.mvvs.client.catalog.from.config.MappingConfigReader - [client:400207]parse mapping config information
2024-12-09 21:49:35.789 [pool-3-thread-1] INFO  com.rs.mv.mvvs.client.catalog.manager.U2CatalogManager - [client:400202]start a schedule task to get global/local catalog for Exception, its period 5s 
2024-12-09 21:49:35.790 [pool-3-thread-1] INFO  com.rs.mv.mvvs.client.catalog.manager.U2CatalogManager - [client:400203]cache file auto update thread launch in MockObject account
2024-12-09 21:49:35.790 [pool-3-thread-1] INFO  com.rs.mv.mvvs.client.catalog.from.config.DirsConfigReader - [client:400206]parse dir config information
2024-12-09 21:49:35.790 [pool-3-thread-1] INFO  com.rs.mv.mvvs.client.catalog.from.config.MappingConfigReader - [client:400207]parse mapping config information
2024-12-09 21:49:35.791 [pool-3-thread-1] INFO  com.rs.mv.mvvs.client.catalog.manager.U2CatalogManager - [client:400202]start a schedule task to get global/local catalog for MockObject, its period 5s 
2024-12-09 21:49:35.793 [pool-3-thread-1] INFO  com.rs.mv.mvvs.client.catalog.manager.U2CatalogManager - [client:400203]cache file auto update thread launch in Generator account
2024-12-09 21:49:35.793 [pool-3-thread-1] INFO  com.rs.mv.mvvs.client.catalog.from.config.DirsConfigReader - [client:400206]parse dir config information
2024-12-09 21:49:35.794 [pool-3-thread-1] INFO  com.rs.mv.mvvs.client.catalog.from.config.MappingConfigReader - [client:400207]parse mapping config information
2024-12-09 21:49:35.794 [pool-3-thread-1] INFO  com.rs.mv.mvvs.client.catalog.manager.U2CatalogManager - [client:400202]start a schedule task to get global/local catalog for Generator, its period 5s 
2024-12-09 21:49:35.795 [pool-3-thread-1] INFO  com.rs.mv.mvvs.client.catalog.manager.U2CatalogManager - [client:400203]cache file auto update thread launch in Runtime account
2024-12-09 21:49:35.795 [pool-3-thread-1] INFO  com.rs.mv.mvvs.client.catalog.from.config.DirsConfigReader - [client:400206]parse dir config information
2024-12-09 21:49:35.795 [pool-3-thread-1] INFO  com.rs.mv.mvvs.client.catalog.from.config.MappingConfigReader - [client:400207]parse mapping config information
2024-12-09 21:49:35.796 [pool-3-thread-1] INFO  com.rs.mv.mvvs.client.catalog.manager.U2CatalogManager - [client:400202]start a schedule task to get global/local catalog for Runtime, its period 5s 
2024-12-09 21:49:35.796 [pool-3-thread-1] INFO  com.rs.mv.mvvs.client.catalog.manager.U2CatalogManager - [client:400203]cache file auto update thread launch in Logging account
2024-12-09 21:49:35.797 [pool-3-thread-1] INFO  com.rs.mv.mvvs.client.catalog.from.config.DirsConfigReader - [client:400206]parse dir config information
2024-12-09 21:49:35.797 [pool-3-thread-1] INFO  com.rs.mv.mvvs.client.catalog.from.config.MappingConfigReader - [client:400207]parse mapping config information
2024-12-09 21:49:35.798 [pool-3-thread-1] INFO  com.rs.mv.mvvs.client.catalog.manager.U2CatalogManager - [client:400202]start a schedule task to get global/local catalog for Logging, its period 5s 
2024-12-09 21:49:35.798 [pool-3-thread-1] INFO  com.rs.mv.mvvs.client.catalog.manager.U2CatalogManager - [client:400203]cache file auto update thread launch in JUnit account
2024-12-09 21:49:35.799 [pool-3-thread-1] INFO  com.rs.mv.mvvs.client.catalog.from.config.DirsConfigReader - [client:400206]parse dir config information
2024-12-09 21:49:35.799 [pool-3-thread-1] INFO  com.rs.mv.mvvs.client.catalog.from.config.MappingConfigReader - [client:400207]parse mapping config information
2024-12-09 21:49:35.800 [pool-3-thread-1] INFO  com.rs.mv.mvvs.client.catalog.manager.U2CatalogManager - [client:400202]start a schedule task to get global/local catalog for JUnit, its period 5s 
2024-12-09 21:49:35.800 [pool-3-thread-1] INFO  com.rs.mv.mvvs.client.catalog.manager.U2CatalogManager - [client:400203]cache file auto update thread launch in TeamCity account
2024-12-09 21:49:35.801 [pool-3-thread-1] INFO  com.rs.mv.mvvs.client.catalog.from.config.DirsConfigReader - [client:400206]parse dir config information
2024-12-09 21:49:35.801 [pool-3-thread-1] INFO  com.rs.mv.mvvs.client.catalog.from.config.MappingConfigReader - [client:400207]parse mapping config information
2024-12-09 21:49:35.801 [pool-3-thread-1] INFO  com.rs.mv.mvvs.client.catalog.manager.U2CatalogManager - [client:400202]start a schedule task to get global/local catalog for TeamCity, its period 5s 
2024-12-09 21:49:35.802 [pool-3-thread-1] INFO  com.rs.mv.mvvs.client.catalog.manager.U2CatalogManager - [client:400203]cache file auto update thread launch in TestDox account
2024-12-09 21:49:35.802 [pool-3-thread-1] INFO  com.rs.mv.mvvs.client.catalog.from.config.DirsConfigReader - [client:400206]parse dir config information
2024-12-09 21:49:35.802 [pool-3-thread-1] INFO  com.rs.mv.mvvs.client.catalog.from.config.MappingConfigReader - [client:400207]parse mapping config information
2024-12-09 21:49:35.803 [pool-3-thread-1] INFO  com.rs.mv.mvvs.client.catalog.manager.U2CatalogManager - [client:400202]start a schedule task to get global/local catalog for TestDox, its period 5s 
2024-12-09 21:49:35.804 [pool-3-thread-1] INFO  com.rs.mv.mvvs.client.catalog.manager.U2CatalogManager - [client:400203]cache file auto update thread launch in TestResult account
2024-12-09 21:49:35.804 [pool-3-thread-1] INFO  com.rs.mv.mvvs.client.catalog.from.config.DirsConfigReader - [client:400206]parse dir config information
2024-12-09 21:49:35.804 [pool-3-thread-1] INFO  com.rs.mv.mvvs.client.catalog.from.config.MappingConfigReader - [client:400207]parse mapping config information
2024-12-09 21:49:35.805 [pool-3-thread-1] INFO  com.rs.mv.mvvs.client.catalog.manager.U2CatalogManager - [client:400202]start a schedule task to get global/local catalog for TestResult, its period 5s 
2024-12-09 21:49:35.805 [pool-3-thread-1] INFO  com.rs.mv.mvvs.client.catalog.manager.U2CatalogManager - [client:400203]cache file auto update thread launch in Metadata account
2024-12-09 21:49:35.806 [pool-3-thread-1] INFO  com.rs.mv.mvvs.client.catalog.from.config.DirsConfigReader - [client:400206]parse dir config information
2024-12-09 21:49:35.806 [pool-3-thread-1] INFO  com.rs.mv.mvvs.client.catalog.from.config.MappingConfigReader - [client:400207]parse mapping config information
2024-12-09 21:49:35.807 [pool-3-thread-1] INFO  com.rs.mv.mvvs.client.catalog.manager.U2CatalogManager - [client:400202]start a schedule task to get global/local catalog for Metadata, its period 5s 
2024-12-09 21:49:35.807 [pool-3-thread-1] INFO  com.rs.mv.mvvs.client.catalog.manager.U2CatalogManager - [client:400203]cache file auto update thread launch in Parser account
2024-12-09 21:49:35.808 [pool-3-thread-1] INFO  com.rs.mv.mvvs.client.catalog.from.config.DirsConfigReader - [client:400206]parse dir config information
2024-12-09 21:49:35.809 [pool-3-thread-1] INFO  com.rs.mv.mvvs.client.catalog.from.config.MappingConfigReader - [client:400207]parse mapping config information
2024-12-09 21:49:35.809 [pool-3-thread-1] INFO  com.rs.mv.mvvs.client.catalog.manager.U2CatalogManager - [client:400202]start a schedule task to get global/local catalog for Parser, its period 5s 
2024-12-09 21:49:35.810 [pool-3-thread-1] INFO  com.rs.mv.mvvs.client.catalog.manager.U2CatalogManager - [client:400203]cache file auto update thread launch in Runner account
2024-12-09 21:49:35.810 [pool-3-thread-1] INFO  com.rs.mv.mvvs.client.catalog.from.config.DirsConfigReader - [client:400206]parse dir config information
2024-12-09 21:49:35.819 [pool-3-thread-1] INFO  com.rs.mv.mvvs.client.catalog.from.config.MappingConfigReader - [client:400207]parse mapping config information
2024-12-09 21:49:35.820 [pool-3-thread-1] INFO  com.rs.mv.mvvs.client.catalog.manager.U2CatalogManager - [client:400202]start a schedule task to get global/local catalog for Runner, its period 5s 
2024-12-09 21:49:35.821 [pool-3-thread-1] INFO  com.rs.mv.mvvs.client.catalog.manager.U2CatalogManager - [client:400203]cache file auto update thread launch in Baseline account
2024-12-09 21:49:35.821 [pool-3-thread-1] INFO  com.rs.mv.mvvs.client.catalog.from.config.DirsConfigReader - [client:400206]parse dir config information
2024-12-09 21:49:35.821 [pool-3-thread-1] INFO  com.rs.mv.mvvs.client.catalog.from.config.MappingConfigReader - [client:400207]parse mapping config information
2024-12-09 21:49:35.822 [pool-3-thread-1] INFO  com.rs.mv.mvvs.client.catalog.manager.U2CatalogManager - [client:400202]start a schedule task to get global/local catalog for Baseline, its period 5s 
2024-12-09 21:49:35.823 [pool-3-thread-1] INFO  com.rs.mv.mvvs.client.catalog.manager.U2CatalogManager - [client:400203]cache file auto update thread launch in GarbageCollection account
2024-12-09 21:49:35.823 [pool-3-thread-1] INFO  com.rs.mv.mvvs.client.catalog.from.config.DirsConfigReader - [client:400206]parse dir config information
2024-12-09 21:49:35.823 [pool-3-thread-1] INFO  com.rs.mv.mvvs.client.catalog.from.config.MappingConfigReader - [client:400207]parse mapping config information
2024-12-09 21:49:35.824 [pool-3-thread-1] INFO  com.rs.mv.mvvs.client.catalog.manager.U2CatalogManager - [client:400202]start a schedule task to get global/local catalog for GarbageCollection, its period 5s 
2024-12-09 21:49:35.824 [pool-3-thread-1] INFO  com.rs.mv.mvvs.client.catalog.manager.U2CatalogManager - [client:400203]cache file auto update thread launch in ResultCache account
2024-12-09 21:49:35.825 [pool-3-thread-1] INFO  com.rs.mv.mvvs.client.catalog.from.config.DirsConfigReader - [client:400206]parse dir config information
2024-12-09 21:49:35.825 [pool-3-thread-1] INFO  com.rs.mv.mvvs.client.catalog.from.config.MappingConfigReader - [client:400207]parse mapping config information
2024-12-09 21:49:35.825 [pool-3-thread-1] INFO  com.rs.mv.mvvs.client.catalog.manager.U2CatalogManager - [client:400202]start a schedule task to get global/local catalog for ResultCache, its period 5s 
2024-12-09 21:49:35.826 [pool-3-thread-1] INFO  com.rs.mv.mvvs.client.catalog.manager.U2CatalogManager - [client:400203]cache file auto update thread launch in TestResult account
2024-12-09 21:49:35.826 [pool-3-thread-1] INFO  com.rs.mv.mvvs.client.catalog.from.config.DirsConfigReader - [client:400206]parse dir config information
2024-12-09 21:49:35.827 [pool-3-thread-1] INFO  com.rs.mv.mvvs.client.catalog.from.config.MappingConfigReader - [client:400207]parse mapping config information
2024-12-09 21:49:35.880 [pool-3-thread-1] INFO  com.rs.mv.mvvs.client.catalog.manager.U2CatalogManager - [client:400202]start a schedule task to get global/local catalog for TestResult, its period 5s 
2024-12-09 21:49:35.880 [pool-3-thread-1] INFO  com.rs.mv.mvvs.client.catalog.manager.U2CatalogManager - [client:400203]cache file auto update thread launch in TextUI account
2024-12-09 21:49:35.881 [pool-3-thread-1] INFO  com.rs.mv.mvvs.client.catalog.from.config.DirsConfigReader - [client:400206]parse dir config information
2024-12-09 21:49:35.881 [pool-3-thread-1] INFO  com.rs.mv.mvvs.client.catalog.from.config.MappingConfigReader - [client:400207]parse mapping config information
2024-12-09 21:49:35.890 [pool-3-thread-1] INFO  com.rs.mv.mvvs.client.catalog.manager.U2CatalogManager - [client:400202]start a schedule task to get global/local catalog for TextUI, its period 5s 
2024-12-09 21:49:35.891 [pool-3-thread-1] INFO  com.rs.mv.mvvs.client.catalog.manager.U2CatalogManager - [client:400203]cache file auto update thread launch in Command account
2024-12-09 21:49:35.891 [pool-3-thread-1] INFO  com.rs.mv.mvvs.client.catalog.from.config.DirsConfigReader - [client:400206]parse dir config information
2024-12-09 21:49:35.892 [pool-3-thread-1] INFO  com.rs.mv.mvvs.client.catalog.from.config.MappingConfigReader - [client:400207]parse mapping config information
2024-12-09 21:49:35.892 [pool-3-thread-1] INFO  com.rs.mv.mvvs.client.catalog.manager.U2CatalogManager - [client:400202]start a schedule task to get global/local catalog for Command, its period 5s 
2024-12-09 21:49:35.893 [pool-3-thread-1] INFO  com.rs.mv.mvvs.client.catalog.manager.U2CatalogManager - [client:400203]cache file auto update thread launch in Configuration account
2024-12-09 21:49:35.893 [pool-3-thread-1] INFO  com.rs.mv.mvvs.client.catalog.from.config.DirsConfigReader - [client:400206]parse dir config information
2024-12-09 21:49:35.894 [pool-3-thread-1] INFO  com.rs.mv.mvvs.client.catalog.from.config.MappingConfigReader - [client:400207]parse mapping config information
2024-12-09 21:49:35.894 [pool-3-thread-1] INFO  com.rs.mv.mvvs.client.catalog.manager.U2CatalogManager - [client:400202]start a schedule task to get global/local catalog for Configuration, its period 5s 
2024-12-09 21:49:35.895 [pool-3-thread-1] INFO  com.rs.mv.mvvs.client.catalog.manager.U2CatalogManager - [client:400203]cache file auto update thread launch in Xml account
2024-12-09 21:49:35.895 [pool-3-thread-1] INFO  com.rs.mv.mvvs.client.catalog.from.config.DirsConfigReader - [client:400206]parse dir config information
2024-12-09 21:49:35.896 [pool-3-thread-1] INFO  com.rs.mv.mvvs.client.catalog.from.config.MappingConfigReader - [client:400207]parse mapping config information
2024-12-09 21:49:35.896 [pool-3-thread-1] INFO  com.rs.mv.mvvs.client.catalog.manager.U2CatalogManager - [client:400202]start a schedule task to get global/local catalog for Xml, its period 5s 
2024-12-09 21:49:35.897 [pool-3-thread-1] INFO  com.rs.mv.mvvs.client.catalog.manager.U2CatalogManager - [client:400203]cache file auto update thread launch in CodeCoverage account
2024-12-09 21:49:35.897 [pool-3-thread-1] INFO  com.rs.mv.mvvs.client.catalog.from.config.DirsConfigReader - [client:400206]parse dir config information
2024-12-09 21:49:35.898 [pool-3-thread-1] INFO  com.rs.mv.mvvs.client.catalog.from.config.MappingConfigReader - [client:400207]parse mapping config information
2024-12-09 21:49:35.898 [pool-3-thread-1] INFO  com.rs.mv.mvvs.client.catalog.manager.U2CatalogManager - [client:400202]start a schedule task to get global/local catalog for CodeCoverage, its period 5s 
2024-12-09 21:49:35.899 [pool-3-thread-1] INFO  com.rs.mv.mvvs.client.catalog.manager.U2CatalogManager - [client:400203]cache file auto update thread launch in Logging account
2024-12-09 21:49:35.899 [pool-3-thread-1] INFO  com.rs.mv.mvvs.client.catalog.from.config.DirsConfigReader - [client:400206]parse dir config information
2024-12-09 21:49:35.900 [pool-3-thread-1] INFO  com.rs.mv.mvvs.client.catalog.from.config.MappingConfigReader - [client:400207]parse mapping config information
2024-12-09 21:49:35.900 [pool-3-thread-1] INFO  com.rs.mv.mvvs.client.catalog.manager.U2CatalogManager - [client:400202]start a schedule task to get global/local catalog for Logging, its period 5s 
2024-12-09 21:49:35.902 [pool-3-thread-1] INFO  com.rs.mv.mvvs.client.catalog.manager.U2CatalogManager - [client:400203]cache file auto update thread launch in Migration account
2024-12-09 21:49:35.907 [pool-3-thread-1] INFO  com.rs.mv.mvvs.client.catalog.from.config.DirsConfigReader - [client:400206]parse dir config information
2024-12-09 21:49:35.908 [pool-3-thread-1] INFO  com.rs.mv.mvvs.client.catalog.from.config.MappingConfigReader - [client:400207]parse mapping config information
2024-12-09 21:49:35.908 [pool-3-thread-1] INFO  com.rs.mv.mvvs.client.catalog.manager.U2CatalogManager - [client:400202]start a schedule task to get global/local catalog for Migration, its period 5s 
2024-12-09 21:49:35.909 [pool-3-thread-1] INFO  com.rs.mv.mvvs.client.catalog.manager.U2CatalogManager - [client:400203]cache file auto update thread launch in Output account
2024-12-09 21:49:35.909 [pool-3-thread-1] INFO  com.rs.mv.mvvs.client.catalog.from.config.DirsConfigReader - [client:400206]parse dir config information
2024-12-09 21:49:35.910 [pool-3-thread-1] INFO  com.rs.mv.mvvs.client.catalog.from.config.MappingConfigReader - [client:400207]parse mapping config information
2024-12-09 21:49:35.910 [pool-3-thread-1] INFO  com.rs.mv.mvvs.client.catalog.manager.U2CatalogManager - [client:400202]start a schedule task to get global/local catalog for Output, its period 5s 
2024-12-09 21:49:35.911 [pool-3-thread-1] INFO  com.rs.mv.mvvs.client.catalog.manager.U2CatalogManager - [client:400203]cache file auto update thread launch in Default account
2024-12-09 21:49:35.912 [pool-3-thread-1] INFO  com.rs.mv.mvvs.client.catalog.from.config.DirsConfigReader - [client:400206]parse dir config information
2024-12-09 21:49:35.912 [pool-3-thread-1] INFO  com.rs.mv.mvvs.client.catalog.from.config.MappingConfigReader - [client:400207]parse mapping config information
2024-12-09 21:49:35.913 [pool-3-thread-1] INFO  com.rs.mv.mvvs.client.catalog.manager.U2CatalogManager - [client:400202]start a schedule task to get global/local catalog for Default, its period 5s 
2024-12-09 21:49:35.914 [pool-3-thread-1] INFO  com.rs.mv.mvvs.client.catalog.manager.U2CatalogManager - [client:400203]cache file auto update thread launch in ProgressPrinter account
2024-12-09 21:49:35.914 [pool-3-thread-1] INFO  com.rs.mv.mvvs.client.catalog.from.config.DirsConfigReader - [client:400206]parse dir config information
2024-12-09 21:49:35.914 [pool-3-thread-1] INFO  com.rs.mv.mvvs.client.catalog.from.config.MappingConfigReader - [client:400207]parse mapping config information
2024-12-09 21:49:35.915 [pool-3-thread-1] INFO  com.rs.mv.mvvs.client.catalog.manager.U2CatalogManager - [client:400202]start a schedule task to get global/local catalog for ProgressPrinter, its period 5s 
2024-12-09 21:49:35.915 [pool-3-thread-1] INFO  com.rs.mv.mvvs.client.catalog.manager.U2CatalogManager - [client:400203]cache file auto update thread launch in Util account
2024-12-09 21:49:35.916 [pool-3-thread-1] INFO  com.rs.mv.mvvs.client.catalog.from.config.DirsConfigReader - [client:400206]parse dir config information
2024-12-09 21:49:35.918 [pool-3-thread-1] INFO  com.rs.mv.mvvs.client.catalog.from.config.MappingConfigReader - [client:400207]parse mapping config information
2024-12-09 21:49:35.919 [pool-3-thread-1] INFO  com.rs.mv.mvvs.client.catalog.manager.U2CatalogManager - [client:400202]start a schedule task to get global/local catalog for Util, its period 5s 
2024-12-09 21:49:35.923 [pool-3-thread-1] INFO  com.rs.mv.mvvs.client.catalog.manager.U2CatalogManager - [client:400203]cache file auto update thread launch in PHP account
2024-12-09 21:49:35.924 [pool-3-thread-1] INFO  com.rs.mv.mvvs.client.catalog.from.config.DirsConfigReader - [client:400206]parse dir config information
2024-12-09 21:49:35.924 [pool-3-thread-1] INFO  com.rs.mv.mvvs.client.catalog.from.config.MappingConfigReader - [client:400207]parse mapping config information
2024-12-09 21:49:35.925 [pool-3-thread-1] INFO  com.rs.mv.mvvs.client.catalog.manager.U2CatalogManager - [client:400202]start a schedule task to get global/local catalog for PHP, its period 5s 
2024-12-09 21:49:35.925 [pool-3-thread-1] INFO  com.rs.mv.mvvs.client.catalog.manager.U2CatalogManager - [client:400203]cache file auto update thread launch in psr account
2024-12-09 21:49:35.926 [pool-3-thread-1] INFO  com.rs.mv.mvvs.client.catalog.from.config.DirsConfigReader - [client:400206]parse dir config information
2024-12-09 21:49:35.926 [pool-3-thread-1] INFO  com.rs.mv.mvvs.client.catalog.from.config.MappingConfigReader - [client:400207]parse mapping config information
2024-12-09 21:49:35.926 [pool-3-thread-1] INFO  com.rs.mv.mvvs.client.catalog.manager.U2CatalogManager - [client:400202]start a schedule task to get global/local catalog for psr, its period 5s 
2024-12-09 21:49:35.927 [pool-3-thread-1] INFO  com.rs.mv.mvvs.client.catalog.manager.U2CatalogManager - [client:400203]cache file auto update thread launch in container account
2024-12-09 21:49:35.927 [pool-3-thread-1] INFO  com.rs.mv.mvvs.client.catalog.from.config.DirsConfigReader - [client:400206]parse dir config information
2024-12-09 21:49:35.928 [pool-3-thread-1] INFO  com.rs.mv.mvvs.client.catalog.from.config.MappingConfigReader - [client:400207]parse mapping config information
2024-12-09 21:49:35.928 [pool-3-thread-1] INFO  com.rs.mv.mvvs.client.catalog.manager.U2CatalogManager - [client:400202]start a schedule task to get global/local catalog for container, its period 5s 
2024-12-09 21:49:35.929 [pool-3-thread-1] INFO  com.rs.mv.mvvs.client.catalog.manager.U2CatalogManager - [client:400203]cache file auto update thread launch in http-message account
2024-12-09 21:49:35.929 [pool-3-thread-1] INFO  com.rs.mv.mvvs.client.catalog.from.config.DirsConfigReader - [client:400206]parse dir config information
2024-12-09 21:49:35.929 [pool-3-thread-1] INFO  com.rs.mv.mvvs.client.catalog.from.config.MappingConfigReader - [client:400207]parse mapping config information
2024-12-09 21:49:35.930 [pool-3-thread-1] INFO  com.rs.mv.mvvs.client.catalog.manager.U2CatalogManager - [client:400202]start a schedule task to get global/local catalog for http-message, its period 5s 
2024-12-09 21:49:35.961 [pool-3-thread-1] INFO  com.rs.mv.mvvs.client.catalog.manager.U2CatalogManager - [client:400203]cache file auto update thread launch in log account
2024-12-09 21:49:35.962 [pool-3-thread-1] INFO  com.rs.mv.mvvs.client.catalog.from.config.DirsConfigReader - [client:400206]parse dir config information
2024-12-09 21:49:35.963 [pool-3-thread-1] INFO  com.rs.mv.mvvs.client.catalog.from.config.MappingConfigReader - [client:400207]parse mapping config information
2024-12-09 21:49:35.966 [pool-3-thread-1] INFO  com.rs.mv.mvvs.client.catalog.manager.U2CatalogManager - [client:400202]start a schedule task to get global/local catalog for log, its period 5s 
2024-12-09 21:49:35.972 [pool-3-thread-1] INFO  com.rs.mv.mvvs.client.catalog.manager.U2CatalogManager - [client:400203]cache file auto update thread launch in sabberworm account
2024-12-09 21:49:35.973 [pool-3-thread-1] INFO  com.rs.mv.mvvs.client.catalog.from.config.DirsConfigReader - [client:400206]parse dir config information
2024-12-09 21:49:35.975 [pool-3-thread-1] INFO  com.rs.mv.mvvs.client.catalog.from.config.MappingConfigReader - [client:400207]parse mapping config information
2024-12-09 21:49:35.975 [pool-3-thread-1] INFO  com.rs.mv.mvvs.client.catalog.manager.U2CatalogManager - [client:400202]start a schedule task to get global/local catalog for sabberworm, its period 5s 
2024-12-09 21:49:35.977 [pool-3-thread-1] INFO  com.rs.mv.mvvs.client.catalog.manager.U2CatalogManager - [client:400203]cache file auto update thread launch in php-css-parser account
2024-12-09 21:49:35.977 [pool-3-thread-1] INFO  com.rs.mv.mvvs.client.catalog.from.config.DirsConfigReader - [client:400206]parse dir config information
2024-12-09 21:49:35.978 [pool-3-thread-1] INFO  com.rs.mv.mvvs.client.catalog.from.config.MappingConfigReader - [client:400207]parse mapping config information
2024-12-09 21:49:35.978 [pool-3-thread-1] INFO  com.rs.mv.mvvs.client.catalog.manager.U2CatalogManager - [client:400202]start a schedule task to get global/local catalog for php-css-parser, its period 5s 
2024-12-09 21:49:35.980 [pool-3-thread-1] INFO  com.rs.mv.mvvs.client.catalog.manager.U2CatalogManager - [client:400203]cache file auto update thread launch in src account
2024-12-09 21:49:35.983 [pool-3-thread-1] INFO  com.rs.mv.mvvs.client.catalog.from.config.DirsConfigReader - [client:400206]parse dir config information
2024-12-09 21:49:35.984 [pool-3-thread-1] INFO  com.rs.mv.mvvs.client.catalog.from.config.MappingConfigReader - [client:400207]parse mapping config information
2024-12-09 21:49:35.986 [pool-3-thread-1] INFO  com.rs.mv.mvvs.client.catalog.manager.U2CatalogManager - [client:400202]start a schedule task to get global/local catalog for src, its period 5s 
2024-12-09 21:49:35.987 [pool-3-thread-1] INFO  com.rs.mv.mvvs.client.catalog.manager.U2CatalogManager - [client:400203]cache file auto update thread launch in sebastian account
2024-12-09 21:49:35.987 [pool-3-thread-1] INFO  com.rs.mv.mvvs.client.catalog.from.config.DirsConfigReader - [client:400206]parse dir config information
2024-12-09 21:49:35.988 [pool-3-thread-1] INFO  com.rs.mv.mvvs.client.catalog.from.config.MappingConfigReader - [client:400207]parse mapping config information
2024-12-09 21:49:35.988 [pool-3-thread-1] INFO  com.rs.mv.mvvs.client.catalog.manager.U2CatalogManager - [client:400202]start a schedule task to get global/local catalog for sebastian, its period 5s 
2024-12-09 21:49:35.989 [pool-3-thread-1] INFO  com.rs.mv.mvvs.client.catalog.manager.U2CatalogManager - [client:400203]cache file auto update thread launch in cli-parser account
2024-12-09 21:49:35.989 [pool-3-thread-1] INFO  com.rs.mv.mvvs.client.catalog.from.config.DirsConfigReader - [client:400206]parse dir config information
2024-12-09 21:49:35.990 [pool-3-thread-1] INFO  com.rs.mv.mvvs.client.catalog.from.config.MappingConfigReader - [client:400207]parse mapping config information
2024-12-09 21:49:35.991 [pool-3-thread-1] INFO  com.rs.mv.mvvs.client.catalog.manager.U2CatalogManager - [client:400202]start a schedule task to get global/local catalog for cli-parser, its period 5s 
2024-12-09 21:49:36.009 [pool-3-thread-1] INFO  com.rs.mv.mvvs.client.catalog.manager.U2CatalogManager - [client:400203]cache file auto update thread launch in src account
2024-12-09 21:49:36.010 [pool-3-thread-1] INFO  com.rs.mv.mvvs.client.catalog.from.config.DirsConfigReader - [client:400206]parse dir config information
2024-12-09 21:49:36.010 [pool-3-thread-1] INFO  com.rs.mv.mvvs.client.catalog.from.config.MappingConfigReader - [client:400207]parse mapping config information
2024-12-09 21:49:36.011 [pool-3-thread-1] INFO  com.rs.mv.mvvs.client.catalog.manager.U2CatalogManager - [client:400202]start a schedule task to get global/local catalog for src, its period 5s 
2024-12-09 21:49:36.011 [pool-3-thread-1] INFO  com.rs.mv.mvvs.client.catalog.manager.U2CatalogManager - [client:400203]cache file auto update thread launch in code-unit account
2024-12-09 21:49:36.012 [pool-3-thread-1] INFO  com.rs.mv.mvvs.client.catalog.from.config.DirsConfigReader - [client:400206]parse dir config information
2024-12-09 21:49:36.012 [pool-3-thread-1] INFO  com.rs.mv.mvvs.client.catalog.from.config.MappingConfigReader - [client:400207]parse mapping config information
2024-12-09 21:49:36.012 [pool-3-thread-1] INFO  com.rs.mv.mvvs.client.catalog.manager.U2CatalogManager - [client:400202]start a schedule task to get global/local catalog for code-unit, its period 5s 
2024-12-09 21:49:36.013 [pool-3-thread-1] INFO  com.rs.mv.mvvs.client.catalog.manager.U2CatalogManager - [client:400203]cache file auto update thread launch in src account
2024-12-09 21:49:36.013 [pool-3-thread-1] INFO  com.rs.mv.mvvs.client.catalog.from.config.DirsConfigReader - [client:400206]parse dir config information
2024-12-09 21:49:36.014 [pool-3-thread-1] INFO  com.rs.mv.mvvs.client.catalog.from.config.MappingConfigReader - [client:400207]parse mapping config information
2024-12-09 21:49:36.014 [pool-3-thread-1] INFO  com.rs.mv.mvvs.client.catalog.manager.U2CatalogManager - [client:400202]start a schedule task to get global/local catalog for src, its period 5s 
2024-12-09 21:49:36.015 [pool-3-thread-1] INFO  com.rs.mv.mvvs.client.catalog.manager.U2CatalogManager - [client:400203]cache file auto update thread launch in code-unit-reverse-lookup account
2024-12-09 21:49:36.015 [pool-3-thread-1] INFO  com.rs.mv.mvvs.client.catalog.from.config.DirsConfigReader - [client:400206]parse dir config information
2024-12-09 21:49:36.016 [pool-3-thread-1] INFO  com.rs.mv.mvvs.client.catalog.from.config.MappingConfigReader - [client:400207]parse mapping config information
2024-12-09 21:49:36.016 [pool-3-thread-1] INFO  com.rs.mv.mvvs.client.catalog.manager.U2CatalogManager - [client:400202]start a schedule task to get global/local catalog for code-unit-reverse-lookup, its period 5s 
2024-12-09 21:49:36.017 [pool-3-thread-1] INFO  com.rs.mv.mvvs.client.catalog.manager.U2CatalogManager - [client:400203]cache file auto update thread launch in comparator account
2024-12-09 21:49:36.017 [pool-3-thread-1] INFO  com.rs.mv.mvvs.client.catalog.from.config.DirsConfigReader - [client:400206]parse dir config information
2024-12-09 21:49:36.017 [pool-3-thread-1] INFO  com.rs.mv.mvvs.client.catalog.from.config.MappingConfigReader - [client:400207]parse mapping config information
2024-12-09 21:49:36.018 [pool-3-thread-1] INFO  com.rs.mv.mvvs.client.catalog.manager.U2CatalogManager - [client:400202]start a schedule task to get global/local catalog for comparator, its period 5s 
2024-12-09 21:49:36.018 [pool-3-thread-1] INFO  com.rs.mv.mvvs.client.catalog.manager.U2CatalogManager - [client:400203]cache file auto update thread launch in src account
2024-12-09 21:49:36.019 [pool-3-thread-1] INFO  com.rs.mv.mvvs.client.catalog.from.config.DirsConfigReader - [client:400206]parse dir config information
2024-12-09 21:49:36.020 [pool-3-thread-1] INFO  com.rs.mv.mvvs.client.catalog.from.config.MappingConfigReader - [client:400207]parse mapping config information
2024-12-09 21:49:36.020 [pool-3-thread-1] INFO  com.rs.mv.mvvs.client.catalog.manager.U2CatalogManager - [client:400202]start a schedule task to get global/local catalog for src, its period 5s 
2024-12-09 21:49:36.021 [pool-3-thread-1] INFO  com.rs.mv.mvvs.client.catalog.manager.U2CatalogManager - [client:400203]cache file auto update thread launch in complexity account
2024-12-09 21:49:36.021 [pool-3-thread-1] INFO  com.rs.mv.mvvs.client.catalog.from.config.DirsConfigReader - [client:400206]parse dir config information
2024-12-09 21:49:36.022 [pool-3-thread-1] INFO  com.rs.mv.mvvs.client.catalog.from.config.MappingConfigReader - [client:400207]parse mapping config information
2024-12-09 21:49:36.022 [pool-3-thread-1] INFO  com.rs.mv.mvvs.client.catalog.manager.U2CatalogManager - [client:400202]start a schedule task to get global/local catalog for complexity, its period 5s 
2024-12-09 21:49:36.023 [pool-3-thread-1] INFO  com.rs.mv.mvvs.client.catalog.manager.U2CatalogManager - [client:400203]cache file auto update thread launch in src account
2024-12-09 21:49:36.023 [pool-3-thread-1] INFO  com.rs.mv.mvvs.client.catalog.from.config.DirsConfigReader - [client:400206]parse dir config information
2024-12-09 21:49:36.023 [pool-3-thread-1] INFO  com.rs.mv.mvvs.client.catalog.from.config.MappingConfigReader - [client:400207]parse mapping config information
2024-12-09 21:49:36.024 [pool-3-thread-1] INFO  com.rs.mv.mvvs.client.catalog.manager.U2CatalogManager - [client:400202]start a schedule task to get global/local catalog for src, its period 5s 
2024-12-09 21:49:36.024 [pool-3-thread-1] INFO  com.rs.mv.mvvs.client.catalog.manager.U2CatalogManager - [client:400203]cache file auto update thread launch in diff account
2024-12-09 21:49:36.025 [pool-3-thread-1] INFO  com.rs.mv.mvvs.client.catalog.from.config.DirsConfigReader - [client:400206]parse dir config information
2024-12-09 21:49:36.025 [pool-3-thread-1] INFO  com.rs.mv.mvvs.client.catalog.from.config.MappingConfigReader - [client:400207]parse mapping config information
2024-12-09 21:49:36.025 [pool-3-thread-1] INFO  com.rs.mv.mvvs.client.catalog.manager.U2CatalogManager - [client:400202]start a schedule task to get global/local catalog for diff, its period 5s 
2024-12-09 21:49:36.026 [pool-3-thread-1] INFO  com.rs.mv.mvvs.client.catalog.manager.U2CatalogManager - [client:400203]cache file auto update thread launch in src account
2024-12-09 21:49:36.026 [pool-3-thread-1] INFO  com.rs.mv.mvvs.client.catalog.from.config.DirsConfigReader - [client:400206]parse dir config information
2024-12-09 21:49:36.027 [pool-3-thread-1] INFO  com.rs.mv.mvvs.client.catalog.from.config.MappingConfigReader - [client:400207]parse mapping config information
2024-12-09 21:49:36.138 [pool-3-thread-1] INFO  com.rs.mv.mvvs.client.catalog.manager.U2CatalogManager - [client:400202]start a schedule task to get global/local catalog for src, its period 5s 
2024-12-09 21:49:36.139 [pool-3-thread-1] INFO  com.rs.mv.mvvs.client.catalog.manager.U2CatalogManager - [client:400203]cache file auto update thread launch in environment account
2024-12-09 21:49:36.139 [pool-3-thread-1] INFO  com.rs.mv.mvvs.client.catalog.from.config.DirsConfigReader - [client:400206]parse dir config information
2024-12-09 21:49:36.139 [pool-3-thread-1] INFO  com.rs.mv.mvvs.client.catalog.from.config.MappingConfigReader - [client:400207]parse mapping config information
2024-12-09 21:49:36.140 [pool-3-thread-1] INFO  com.rs.mv.mvvs.client.catalog.manager.U2CatalogManager - [client:400202]start a schedule task to get global/local catalog for environment, its period 5s 
2024-12-09 21:49:36.140 [pool-3-thread-1] INFO  com.rs.mv.mvvs.client.catalog.manager.U2CatalogManager - [client:400203]cache file auto update thread launch in exporter account
2024-12-09 21:49:36.140 [pool-3-thread-1] INFO  com.rs.mv.mvvs.client.catalog.from.config.DirsConfigReader - [client:400206]parse dir config information
2024-12-09 21:49:36.141 [pool-3-thread-1] INFO  com.rs.mv.mvvs.client.catalog.from.config.MappingConfigReader - [client:400207]parse mapping config information
2024-12-09 21:49:36.143 [pool-3-thread-1] INFO  com.rs.mv.mvvs.client.catalog.manager.U2CatalogManager - [client:400202]start a schedule task to get global/local catalog for exporter, its period 5s 
2024-12-09 21:49:36.144 [pool-3-thread-1] INFO  com.rs.mv.mvvs.client.catalog.manager.U2CatalogManager - [client:400203]cache file auto update thread launch in global-state account
2024-12-09 21:49:36.179 [pool-3-thread-1] INFO  com.rs.mv.mvvs.client.catalog.from.config.DirsConfigReader - [client:400206]parse dir config information
2024-12-09 21:49:36.179 [pool-3-thread-1] INFO  com.rs.mv.mvvs.client.catalog.from.config.MappingConfigReader - [client:400207]parse mapping config information
2024-12-09 21:49:36.180 [pool-3-thread-1] INFO  com.rs.mv.mvvs.client.catalog.manager.U2CatalogManager - [client:400202]start a schedule task to get global/local catalog for global-state, its period 5s 
2024-12-09 21:49:36.181 [pool-3-thread-1] INFO  com.rs.mv.mvvs.client.catalog.manager.U2CatalogManager - [client:400203]cache file auto update thread launch in src account
2024-12-09 21:49:36.181 [pool-3-thread-1] INFO  com.rs.mv.mvvs.client.catalog.from.config.DirsConfigReader - [client:400206]parse dir config information
2024-12-09 21:49:36.181 [pool-3-thread-1] INFO  com.rs.mv.mvvs.client.catalog.from.config.MappingConfigReader - [client:400207]parse mapping config information
2024-12-09 21:49:36.182 [pool-3-thread-1] INFO  com.rs.mv.mvvs.client.catalog.manager.U2CatalogManager - [client:400202]start a schedule task to get global/local catalog for src, its period 5s 
2024-12-09 21:49:36.182 [pool-3-thread-1] INFO  com.rs.mv.mvvs.client.catalog.manager.U2CatalogManager - [client:400203]cache file auto update thread launch in lines-of-code account
2024-12-09 21:49:36.183 [pool-3-thread-1] INFO  com.rs.mv.mvvs.client.catalog.from.config.DirsConfigReader - [client:400206]parse dir config information
2024-12-09 21:49:36.183 [pool-3-thread-1] INFO  com.rs.mv.mvvs.client.catalog.from.config.MappingConfigReader - [client:400207]parse mapping config information
2024-12-09 21:49:36.183 [pool-3-thread-1] INFO  com.rs.mv.mvvs.client.catalog.manager.U2CatalogManager - [client:400202]start a schedule task to get global/local catalog for lines-of-code, its period 5s 
2024-12-09 21:49:36.184 [pool-3-thread-1] INFO  com.rs.mv.mvvs.client.catalog.manager.U2CatalogManager - [client:400203]cache file auto update thread launch in src account
2024-12-09 21:49:36.184 [pool-3-thread-1] INFO  com.rs.mv.mvvs.client.catalog.from.config.DirsConfigReader - [client:400206]parse dir config information
2024-12-09 21:49:36.185 [pool-3-thread-1] INFO  com.rs.mv.mvvs.client.catalog.from.config.MappingConfigReader - [client:400207]parse mapping config information
2024-12-09 21:49:36.185 [pool-3-thread-1] INFO  com.rs.mv.mvvs.client.catalog.manager.U2CatalogManager - [client:400202]start a schedule task to get global/local catalog for src, its period 5s 
2024-12-09 21:49:36.186 [pool-3-thread-1] INFO  com.rs.mv.mvvs.client.catalog.manager.U2CatalogManager - [client:400203]cache file auto update thread launch in object-enumerator account
2024-12-09 21:49:36.186 [pool-3-thread-1] INFO  com.rs.mv.mvvs.client.catalog.from.config.DirsConfigReader - [client:400206]parse dir config information
2024-12-09 21:49:36.187 [pool-3-thread-1] INFO  com.rs.mv.mvvs.client.catalog.from.config.MappingConfigReader - [client:400207]parse mapping config information
2024-12-09 21:49:36.188 [pool-3-thread-1] INFO  com.rs.mv.mvvs.client.catalog.manager.U2CatalogManager - [client:400202]start a schedule task to get global/local catalog for object-enumerator, its period 5s 
2024-12-09 21:49:36.189 [pool-3-thread-1] INFO  com.rs.mv.mvvs.client.catalog.manager.U2CatalogManager - [client:400203]cache file auto update thread launch in object-reflector account
2024-12-09 21:49:36.189 [pool-3-thread-1] INFO  com.rs.mv.mvvs.client.catalog.from.config.DirsConfigReader - [client:400206]parse dir config information
2024-12-09 21:49:36.190 [pool-3-thread-1] INFO  com.rs.mv.mvvs.client.catalog.from.config.MappingConfigReader - [client:400207]parse mapping config information
2024-12-09 21:49:36.190 [pool-3-thread-1] INFO  com.rs.mv.mvvs.client.catalog.manager.U2CatalogManager - [client:400202]start a schedule task to get global/local catalog for object-reflector, its period 5s 
2024-12-09 21:49:36.191 [pool-3-thread-1] INFO  com.rs.mv.mvvs.client.catalog.manager.U2CatalogManager - [client:400203]cache file auto update thread launch in recursion-context account
2024-12-09 21:49:36.191 [pool-3-thread-1] INFO  com.rs.mv.mvvs.client.catalog.from.config.DirsConfigReader - [client:400206]parse dir config information
2024-12-09 21:49:36.192 [pool-3-thread-1] INFO  com.rs.mv.mvvs.client.catalog.from.config.MappingConfigReader - [client:400207]parse mapping config information
2024-12-09 21:49:36.192 [pool-3-thread-1] INFO  com.rs.mv.mvvs.client.catalog.manager.U2CatalogManager - [client:400202]start a schedule task to get global/local catalog for recursion-context, its period 5s 
2024-12-09 21:49:36.193 [pool-3-thread-1] INFO  com.rs.mv.mvvs.client.catalog.manager.U2CatalogManager - [client:400203]cache file auto update thread launch in type account
2024-12-09 21:49:36.193 [pool-3-thread-1] INFO  com.rs.mv.mvvs.client.catalog.from.config.DirsConfigReader - [client:400206]parse dir config information
2024-12-09 21:49:36.193 [pool-3-thread-1] INFO  com.rs.mv.mvvs.client.catalog.from.config.MappingConfigReader - [client:400207]parse mapping config information
2024-12-09 21:49:36.194 [pool-3-thread-1] INFO  com.rs.mv.mvvs.client.catalog.manager.U2CatalogManager - [client:400202]start a schedule task to get global/local catalog for type, its period 5s 
2024-12-09 21:49:36.195 [pool-3-thread-1] INFO  com.rs.mv.mvvs.client.catalog.manager.U2CatalogManager - [client:400203]cache file auto update thread launch in src account
2024-12-09 21:49:36.195 [pool-3-thread-1] INFO  com.rs.mv.mvvs.client.catalog.from.config.DirsConfigReader - [client:400206]parse dir config information
2024-12-09 21:49:36.195 [pool-3-thread-1] INFO  com.rs.mv.mvvs.client.catalog.from.config.MappingConfigReader - [client:400207]parse mapping config information
2024-12-09 21:49:36.196 [pool-3-thread-1] INFO  com.rs.mv.mvvs.client.catalog.manager.U2CatalogManager - [client:400202]start a schedule task to get global/local catalog for src, its period 5s 
2024-12-09 21:49:36.196 [pool-3-thread-1] INFO  com.rs.mv.mvvs.client.catalog.manager.U2CatalogManager - [client:400203]cache file auto update thread launch in version account
2024-12-09 21:49:36.197 [pool-3-thread-1] INFO  com.rs.mv.mvvs.client.catalog.from.config.DirsConfigReader - [client:400206]parse dir config information
2024-12-09 21:49:36.197 [pool-3-thread-1] INFO  com.rs.mv.mvvs.client.catalog.from.config.MappingConfigReader - [client:400207]parse mapping config information
2024-12-09 21:49:36.197 [pool-3-thread-1] INFO  com.rs.mv.mvvs.client.catalog.manager.U2CatalogManager - [client:400202]start a schedule task to get global/local catalog for version, its period 5s 
2024-12-09 21:49:36.198 [pool-3-thread-1] INFO  com.rs.mv.mvvs.client.catalog.manager.U2CatalogManager - [client:400203]cache file auto update thread launch in setasign account
2024-12-09 21:49:36.198 [pool-3-thread-1] INFO  com.rs.mv.mvvs.client.catalog.from.config.DirsConfigReader - [client:400206]parse dir config information
2024-12-09 21:49:36.199 [pool-3-thread-1] INFO  com.rs.mv.mvvs.client.catalog.from.config.MappingConfigReader - [client:400207]parse mapping config information
2024-12-09 21:49:36.199 [pool-3-thread-1] INFO  com.rs.mv.mvvs.client.catalog.manager.U2CatalogManager - [client:400202]start a schedule task to get global/local catalog for setasign, its period 5s 
2024-12-09 21:49:36.200 [pool-3-thread-1] INFO  com.rs.mv.mvvs.client.catalog.manager.U2CatalogManager - [client:400203]cache file auto update thread launch in fpdi account
2024-12-09 21:49:36.200 [pool-3-thread-1] INFO  com.rs.mv.mvvs.client.catalog.from.config.DirsConfigReader - [client:400206]parse dir config information
2024-12-09 21:49:36.200 [pool-3-thread-1] INFO  com.rs.mv.mvvs.client.catalog.from.config.MappingConfigReader - [client:400207]parse mapping config information
2024-12-09 21:49:36.201 [pool-3-thread-1] INFO  com.rs.mv.mvvs.client.catalog.manager.U2CatalogManager - [client:400202]start a schedule task to get global/local catalog for fpdi, its period 5s 
2024-12-09 21:49:36.201 [pool-3-thread-1] INFO  com.rs.mv.mvvs.client.catalog.manager.U2CatalogManager - [client:400203]cache file auto update thread launch in src account
2024-12-09 21:49:36.202 [pool-3-thread-1] INFO  com.rs.mv.mvvs.client.catalog.from.config.DirsConfigReader - [client:400206]parse dir config information
2024-12-09 21:49:36.202 [pool-3-thread-1] INFO  com.rs.mv.mvvs.client.catalog.from.config.MappingConfigReader - [client:400207]parse mapping config information
2024-12-09 21:49:36.202 [pool-3-thread-1] INFO  com.rs.mv.mvvs.client.catalog.manager.U2CatalogManager - [client:400202]start a schedule task to get global/local catalog for src, its period 5s 
2024-12-09 21:49:36.203 [pool-3-thread-1] INFO  com.rs.mv.mvvs.client.catalog.manager.U2CatalogManager - [client:400203]cache file auto update thread launch in PdfParser account
2024-12-09 21:49:36.203 [pool-3-thread-1] INFO  com.rs.mv.mvvs.client.catalog.from.config.DirsConfigReader - [client:400206]parse dir config information
2024-12-09 21:49:36.204 [pool-3-thread-1] INFO  com.rs.mv.mvvs.client.catalog.from.config.MappingConfigReader - [client:400207]parse mapping config information
2024-12-09 21:49:36.204 [pool-3-thread-1] INFO  com.rs.mv.mvvs.client.catalog.manager.U2CatalogManager - [client:400202]start a schedule task to get global/local catalog for PdfParser, its period 5s 
2024-12-09 21:49:36.205 [pool-3-thread-1] INFO  com.rs.mv.mvvs.client.catalog.manager.U2CatalogManager - [client:400203]cache file auto update thread launch in PdfReader account
2024-12-09 21:49:36.205 [pool-3-thread-1] INFO  com.rs.mv.mvvs.client.catalog.from.config.DirsConfigReader - [client:400206]parse dir config information
2024-12-09 21:49:36.205 [pool-3-thread-1] INFO  com.rs.mv.mvvs.client.catalog.from.config.MappingConfigReader - [client:400207]parse mapping config information
2024-12-09 21:49:36.206 [pool-3-thread-1] INFO  com.rs.mv.mvvs.client.catalog.manager.U2CatalogManager - [client:400202]start a schedule task to get global/local catalog for PdfReader, its period 5s 
2024-12-09 21:49:36.206 [pool-3-thread-1] INFO  com.rs.mv.mvvs.client.catalog.manager.U2CatalogManager - [client:400203]cache file auto update thread launch in symfony account
2024-12-09 21:49:36.214 [pool-3-thread-1] INFO  com.rs.mv.mvvs.client.catalog.from.config.DirsConfigReader - [client:400206]parse dir config information
2024-12-09 21:49:36.214 [pool-3-thread-1] INFO  com.rs.mv.mvvs.client.catalog.from.config.MappingConfigReader - [client:400207]parse mapping config information
2024-12-09 21:49:36.237 [pool-3-thread-1] INFO  com.rs.mv.mvvs.client.catalog.manager.U2CatalogManager - [client:400202]start a schedule task to get global/local catalog for symfony, its period 5s 
2024-12-09 21:49:36.238 [pool-3-thread-1] INFO  com.rs.mv.mvvs.client.catalog.manager.U2CatalogManager - [client:400203]cache file auto update thread launch in theseer account
2024-12-09 21:49:36.238 [pool-3-thread-1] INFO  com.rs.mv.mvvs.client.catalog.from.config.DirsConfigReader - [client:400206]parse dir config information
2024-12-09 21:49:36.238 [pool-3-thread-1] INFO  com.rs.mv.mvvs.client.catalog.from.config.MappingConfigReader - [client:400207]parse mapping config information
2024-12-09 21:49:36.239 [pool-3-thread-1] INFO  com.rs.mv.mvvs.client.catalog.manager.U2CatalogManager - [client:400202]start a schedule task to get global/local catalog for theseer, its period 5s 
2024-12-09 21:49:36.240 [pool-3-thread-1] INFO  com.rs.mv.mvvs.client.catalog.manager.U2CatalogManager - [client:400203]cache file auto update thread launch in tokenizer account
2024-12-09 21:49:36.240 [pool-3-thread-1] INFO  com.rs.mv.mvvs.client.catalog.from.config.DirsConfigReader - [client:400206]parse dir config information
2024-12-09 21:49:36.240 [pool-3-thread-1] INFO  com.rs.mv.mvvs.client.catalog.from.config.MappingConfigReader - [client:400207]parse mapping config information
2024-12-09 21:49:36.241 [pool-3-thread-1] INFO  com.rs.mv.mvvs.client.catalog.manager.U2CatalogManager - [client:400202]start a schedule task to get global/local catalog for tokenizer, its period 5s 
2024-12-09 21:49:36.241 [pool-3-thread-1] INFO  com.rs.mv.mvvs.client.catalog.manager.U2CatalogManager - [client:400203]cache file auto update thread launch in writable account
2024-12-09 21:49:36.241 [pool-3-thread-1] INFO  com.rs.mv.mvvs.client.catalog.from.config.DirsConfigReader - [client:400206]parse dir config information
2024-12-09 21:49:36.242 [pool-3-thread-1] INFO  com.rs.mv.mvvs.client.catalog.from.config.MappingConfigReader - [client:400207]parse mapping config information
2024-12-09 21:49:36.242 [pool-3-thread-1] INFO  com.rs.mv.mvvs.client.catalog.manager.U2CatalogManager - [client:400202]start a schedule task to get global/local catalog for writable, its period 5s 
2024-12-09 21:49:36.244 [pool-3-thread-1] INFO  com.rs.mv.mvvs.rmv.documentation.BasicDocumentation - [framework:30020101]documentation load start
2024-12-09 21:49:36.245 [pool-3-thread-1] INFO  com.rs.mv.mvvs.rmv.documentation.reader.SystemDocReader - [framework:30020102]system documentation path: /documentation/UNIVERSE/
2024-12-09 21:49:36.245 [pool-3-thread-1] INFO  com.rs.mv.mvvs.rmv.documentation.reader.ProjectDocReader - [framework:30020103]project documentation brief file: custom.json
2024-12-09 21:49:36.246 [pool-3-thread-1] INFO  com.rs.mv.mvvs.rmv.documentation.reader.UserDocReader - [framework:30020104]user documentation brief file: C:\Users\lenovo\documentation\UNIVERSE\custom.json
2024-12-09 21:49:36.405 [pool-3-thread-1] INFO  com.rs.mv.mvvs.rmv.documentation.BasicDocumentation - [framework:30020105]documentation load end
2024-12-09 21:49:36.409 [pool-3-thread-1] INFO  com.rs.mv.mvvs.common.convertor.ConvertorManager - [framework:30030101]convertors for folder(*) load start
2024-12-09 21:49:36.410 [pool-3-thread-1] INFO  com.rs.mv.mvvs.common.convertor.ConvertorManager - [framework:30030102]comment convertor load finish
2024-12-09 21:49:36.434 [pool-3-thread-1] INFO  com.rs.mv.mvvs.common.convertor.ConvertorManager - [framework:30030103]keyword convertor load finish
2024-12-09 21:49:36.442 [pool-3-thread-1] INFO  com.rs.mv.mvvs.common.convertor.ConvertorManager - [framework:30030104]operator convertor load finish
2024-12-09 21:49:36.442 [pool-3-thread-1] INFO  com.rs.mv.mvvs.common.convertor.ConvertorManager - [framework:30030105]function name convertor load finish
2024-12-09 21:49:36.442 [pool-3-thread-1] INFO  com.rs.mv.mvvs.common.convertor.ConvertorManager - [framework:30030106]atVariable convertor load finish
2024-12-09 21:49:36.442 [pool-3-thread-1] INFO  com.rs.mv.mvvs.common.convertor.ConvertorManager - [framework:30030107]convertors for folder(*) load end
2024-12-09 21:49:36.443 [pool-3-thread-1] INFO  com.rs.mv.mvvs.client.catalog.manager.U2CatalogManager - [client:400203]cache file auto update thread launch in ... account
2024-12-09 21:49:36.443 [pool-3-thread-1] INFO  com.rs.mv.mvvs.client.catalog.from.config.DirsConfigReader - [client:400206]parse dir config information
2024-12-09 21:49:36.443 [pool-3-thread-1] INFO  com.rs.mv.mvvs.client.catalog.from.config.MappingConfigReader - [client:400207]parse mapping config information
2024-12-09 21:49:36.444 [pool-3-thread-1] INFO  com.rs.mv.mvvs.client.catalog.manager.U2CatalogManager - [client:400202]start a schedule task to get global/local catalog for ..., its period 5s 
2024-12-09 21:49:36.460 [pool-3-thread-1] INFO  com.rs.mv.mvvs.client.account.handler.ServerAccountHandler - [client:40010104]load server account: Account{name=jiti, path=C:/xampp/htdocs/Web_Denamique_TPs/Projet_Pharmcie/node_modules/jiti, type=PREDICT}
Account{name=fs.scandir, path=C:/xampp/htdocs/Web_Denamique_TPs/Projet_Pharmcie/node_modules/@nodelib/fs.scandir, type=PREDICT}
Account{name=Honeypot, path=C:/xampp/htdocs/Web_Denamique_TPs/Projet_Pharmcie/vendor/codeigniter4/framework/system/Honeypot, type=PREDICT}
Account{name=mpdf, path=C:/xampp/htdocs/Web_Denamique_TPs/Projet_Pharmcie/vendor/mpdf/mpdf, type=PREDICT}
Account{name=errors, path=C:/xampp/htdocs/Web_Denamique_TPs/Projet_Pharmcie/vendor/codeigniter4/framework/app/Views/errors, type=PREDICT}
Account{name=TestDox, path=C:/xampp/htdocs/Web_Denamique_TPs/Projet_Pharmcie/vendor/phpunit/phpunit/src/Logging/TestDox, type=PREDICT}
Account{name=JUnit, path=C:/xampp/htdocs/Web_Denamique_TPs/Projet_Pharmcie/vendor/phpunit/phpunit/src/Logging/JUnit, type=PREDICT}
Account{name=ymodules, path=C:/xampp/htdocs/Web_Denamique_TPs/Projet_Pharmcie/node_modules/resolve/test/module_dir/ymodules, type=PREDICT}
Account{name=fakerphp, path=C:/xampp/htdocs/Web_Denamique_TPs/Projet_Pharmcie/vendor/fakerphp, type=PREDICT}
Account{name=src, path=C:/xampp/htdocs/Web_Denamique_TPs/Projet_Pharmcie/vendor/sebastian/complexity/src, type=PREDICT}
Account{name=src, path=C:/xampp/htdocs/Web_Denamique_TPs/Projet_Pharmcie/vendor/sebastian/code-unit/src, type=PREDICT}
Account{name=TeamCity, path=C:/xampp/htdocs/Web_Denamique_TPs/Projet_Pharmcie/vendor/phpunit/phpunit/src/Logging/TeamCity, type=PREDICT}
Account{name=ResultCache, path=C:/xampp/htdocs/Web_Denamique_TPs/Projet_Pharmcie/vendor/phpunit/phpunit/src/Runner/ResultCache, type=PREDICT}
Account{name=isexe, path=C:/xampp/htdocs/Web_Denamique_TPs/Projet_Pharmcie/node_modules/isexe, type=PREDICT}
Account{name=quux, path=C:/xampp/htdocs/Web_Denamique_TPs/Projet_Pharmcie/node_modules/resolve/test/resolver/quux, type=PREDICT}
Account{name=esm, path=C:/xampp/htdocs/Web_Denamique_TPs/Projet_Pharmcie/node_modules/sucrase/dist/esm, type=PREDICT}
Account{name=resolver, path=C:/xampp/htdocs/Web_Denamique_TPs/Projet_Pharmcie/node_modules/resolve/test/resolver, type=PREDICT}
Account{name=lib, path=C:/xampp/htdocs/Web_Denamique_TPs/Projet_Pharmcie/vendor/nikic/php-parser/lib, type=PREDICT}
Account{name=picomatch, path=C:/xampp/htdocs/Web_Denamique_TPs/Projet_Pharmcie/node_modules/picomatch, type=PREDICT}
Account{name=refs, path=C:/xampp/htdocs/Web_Denamique_TPs/Projet_Pharmcie/.git/logs/refs, type=PREDICT}
Account{name=..., path=..., type=PREDICT}
2024-12-09 21:49:36.460 [pool-3-thread-1] INFO  com.rs.mv.mvvs.client.account.AccountManager - [client:40010105]load account manager finish
2024-12-09 21:49:36.462 [pool-3-thread-1] INFO  com.rs.mv.mvvs.instance.userspace.UserspaceManager - [framework:30010402]config file(C:\Users\lenovo/.rmv/config) watcher launch successful
2024-12-09 21:58:46.560 [pool-3-thread-1] INFO  com.rs.mv.mvvs.client.catalog.from.scan.CurrentPathScanner - [client:400205]scan file in current open file directory(C:/xampp/htdocs/Web_Denamique_TPs/Projet_Pharmcie)
2024-12-09 21:59:28.518 [pool-3-thread-1] INFO  com.rs.mv.mvvs.client.catalog.from.scan.CurrentPathScanner - [client:400205]scan file in current open file directory(C:/xampp/htdocs/Web_Denamique_TPs/Projet_Pharmcie)
2024-12-09 22:18:27.012 [pool-3-thread-1] INFO  com.rs.mv.mvvs.client.catalog.from.scan.CurrentPathScanner - [client:400205]scan file in current open file directory(C:/xampp/htdocs/Web_Denamique_TPs/Projet_Pharmcie)
2024-12-09 22:18:55.056 [pool-3-thread-1] INFO  com.rs.mv.mvvs.client.catalog.from.scan.CurrentPathScanner - [client:400205]scan file in current open file directory(C:/xampp/htdocs/Web_Denamique_TPs/Projet_Pharmcie)
2024-12-09 22:18:59.388 [pool-3-thread-1] INFO  com.rs.mv.mvvs.client.catalog.from.scan.CurrentPathScanner - [client:400205]scan file in current open file directory(C:/xampp/htdocs/Web_Denamique_TPs/Projet_Pharmcie)
2024-12-09 22:19:33.240 [pool-3-thread-1] INFO  com.rs.mv.mvvs.client.catalog.from.scan.CurrentPathScanner - [client:400205]scan file in current open file directory(C:/xampp/htdocs/Web_Denamique_TPs/Projet_Pharmcie)
2024-12-09 22:19:45.819 [pool-3-thread-1] INFO  com.rs.mv.mvvs.client.catalog.from.scan.CurrentPathScanner - [client:400205]scan file in current open file directory(C:/xampp/htdocs/Web_Denamique_TPs/Projet_Pharmcie)
2024-12-09 22:20:19.141 [pool-3-thread-1] INFO  com.rs.mv.mvvs.client.catalog.from.scan.CurrentPathScanner - [client:400205]scan file in current open file directory(C:/xampp/htdocs/Web_Denamique_TPs/Projet_Pharmcie)
2024-12-09 22:20:38.096 [pool-3-thread-1] INFO  com.rs.mv.mvvs.client.catalog.from.scan.CurrentPathScanner - [client:400205]scan file in current open file directory(C:/xampp/htdocs/Web_Denamique_TPs/Projet_Pharmcie)
2024-12-09 22:21:28.858 [pool-3-thread-1] INFO  com.rs.mv.mvvs.client.catalog.from.scan.CurrentPathScanner - [client:400205]scan file in current open file directory(C:/xampp/htdocs/Web_Denamique_TPs/Projet_Pharmcie)
2024-12-09 22:22:03.631 [pool-3-thread-1] INFO  com.rs.mv.mvvs.client.catalog.from.scan.CurrentPathScanner - [client:400205]scan file in current open file directory(C:/xampp/htdocs/Web_Denamique_TPs/Projet_Pharmcie)
2024-12-09 22:23:50.966 [pool-3-thread-1] INFO  com.rs.mv.mvvs.client.catalog.from.scan.CurrentPathScanner - [client:400205]scan file in current open file directory(C:/xampp/htdocs/Web_Denamique_TPs/Projet_Pharmcie)
2024-12-09 22:24:06.134 [pool-3-thread-1] INFO  com.rs.mv.mvvs.client.catalog.from.scan.CurrentPathScanner - [client:400205]scan file in current open file directory(C:/xampp/htdocs/Web_Denamique_TPs/Projet_Pharmcie)
2024-12-09 22:24:22.114 [pool-3-thread-1] INFO  com.rs.mv.mvvs.client.catalog.from.scan.CurrentPathScanner - [client:400205]scan file in current open file directory(C:/xampp/htdocs/Web_Denamique_TPs/Projet_Pharmcie)
2024-12-09 22:24:30.371 [pool-3-thread-1] INFO  com.rs.mv.mvvs.client.catalog.from.scan.CurrentPathScanner - [client:400205]scan file in current open file directory(C:/xampp/htdocs/Web_Denamique_TPs/Projet_Pharmcie)
2024-12-09 22:24:33.629 [pool-3-thread-1] INFO  com.rs.mv.mvvs.client.catalog.from.scan.CurrentPathScanner - [client:400205]scan file in current open file directory(C:/xampp/htdocs/Web_Denamique_TPs/Projet_Pharmcie)
2024-12-09 22:24:37.231 [pool-3-thread-1] INFO  com.rs.mv.mvvs.client.catalog.from.scan.CurrentPathScanner - [client:400205]scan file in current open file directory(C:/xampp/htdocs/Web_Denamique_TPs/Projet_Pharmcie)
2024-12-09 22:24:40.571 [pool-3-thread-1] INFO  com.rs.mv.mvvs.client.catalog.from.scan.CurrentPathScanner - [client:400205]scan file in current open file directory(C:/xampp/htdocs/Web_Denamique_TPs/Projet_Pharmcie)
2024-12-09 22:24:56.885 [pool-3-thread-1] INFO  com.rs.mv.mvvs.client.catalog.from.scan.CurrentPathScanner - [client:400205]scan file in current open file directory(C:/xampp/htdocs/Web_Denamique_TPs/Projet_Pharmcie)
2024-12-09 22:24:59.665 [pool-3-thread-1] INFO  com.rs.mv.mvvs.client.catalog.from.scan.CurrentPathScanner - [client:400205]scan file in current open file directory(C:/xampp/htdocs/Web_Denamique_TPs/Projet_Pharmcie)
